erekene,UC4HAyoQUXnYnmhl8ku6eWkQ
Ton VerÃ¤ndert,UC6keA1dPKtT6QxSJVY8QKuA
CreepyPastaPunch,UC8-Zn9fSzfnGcJc83OKAgeA
City Planner Plays,UC8WAaaW2FnctRI9coYJoUdA
HandOfBlood,UC9YTp5M6yYgSd6t0SeL2GQw
Best of HandOfBlood,UC9s_K9QV3zWs2PI8N5vsVng
weltraumranger,UCAWaO4SikyINHvbP4qvtDpQ
HandOfUncut,UCCJ-NJtqLQRxuaxHZA9q6zg
Steimles Welt,UCIJj1YP0E-EhdMI7a7BDgVQ
Senioren Zocken,UCLwZDUuQ7HpVA-QBE9fFdhQ
KeysJore,UCOTyb6e_v9cz2Bu7VzFW7tg
Herr Anwalt,UCOfQ0nZG7YClwNSaL-xULKQ
Paluten,UCOzqhzAIw4JTJIMkDTfLnkg
OMA GEHT STEIL ðŸš€,UCQ3gN6yTfrlmDFbe-WGUVZg
Fritz Meinecke,UCSyAFJ6cmgYabA0RfPCNuzA
IShowSpeed,UCWsDFcIhY2DBi3GB5uykGXA
MrWissen2go,UCZHpIFMfoJJ_1QxNGLJTzyA
Herr Steif,UCabhcyJMTO2xOoRJtMiIUDQ
Project Kamp,UCcGXEidw0qjNdq7Gii8gHgg
GermanLetsPlay,UCfWtqPyBMG_7i33OeeNsZZw
Gleggmire,UCgDJZ9c94TFiw83x3wuNcFg
Jacqueline,UCjmS9iGn6eViymeJ_MCSmBg
TrashCountryMapping ,UCjrzDllkG0TOC-btFHt3Vog
Herr Steif,UCkqyp5pcSnsJ-kRCPRHO8bQ
TommyKay,UCl-9FxBYUjsIsC_FASvhymw
Bundeswehr,UClCZul-nK9h8eVo7REC7RGA
laserluca,UCmxc6kXbU1J-0pR2F3wIx9A
LUCREW,UCnGzJIUgwZmvixL5WzxIwbg
Peter Creutzburg,UCnRSuw1aOitbCOgo8kpJBLg
Beam,UCp56TyePXVBOaMIsCl1dYyQ
SpontanaBlack,UCppK6hGo5L-dmrryG5T0K0Q
SwinceBall,UCqSl9EYLGN8okNaavs7kmVQ
Freshtorge,UCr3LVdbgOcW4NZEpo0VHnxw
Noodlecat,UCrXWVq3CphAxUsxsN5AlHQw
Colonel Cam,UCroRq_2nLagprhJBMuNeE4w
Knossi,UCtckLvYloMnsey8E5qTwWwA
Phil Laude,UCwCpW0IbR0Z2WJryfENq7jw
SurvivalMattin,UCyQAraT4FYcXgnUTLOj796Q
Manamour,UCzoGcT4RXDR4dCEwfHsbrYw
