Disrupt,UC-7nELDbJEPF3muAzSeT74g
Alan Aztec,UC-_3NleHqOgWptV4ewKG9hA
Mac Address,UC0KfjyvabuE2J-RBC6ko2Lw
PXTER GRiFFZ,UC0RZg4NXGtCa2aTSvEt_sPg
anything4views,UC0kYGyq4kzEAoolkOA6JhAA
ThatGuyFromCollege,UC1FEXU_DWnVnJEx-qroTJpg
CS Ghost Animation,UC1rf511TyJlFICTvOZhHo1w
KRUGSTON,UC28dly7fFiPlISI-0AE-fbw
Kwite,UC2V1ul4ul85kac0Y81wXTqQ
Bub Games 2,UC2yanF2U8TQPlZFkWn4acig
Aztrosist,UC3HjOlfXBQJO12-YhumbJCg
James Lee (Animation),UC3XI0MtMTgqauxFS3Umi5Eg
Hamon Beat,UC3i5vvIhzN7spFp9eqqXJXQ
Andrei Terbea,UC3iNdSV_RQU7DHTGpqEW96w
ADawgNamedDaniel,UC3khCV_8NlgJRBL-aazczWA
Aldrahill,UC4CmJdaG6Vq5IFe_RUPsiPw
RDCworld1,UC4G10tk3AHFuyMIuD3rHOBA
Scott The Woz,UC4rqhyiTs7XyuODcECvuiiQ
Wavy Ryan,UC5fU7mRseM_dwe6LW2ZTmZg
Sleep Deprived,UC5qqBFOKTNAzIyE4g3SvuwQ
Weest,UC61qCGl383-RjaQAYWNogzQ
Gustav Nordqvist,UC6gqDfDUryoQajby71ri4Uw
Vsauce,UC6nSFpj9HTCZ5t-N3Rm3-HA
JobbytheHong,UC70F5cxWj0AeZfbbjJg-eGg
TGG,UC72PuhDwKtZ5MikpGNhPAtA
Markiplier,UC7_YxT-KID8kRbqZo7MyscQ
Saturn Cat,UC7wEv5CrhB3gze4JBxExO_A
HeyyItsKris 2,UC8E74oolJFNflZRfpoVJMtQ
IJustWantToBeCool,UC8ZzDv6zN_GgZu8OLGhCtFw
cheezorg,UCAM8IQy2B204rZpvs3sp_6g
Gattsu,UCCCmapQ-VnHWNZlK1Jdnalg
Sonic the Hedgehog,UCCOSYITWQHRSUxvlQ4_PSCg
TheFinnishBolshevik,UCCvdjsJtifsZoShjcAAHZpA
Tery,UCDJb_Gw6DdD8f9OfOf66DLg
Pálmi island suger,UCDpPVJYJhcAHiAHr-sJahcg
Sweden,UCDxRH_wOCO1LDcQlK3F8_HA
Apple,UCE_M8A5yxnLfW0KghEeajjw
BoxmanBuilds,UCEboEzn16bNGfsVIQli0S8w
Glarses,UCFtOX-21N1earf-K58C7HjQ
stakuyi,UCG70W3nzRJ2ILbL8orxkBJQ
JJ Olatunji,UCGmnsW623G1r-Chmo5RB4Yw
JaidenAnimations,UCGwu0nbY2wSkW8N-cghnLpA
HeyyItsKris,UCH-ub58cTVemQ-Uyd8cSF5g
Red Pen,UCH83Eu71r06OtkXRDfnh1Eg
LSLGaming,UCHKGMixAODYJ4cSXdzjadyA
Curt Who Games,UCIPG0qEQN6PnKoTNnlH-hxQ
GenieYT,UCIiVrzDAvggP3-Aws69pV0Q
Twice,UCJ3VlIKxmiOYPivyCb0bCwg
maxmoefoetwo,UCKQFFUBLNh0bCLY21ST8MWQ
Dumbsville,UCLhoj8ijqBVymbVD48hhQIQ
Degenerocity,UCMr1lqB1oN3-cYf6cj6-v-A
ISSBROKIE!,UCNon0HGcyBRmBd7Cnz658hQ
kanashiipanda,UCNqLqWJiHwspDRPtJCOqlEQ
gameranx,UCNvzD7Z-g64bPXxGzaQaa4g
Airflow,UCOrHb1RQum4hfYKIrYY6hpA
R Λ Z Ξ R,UCOsLfEqAwim8MFOhPddwwFw
Nick Robinson (Babylonian),UCOuddH5GyBXp-_tv_ASdp_A
Hakim,UCPPZoYsfoSekIpLcz9plX1Q
Slimecicle,UCQmzgjEb7X6--w7CSE1erJg
Chipflake,UCRE6itj4Jte4manQEu3Y7OA
The Spiffing Brit,UCRHXUZ0BxbkU2MYZgsuFgkQ
EUPHXRIA,UCRvgE1OPtVHBYULm7AEDMnA
Critical,UCSAvUH7OqLS15edNLTxPfeA
James White,UCSH5W0hNrgpZio5wgB4Sezg
ChemicalMind,UCSNJ7qOtly4WLNKMexDI_Lg
GamingTaylor,UCTjrsQgjZmBzYzWaAh0zI3Q
blameitonjorge,UCU3oAyhHDXjgbxazqOEG2UA
TVD360,UCUs94kZikBWQRDNhcl5D3Yw
Elizabete,UCVHJ6o-434c8CiBvK9NfIeg
apandah,UCVQ9S8LoggEepxMYDiRpeeg
KSI,UCVtFOytbRpEvzLjvqGG5gxQ
TheRelaxingEnd,UCWVuy4NPohItH9-Gr7e8wqw
ohnepixel raw,UCWX7tzz1JJVc2Usx0BRn1Cg
Uppdrag: Mat,UCXAjub1yM01dqjgJRG1nvsQ
nate,UCXtQD62DjgY7jNFzrlnYcwA
Linus Tech Tips,UCXuqSBlHAE6Xw-yeJA0Tunw
Mark Rober,UCY1kMZp36IQSyNx_9h4mpCg
Sneezy Gaming,UCYBe6KoNChGKnN9hfp_IauA
Apple Support,UCYFQ33UIPERYx8-ZHucZbDA
さたぱんP,UCYQ20cfQReX8xo2E3KA7tew
jacksepticeye,UCYzPXprvl5Y-Sf0g4vX-m6g
real gymnasiet kobalt,UCZNlisFJICW34jtVRMTarJA
Spookston,UCZjp01JbF-hCWlaDWi1zKbA
dima_aimbots,UCZxARTFK_HfPftwb-TqDSvg
GenoSamuel2.1,UC_3pplzbKMZsP5zBH_6SVJQ
Boy Boy,UC_S45UpAYVuc0fYEcHN9BVQ
Dayerteq,UC_dciyIVZ2-ayV3v20C6etA
Lil Nas X,UC_uMv3bNXwapHl8Dzf2p01Q
Corax,UCa_Mp1VOHiZLwmuQQPbdT4g
First Thought,UCb5CyUGW_tODKqsOknphG-A
Jay Foreman,UCbbQalJ4OaC0oQ0AqRaOJ9g
FUNKe,UCd-qVRcjoK9zjtDs_LRxSmw
WhistlinDiesel,UCdqp0KK_Io7TwK5cJMBvB0Q
Saberspark,UCeGGpOehPGG7vQMUVc7tG8Q
YOU TUBE,UCeXXMweZSMrNEuvBMuMTUXQ
ChrisFix,UCes1EvRjcKU4sY_UEavndBw
Gorillaz,UCfIXdjDQH9Fau7y99_Orpjw
Cold Ones,UCfbnTUxUech4P1XgYUwYuKA
Politsturm International,UCfix0TWJgJdBvdsAtXKfG3A
UVersusPro,UCfl2oad92BwBMsZV7ztVtkA
Maykit,UCftDCHPxPQiEj3MJPgZmsYg
Waffle,UCfuZA68Gsgur8xGNcf2HnfQ
Apple Explained,UCfw2hvuj40AChU7n-N-PRHA
Valve,UCg0FSqPeiGD_lIiPaaAehQg
wingedwolf94,UCgIZQRlBlov5sAIJ59ulbpg
chillysu,UCgVQuiB8KDoNoEDRwreZ7jA
Jason Unruhe,UCgr5cilTJPILaRYS7f_TkVA
iSorrow,UCgvaWsBzNEox0PES4qBwHxw
MonteFjanton,UCgx6eYFKdcaHIq2B6zgwsyw
TechSource,UChIZGfcnjHI0DG4nweWEduw
REVOLUTIONARY FORCE,UChOXlk2u1DNwVUnli9EnNrw
LeeHarrisEnergy,UChi8D8p41lA7ng4alum6J5Q
JumboPixel,UCiM2-cXu3Bbg5VrJlsK50PA
FaZe Rug,UCilwZiBBfI9X6yiZRzWty8Q
Hacksmith Industries,UCjgpFI5dU-D1-kh9H1muoxQ
Bub Games,UCk6mN7s3Orj0LbmHdzVg05A
Omer,UCkOrj2OsI5c3YA3fBZR3eNw
JayzTwoCents,UCkWQ0gDrqOCarmUKmppD7GQ
Goldec,UCkzqKEUNVR0vPytcw0lVOaQ
TommyKay,UCl-9FxBYUjsIsC_FASvhymw
Spooky Scary Socialist,UCl_A_42M6kvjH8Gr-rwfCUw
DShakey,UClgtbY1oe0rHQorJqKBI40Q
China Zone - English,UClvEgMB1W6pJ88Sej_JNMcA
Johnny Harris,UCmGSJVG3mCRXVOP4yZrU1Dw
iSorrowproductions,UCmKdqsvmV6e7Pwy7N2PMnnA
Scott's Stash,UCmm3qhYkdW699stV_28TQpw
3kliksphilip,UCmu9PVIZBk-ZCi-Sk2F2utA
Domics,UCn1XB-jvmd9fXMzhiA6IR0w
VICE,UCn8zNIfYAQNdrFRrr8oibKw
maxmoefoe,UCny_vGt2N7_QJ5qBOAHxlcw
Genuine,UCo98JkkSmM2EGm-ywEW7LFw
Kai Cenat,UCoEmptob-eEGKk18c2VplJg
Jake Tran,UCoOjH8D2XAgjzQlneM2W0EQ
Shadok,UCob2SKILOgz_nfAuO74IUZw
colinfurze,UCp68_FLety0O-n9QU6phsgw
apandahLIVE,UCpTq2G_8syyzZurV2KDYMOA
What If,UCphTF9wHwhCt-BzIq-s4V-g
theRadBrad,UCpqXJOEqGS-TCnazcHCo0rA
TJRH,UCpwoazr-QM46Q53jvlGmqYg
Radiohead,UCq19-LqvG35A-30oyAiPiqA
SwinceBall,UCqSl9EYLGN8okNaavs7kmVQ
OddNub,UCrVnc0a3IJtoQXXsZUP_eIA
Colonel Cam,UCroRq_2nLagprhJBMuNeE4w
Deji,UCrqsNpKuDQZreGaxBL_a5Jg
Kanye West,UCs6eXM7s8Vl5WcECcRHc2qQ
YUGOPNIK,UCs8mbJ-M142ZskR5VR0gBig
"Tyler, The Creator",UCsQBsZJltmLzlsJNG7HevBg
videogamedunkey,UCsvn_Po0SmunchJYOWpOxMg
Michael Reeves,UCtHaxi4GTYDpJgMSGy7AeSw
Жирнослав,UCtJ9pfcZiMkAryjs7EnEuug
coy,UCtVGMIBMaLuDHsDUqGwEpnA
Uncle Dane,UCu0PSyLD5p_J5osLk5UD0pw
Little Big,UCu7TZ_ATWgjgD9IrNLdnYDA
Kaleb I.A.,UCuAOvzAcwS1IKxP1pwvcokQ
kristibbs,UCuai1OeyZm_hT_Wp_d23fqQ
Death Grips,UCuq1H-HXWoW4JL-hX5bWxzw
Alex The Rambler!,UCvB0kD6-i5wmZWmj0p3KWCw
JiDion,UCvj3hNvwrEgTRkeut7_cBAQ
MegaLag,UCwhB8cJTSLxyubnKSS-PLJg
Vsauce3,UCwmFOfFuvRPI112vR5DNnrA
FLESH SIMULATOR,UCxSwqqnJp9HsW0hBrHcp1FQ
GDF,UCylNpQCufmDdAhs8CdLmUXQ
WeestLIVE,UCyoTx1r73CyleIdd-pfHzGQ
ElleMazz,UCzCK-vmasO6gVvlTe-PcgDA
maxmoefoePokemon,UCzPIY9Z0kRrJStr-5tbTjEQ
コウキ,UCzaLoSwK1F5gFJ_5b1xLe5A
Vivziepop,UCzfyYtgvkx5mLy8nlLlayYg
