Beeg,UC-2Ta2xckxuItxW7lz8V8cQ
Joe Scott,UC-2YHgc363EdcusLIBbgxzg
Tranium,UC-8-F2CqlSXDNrDkDjmih2A
PewDiePie,UC-lHJZR3Gqxm24_Vd_AJ5Yw
noclick,UC-v4twgwLR4p-g0mihJsLCw
Flu TV,UC-xTvXTm-lrLWYk308-Km3A
Cinemassacre,UC0M0rxSz3IF0CsSour1iWmw
Neo & Toprak,UC0Mlls1-bCBxyQqXPk_Q6vQ
albert_cancook,UC0NkSnlCOhoODbykzZwpiDw
2K,UC0SBn2zaskenN1hl_PCtQWw
CeeJaey,UC0a_TdmBYmVG7o1ahdpHMbg
Kerim Demir,UC0nqIG6I-0B-AtUYw09F1QQ
Kinyoku,UC0rcFh2KbYJ-wAGsVkGr6og
Raising The Bar: Redux,UC1-ExJvAbKcN6tH7T5O7HIA
Artukî Ömer Bey,UC1BjPJKdj9LkjR3uEPb5aNA
ThatGuyFromCollege,UC1FEXU_DWnVnJEx-qroTJpg
testo taylan,UC1PluvjVa3GI5HJhul5lszg
Civvie 11,UC21uZkfXpT8rPY-gPgMiCwA
History Matters,UC22BdTgxefuvUivrjesETjg
"Kültür, Dil, Eğitim, Gelenek, Şehirler ve Belgesel",UC2AJROF7H06isz6ZEVCslHA
Behind The Scenes,UC2AME6Z9yNhkJWaSdS7EtLQ
Underground,UC2FPgoGMzJdDvsQqF8Bsiww
INSTAGRAM TV TÜRKİYE,UC2q9TTS4Pi6bDnOdbUNiPWg
YAZILIYA HAZIR MISIN ?,UC2qY3CVr_swHJJamqd55TAA
MECHENY,UC2qrW-ZXYWRovjiA4mU90fQ
Nikolai's Old Archive,UC2r7HhUYj2k1uPg1Kl1ncPw
Communist Party of Turkey,UC376ZDYhRghmbXPQvqFnhNQ
MillenniaThinker,UC3TUCGI-7rSjvHsE4ONXRww
It's just a burning memory,UC3_Pc6H6jNYkTRMiQuBfRcg
rblx earth,UC45FgH_NHaf1PEgedLYYFCQ
TepkiKolik,UC49if6153NFe5lUNFSmIDxw
Tarih Dükkanı,UC4LW3E9hCcTG3HKlVOmS4qg
WolfETPlayer,UC4_tArZwHNL6TUs75tWPKeg
hdKAANFLIXcehennemi,UC4kwTA4SUnX4US10co06bsw
DeSinc,UC4nJnJ-HO5vVbGlJ14rf5yg
Elraenn,UC51-ljNFrvY5ZmV0C_61XcA
Simple History,UC510QYlOlKNyhy_zdQxnGYw
Associated Press,UC52X5wxOL_s5yw0dQk7NtgA
Kes Gaming,UC56u1Ao53RzUNjPni9LU_Og
Emin Kafkas,UC5S98cN8OoEY5kGqkglnRQQ
Halil İbrahim Göker,UC5VfcMtimzCTxWZkpkaTQOA
Rimmy Downunder,UC5gsrZTtWG_AqDFmuq81Q-w
DFT Tarih,UC6AdnJAlvHwlWKGC40-nVUg
HUGOLA,UC6F8_4OLIQ9bkurVgdcLAeQ
kızılokwave,UC6n0aOE7NGzcHsfvKtjFBng
turk chap,UC6nxiAu1P9pbDOtiCNNSOpg
Can Sungur ve Yakın Evren,UC6q0eGHt5euC8aYLDjhaHpA
The Act Man,UC7WDD6yHgzdqijHluCi1z-Q
Baso,UC7WmfNw7BuJjkjV4hE2Edhg
BossLayf,UC7XqOQyI7pOI5rBO-NLMBuQ
Markiplier,UC7_YxT-KID8kRbqZo7MyscQ
Batzorig Vaanchig,UC7iOOQkDrWY-xfGCFQXmbfg
Timeline - World History Documentaries,UC88lvyJe7aHZmcvzvubDFRg
kaka v420,UC8YgIoxMeCeMW_4U8C61VZw
İyi Fikir,UC8g9yechKtxgiSsRr2kDcGQ
Yavuziccy,UC8mVYLWV2iKSZawN1YkULaA
glitcH,UC8ntU_tnnEmGwPCSfAh0f-Q
Scared Potato,UC8ueAzzEpP7KgB-GiRwceyg
Ruben Sim,UC8xo16miz2Jjji93BhE9Yug
Red Ivan Military Eng,UC937KpfrbU9LsrwRw2jqxJg
The Meme Sheep,UC9BMWLruGWsr1nTzFqmMfHw
Call of Duty,UC9YydG57epLqxA9cTzZXSeQ
Arma Platform,UC9ZQYIa5fX_Pf75508JtPBg
Sidorovich Jr.,UCAGqIWEBBOViBnE2-osgryw
FastPlayers,UCAj95RUTTe_Z80qSHhjbYNw
Victor Produkcija,UCApm1mI27o0tniC3df8Y30A
Lavader,UCB0y92lCEDvthxjEOSSCLsA
Plebistan,UCB7dOBP7Hb8jbzZmkTpOoXg
IGP,UCBGbTTcgn8AVEsEWdT3tI3Q
Joey Salads,UCBHu7LsKiwiYViR230RtsCA
Kocayine,UCBPe1JjyYYWUSr0M10u39dQ
NOBK,UCBikhjvG9DfEf3EXMU-BzcQ
İbrahim Balsak,UCBqQ3pvr89_TYO-jCBSz3OQ
dr nefardio,UCCINPOg76lH0tCC5aEur2BA
Radiation Hazard,UCCSw9kAB52bj6ZfmoqpqvXg
Anatolian Rock Revival Project,UCCpTaib_e5C6Q95qwazq8OA
Av. Sercan GÜDER,UCCqpDyfV9SPfRsmkbKYs6gw
Evren Yolcusu,UCCy7GhGOFK5dxU8Dxk95uww
Suvaka,UCCzoG4qyLiB71Hwn0WvGaxQ
How Much?,UCD6htrp2sq00KfHQRTnDZyQ
totallyanton,UCDBoywVHDgCgtxrc33DHtEg
geniuskender,UCDHKZ4piglWUF4u7T7TnDOQ
Mr. Caffeine,UCDHrJs4M6irYe_GSTs4ysfQ
Dawko,UCDfYcuNw-ff952Xn0VDWwDw
Ilımlı Jakoben,UCDtJrRON4Axz2e8HPfzJPBg
Micky D,UCEFnMfrd1F3HZFPrzelfNFw
The8BitDrummer,UCEHXNknwbsRu73QsakWIdzQ
Yugoslav Musician,UCEOvVIyU7Td_HhBw6UY_cxg
MrComradeDave,UCErzQO8j3XA67n8BAh2-95Q
Omnistar East,UCF0GGSv0lbyIWkQNOADYHOQ
Gündem Tarih,UCFIiYbXKcFDPEYazE-1F63Q
Censored Gaming,UCFItIX8SIs4zqhJCHpbeV1A
MasterofRoflness,UCFPeP6HuRmAr_Q2Vfbxnlww
A101,UCFomZfoEfoveaRbIDjAtsZw
Xposure,UCGKReqqJQfMFkT0qhk09Ldg
Mutant Mods,UCGm9RoEXG5kUi5EmFdSrxhw
Dragos Comedy,UCGmFvH5bL4sUerU76Nr2f8A
British Pathé,UCGp4u0WHLsK8OAxnvwiTyhA
Tank Fish,UCH6sNLmH-rsATLffdpGYscQ
Burak Oyunda,UCH6xp2Jln9OlWV8s9ldvXdg
ShermanBy,UCHFulv-2hXKvMvmXLl6LU-Q
HistoryLegends,UCHqqf2BwNM4Oih-a_ikbWww
RubinQuik,UCIHz9kHuQ8Eg6uh8_edLVgA
Vahapicys,UCIULB9mcWQmMtvVPAouy_rw
Kerem Yılmaz,UCIVov6An3mEzP17tLGcZl6g
Бekrija,UCIe4RWkgRoUR0BqiHx6gQ2w
ÖZEL ÖĞRETMEN,UCJDWZIOzAxt2xV5qC56cRCA
Bilal Göregen,UCJKTabEKg3qzzDhddAzJPGA
Soviet Stories with Yuri,UCJs_IVbPL60J67M2wirlgKA
hdarchives,UCK80zh0Oj6254qKak5OkJeQ
SEDOYUNDA,UCKO9BV0HNxQs5wttm1g2vQA
GmanLives,UCKlUrYO3i9MDlL45Ia6j5EA
ITN Archive,UCKmqYReXoCMbVgxaT5XuM4w
ManlyBadassHero,UCKv8Rrrdc9oxLJmdHItafLA
Can Deger,UCL1Rp1QrhuRhl-sjP5KYwhw
ParaLight WorX,UCL71wsv7FeodBuD0jIt6JSQ
Makine,UCLGDjojmVfEHWbXLtd0nufQ
Deep Turkish Web,UCMR6t4P2TqXOjVq3qgvo6gg
GearIRL,UCMTZGqnHfS4h1NJY3hPVcBg
iStand with Ukraine_Nataliya's channel,UCMbBuLttUfDPvF4Kpds8wrQ
Sezer Akkaya Channel,UCMl54NQtcmlWaEMuVT4K0zg
Crew 8,UCMloCNPJbGUt2BHjL-t5mSw
Saniye,UCMxJCtw4FMYahe9pE4o1tXQ
Nano,UCN17Z31n_ionhzAjyV7pmXw
zoom troll,UCNrylDqZftwsxRN4L7wOANg
Faruk Balcı,UCOCxPQKGT-pIRLyB9qU5wgQ
Totej,UCOJuA_374WrqK53ysxstNBQ
Mystic Journey,UCOXgLv8c0PnfR4dTQqnxWYw
Denis,UCOaMOXfe8EWH1GJyhqhXrAA
D.Theater tf2,UCOm5psnYoESrvzNzRxoW6VQ
wow_mao,UCOujgO5S-Zn8DqpFrvzeIqA
KAISER VS,UCPPP8HB_VF3TOfBxEVOTe_g
No.1,UCPP_O9EoAAy1ocnUHPL-HWg
emirVici,UCPey7mF4gZqRHgn3kCJgf9A
History 101,UCPlTdUoi8jAjEdk1wf5cQug
Odin Makes,UCQ0rE-bxmi6Vl09ARe7qROw
A Jolly Wangcore,UCQEnQfezywrAwkHWX_Uo_Qg
jacobfuckingjones,UCQJChzOjillOSuQMMDoFaDA
Yusuf Kayaalp,UCQLtnn35UkyIpdBI4rdxDBw
OriginalHuman,UCQS5OIk3d_MokLtPPuy_HOQ
IULITMx,UCQdgVr3dEAeUvDbhSHAw4Gg
LowSpecGamer,UCQkd05iAYed2-LOmhjzDG6g
Cemre Demirel,UCR2jlx3ZfuwsZdLMCZuurZQ
HowToBasic,UCR4s1DE9J4DHzZYXMltSMAg
Dost Kayaoğlu,UCRZglZD3Zbz6fgz5IzMXcGg
Rizelu,UCRrq23L_dBKmg9sIE_MgjoA
Life of Boris,UCS5tt2z_DFvG7-39J3aE-bQ
JBG ,UCSKtVu3uDg20qPEH9HgxHwQ
RADAL,UCT1mF-u0Lcf7bYuUWTvDcpw
Dog Tag,UCT3EDRrYkVwEQ7V24ElxiSA
Military Archive,UCT4layPPCzgR_99g5VYYvmQ
Timothy Cain,UCTAfm-YD2M9xzvbYvRc5ttA
Peternity,UCTMGgU2G_Zz2eGA5tPFJrPg
Samed Güngör,UCTPuqOj9G_ctNUH6QCWP1TQ
Beter Memes,UCU4qDkgIM7_LYkAMJN5DHkQ
Easter GamersTv,UCUGkSxaVP_65NyK8fUqPRIg
KAANFLIX,UCUd7-37MkXKsFvJzk0p1oHw
Porçay,UCUpMmEDtYEoZxYYRa_gh5eQ
Soviet Spycrab,UCV-fncutr1m76CeTCDkWTsQ
shidbot420,UCV5ycozwURqEYVnM8UuHC-w
Daffer,UCVAy9j7CKEFy2tyVn7yHPOA
Konsol Üssü,UCVPfwYzn7JKp6eH2echqbxg
Nifty The Stalker,UCVURCcr6rkQURnKQWiTWMZw
at0m,UCVkthTf4iDe7GRGoIgOHaXg
Ali Deniz Çelebi,UCVp_LShurBZZz6ePjHLUHJw
Rob Reacts,UCVrkUiSjOmOQ0i9JSI7mawg
Rumeli Komutanı,UCW6Yhkb_n8CpqjPoY8MRFvg
Carry Potter VODs,UCWOTpRCdzmMUFN5avexN_aQ
Only A Gamer TV,UCXbBQk6ym7ww3tr-YTKV67A
Storm,UCXcefQ2Tmf6Ospf3TiQ2DSA
Enis Kirazoglu,UCXin0u5SrVEBjn5LhOoG97A
Adal,UCYA2XFhSbXlqovabUUgH2iA
Şişmanlar TV,UCYIZz-vu0eztm1PCpfV2Lxw
NSA - Naša Srpska Arhiva,UCYOlzU9Y5ZQzzWtsAd7gT2A
FlyingKitty,UCYQT13AtrJC0gsM1far_zJg
JoelNielsenMusic,UCYYYkgU5y0KZvaBhtQhLjQg
GAMES made of CARDBOARD,UCYuiBRhcifFrEYPGhQmJ5Hg
Filmler ve Filimler,UCZCUdSjhEFof8_dNn4e9maQ
Fire Department Chronicles,UCZbWCodPFwH2QQn772QnUxQ
enigma,UC_1saCPSYO8BoFiTouoPuYw
CAKIR66,UC_E3Cf7SaZUt-yxltbymofw
Britannica,UC_H4bMrLZ4IXTf0JffOJ8fQ
SGtMarkIV,UC_NSOckDnuypJK_FpCO6ogA
Melih baran şimşek,UC_calTH5e7uIi-X0Knzet6w
America's Funniest Home Videos,UC_zEzzq54Rm0iy7lmmZbCIg
MajorSamm,UCa3u-iJrOFRk-or90xId9Cw
Lessons in Meme Culture,UCaHT88aobpcvRFEuy4v5Clg
WatchMojo.com,UCaWd5_7JhbQBe4dknZhsHJg
CharmQuell,UCaWv5-pcBv_HKBaXH2ZtllA
Советский Канал,UCafIVsqS2sX3mwsHt1nUD7A
Yorekok,UCaiy6wwEQD4y5xIMm7bzBQw
Sadece ENES,UCajzZuF2nH9vijIQNaGNWAQ
Evrim Ağacı,UCatnasFAiXUvWwH8NlSdd3A
Kardeşimi Eğitiyorum,UCbMPqf7IKLJ0cxmwfVQUZQw
The Kino Corner,UCcGlif61mMV6soFSiN2QHoQ
Tovarish Lew,UCcXx3rMpDfN1_BPUBUmTkYg
YK Tarih ,UCd-cV6vNMIoxCbl_rLCjTng
AiirSource Military,UCd4W_0_E64eeP-o1ZOqVN2A
husamviyuviyu,UCdBw1n6uJwZxU860gBlbeiQ
JonTronShow,UCdJdEguB1F1CiYe7OEi3SBg
Random Madness,UCe3OX7viy81tqeGGKA2OsEw
AgrippaMaxentius  ,UCe7n-NgctmQSHq44eeQSxCw
Mr.Vortex,UCeJdDrp0Y6PqqdVhcQU83Dg
TheReportOfTheWeek,UCeR0n8d3ShTn_yrMhpwyE1Q
Guinness World Records,UCeSRjhfeeqIgr--AcP9qhyg
Martinoz,UCf0CjzS9F2-rt6R2HyNlnzw
EminemMusic,UCfM3zsQsOnfWNUppiycmBuw
Jahrein,UCfo8l0mgO_eleaditz0EClA
Valve,UCg0FSqPeiGD_lIiPaaAehQg
Kerplankistaan Radio,UCgk9mjdeWYy3qAqczHuyySg
Vechiron,UCgm_2Cdc-FOLvnrGYhyiDrA
Beter V2,UChW-VHqZ-wW2T_h4HRc7ecw
defter media,UChdRYrlqEndRs1nuBw_du6Q
Techie Savi,UChpeZ0mlxUY9TkR-okDn51w
Dünya Savaş Teknolojileri,UChsqhAwIhjYSDB9SJ9P3Qqg
PD - Baran,UCiULYW6W9tjdjmi3Lc80RRQ
Post Tenebras,UCidp7LFDVjd41pMWyTYuUCg
Superton Official,UCihQrVQuew80jHgJJwoEC4w
Twin Tales,UCj6fAWBR72ckcQmPjeLU5bw
Baldiback,UCjHM4a_8BaGVtC4SgFk9DOw
Kırmızı Kep,UCjfMl4KRZ8dF68VdOsxGkvg
As Oyuncu.,UCjgWTKIWPgBX_XbX8CokY2A
Running With Scissors,UCjoozf2c1N1ZRE2ecRoASjQ
What a Story!,UCjs3Yj1cXXQ1CYvRlpjuY4w
Efe Aydal,UCjsdYhMIQ0-fJPqEjiHYlzA
Barley,UCjzWSePFAGMM8jGfXDOV5Tw
Bub Games,UCk6mN7s3Orj0LbmHdzVg05A
Diamond Tema,UCkEp_OUCCx-UU3A9-y62NiA
MoviRunner,UCkPKBqrHAjWd7xz747aB2NA
The Leaderboard,UCkYEKuyQJXIXunUD7Vy3eTw
Radical Living,UCkmGqbPKl9p8qGMTi-h4rgQ
TommyKay,UCl-9FxBYUjsIsC_FASvhymw
1420 by Daniil Orain,UCl4R4M9YVfYjjPmILU2Ie1A
Xlelight,UCl7dk2QiDL2MFtKCXx6JkLQ
Mapocolops,UClPtBcWVxgSyX7x7lHI1kcg
Yeyidoh,UClt3kza4vwC81qUmDwrWECw
Beter'in Beteri,UCm2iPg3MhRq4gqqBTs5Q3Dw
Mosfilm,UCm5U4zqpahzyNXBv5ZT51Jw
kacpi26,UCm8U1YwDyvcoAtr8a_9tLIA
kracc bacc,UCmVBahNSwnFt8c3jzkfNG-g
OMNIBUS,UCmZUVTP8dtWqmsVhqt7tPEQ
BLACKLINE,UCn2IQeqRBC162mE5zRpvo1Q
SevenTePe,UCnMHktN7LTqdzR3ziRtx90A
Lo and Behold,UCnMeVwFynnkwW9TkIKGNEqg
MuratAbiGF,UCnOUr8u5mpoaXSNXLa_iEeA
Black Rifle Coffee Company,UCnhTGM083kfLSNfRSmQjAzg
ICEnJAM,UCnpOHIHah5FeO52v-xgH_2A
PolyFP,UCo2FjtMyYUizKqWKPrnzUXA
Youtuber2.3Views,UCoKKcAGW4Ks5X6S-Zf_RHcg
İlber Hoca Shorts,UCoQqINpa0mZuFLJvdV-vjMQ
Marc Laidlaw,UCoRRBCxatDQ8yjrCxDW0NAQ
The Game Theorists,UCo_IB5145EVNcf8hw1Kku7w
VirajlI,UCofHY-ynsvkmJKEXpcopS0A
burialgoods,UCogwkoPw8VxevAlm5XGBB2A
JOHN ROBLOX,UCojsj6T5tNPGPZSx7wn4coQ
Joshua Sawyer,UCormzAJ-LQ2frWbBLcqxIfg
Gamology,UCos3tlJstiRa3gnY5a1qQKw
Berkay Öner,UCovjc_QIr_YfVe-Sgqe8l-A
Brutal Half-Life,UCp3aSZvDTVOUmvPxO1pIdqA
Yoshi Enomoto,UCp4GkZm9Qo39XLYBbz7gGsg
Odd AF,UCpGUkq8lf5oN9395hZCX-jA
Han Kanal,UCpcHFJwDFlrnbCw3yD-4Wzg
DW Türkçe,UCpi_jv70749NkAmkdugyiPQ
SwinceBall,UCqSl9EYLGN8okNaavs7kmVQ
Orhun Kayaalp,UCqV9ovPYhKgbYWg5U1hlGxQ
Cheems of Regret,UCr0NuTSKRRmwHrd0qxo7aUQ
oguzsasi,UCrePH2VmAJyARCX66mRU5pA
horrogodreturns,UCriISujuamrA4mx28ex2BMw
Black Sabbath,UCrx-X329UKv0Y06VhfpFVvw
Maxmarine,UCs0YBXgJ5svK6lldew50VvQ
Oxhorn,UCsC--WvN66vZlDoYShzn4sA
Vreditel,UCsGc6vpkqvm7Iwuf2zaShnw
The Tank Channel,UCsbZlwI9embRPUOtuBFUXGQ
YTAS,UCsncb_AZuSslAh43wC1DN1w
morch kovalski,UCsychNxi_pV1INkuZZ0wtMw
Hrvatska Diskografija,UCtECg2pO3nb3poM8wh1Didw
I AM CORNHOLIO !,UCtTG3igrl4ltlBXAyKhIJ-A
Opposing Forces,UCtjgGJPVvhfHeQ6_9Daqg1Q
Video Voices,UCuPJFO_hw6FrACUgLKwxRHw
MLG Station,UCuPj32IruQCmpC6ssP5TFJA
Yuukrp,UCuR4wow42dg65u3Ba090KWw
Pintipanda ,UCuU0qYesQjAT_qXcQJqgV3w
Sigma Monkey,UCucX9fhGbfLLMO6EmWdJeSQ
nsgONE,UCuwupcFzBZ37g5qzKn7d5RA
Lunch Club,UCvAKhh5gObciSL1fPweW_Ig
Multiplayer,UCvKcRMr2_wmejWIIMuVRGZA
etnikce,UCv_HLVYA4Ws0aOc6l4ohTUg
The Stupendium,UCvbc2N6biTMUDFE_b79TPbw
Bread Boys,UCw03U5DZGLqvv5elJvXvR0Q
lukeafk,UCw1KJiZ0M85ehyEKcbjN_nQ
Patrick Bateman,UCwaIJbT6b2XR0Q2iDm41Wdg
Anomalous Dugout,UCx4zMVz-50hfXzuEXEMzPWw
Bolloxed,UCx6im183dzW1krbqgmIveUQ
8-BitRyan,UCx8vbgWs666cAS7wsKos5sA
SFRJ Hitovi,UCxAPr1s438nzcHAIY79sMFA
METE HOROZOGLU,UCxBLM5IXYzWla3vxHMoe89g
bald and bankrupt,UCxDZs_ltFFvn0FDHT6kmoXA
SpaghettiOh,UCxFKoOfIFjAI2fHQiArFIDg
Doğukan Adal [Tvo],UCxIG4ujCM9eW7E5qRyGXCjw
Henrique Maximo,UCxNGDpJS_9J6A1JrMynEr5Q
Shelby's Canada,UCxVuxiprEIOItdZlAhfz5MQ
SpaceKnight ,UCxa0Ma9RQ4WF1XPUPTbq3GA
Names Elroy,UCxh6ZSUnnlvb9mFIahXsEYw
Rolf - The Retro Gamer,UCyYrJ3Cz2x763EoaUTbGN7A
Михаил Круг,UCz-orYer68suYbxvv9UeDgw
The Real Dreamy,UCzNF5dX9Frktejd8Mel_Crg
PowerfulJRE,UCzQUP1qoWDoEbmsQxvdjxgQ
Skyrionn,UCzRy5o-KkTqLlG-GqSEdS3Q
Tayfun Erkan (Eski),UCzSMdAOpywH96pgC3brHxtw
