Monzz Ent,UC0eatx2GcNGemJyoTgspbiw
ThatGuyFromCollege,UC1FEXU_DWnVnJEx-qroTJpg
A Few Minutes of History,UC4y2VEewZpgwxfHFwT0TVsQ
BarryTube,UC5p0FTpOleZUc87YVJ8VX-g
دربحه/ Drb7h,UC78Jo4xXY5vyUVOeZVZFtdw
Keemokazi Shorts,UC9ampCsC5Jp09r4WbOkBNig
Uae Skills,UCAzn57kYHp_8fjwaRzgsp6Q
NAR7RRAG,UCCo2-eREj1qTapxElwjfhZA
John Casterline,UCE7spuKzxP1k8A-XucxxUAQ
صالح - oPiiLz,UCHVDgaiLbpj5Leazw8vsAmg
Ken Abroad,UCHza0GAxOvBOeLKkMeL8EcQ
Meanbean,UCKa0bLoF-qUsYXZDMJ9aSTg
RealFeras - ريل فراس,UCLXjWGufYisuB1dVF3C6yJQ
خمسة في عينك,UCOdAgKfgpL0Dxal4XqXtzMg
creptiez,UCPK5s2YVR3SdLephQ7D1QPA
Nawaf Xy - نواف ,UCUESp9ZpCZL21I6BPU5RzZg
Mazen - مازن,UCYlIvkm-3gh_UWsHbrW8WUg
Manga Explained,UCc3xCO79t87Y2D5MevDAL_Q
Funniest YT Clips,UCdTQfOZ4xB-A0lm2QzM1NVQ
Maryna Aksenov,UCfGAa7X3gpPCNxwfG2di66A
خلودي 25,UCjtJWphpeoyCSwwyHNB8Dpg
دارك,UClj59yoZJDWOM5Zc9O4RyEg
SaucyTV,UCmDcSLZlJEEzGqqh_JDsYXA
~park jumana~,UCnK4JOv9Hxt-3e1ZvOew_XQ
مـلـزلـز MLZLZ,UCneq-pXhApziFpje2tIfofw
TMFaisal,UCqHYv6X1J7eXINLW_WLKURA
SwinceBall,UCqSl9EYLGN8okNaavs7kmVQ
Encise,UCsoVHOzDAFTW3LZlBMfsZVA
Barry | باري,UCtHfIS4knuF-mXSl6Ui6V7Q
Misaha Plus,UCu--Zki3aU-aWVCSPyl9-eQ
مركز حصين,UCwAmcxaxni4tydDfXTBD8wA
BanderitaX,UCxEGVXh6fi-XYo58NZrbIHQ
BanderitaX Extra,UCxgH2r80CcQn6ljXZC0p16g
