„Éü„Äî‚Ä¢ ·¥çx·¥ús·¥á ·¥ã·¥Ä- ôxx·¥ç ’û!,UC--Vb_kR7XdLTziuWQ2BOSw
MaggiosBlogs,UC--lrZzfhjBNrABMKcNfeIA
El ultimo Tv-Nauta,UC--uJ77SWGDLTQ0T9p9lRtw
wx0xw,UC-11NXeQ9rrgY9NTSUXIkGw
ProsafiaGaming,UC-2wnBgTMRwgwkAkHq4V2rg
UnderBros Animaci√≥n,UC-5F2JVSVuxLkCKH4u6f8NQ
HenryTFKB,UC-5SueKoMw33MGlkTdnESlw
Yato DXD Supremo,UC-8DwD32_xQ4S6p31x6c7ZA
inkognito228 Ice,UC-8Q362TGO7_I49B9hgIiMw
Drewski,UC-8k5ObZm8MlYFPzCAbcong
Mortimer 682 Anims YT (Adam),UC-9TLzpBxI94955IYdNgKwQ
Kai cenat save usüôè,UC-AH5LpsqWk_tpyfwpN99Vg
samuel,UC-AqmsWC8ec0Fiko4eiquRQ
SirNeon,UC-B0vfs9iJH9yufHY3Foe7w
Calle y Poch√©,UC-BZEmUUUIXmD1CgkWACVyQ
HomeAnimations - –ú—É–ª—å—Ç–∏–∫–∏ –ø—Ä–æ —Ç–∞–Ω–∫–∏,UC-Bc-4nV2-Tk4Af2rqrmrjA
TheHTFAmv,UC-ChVN8jSofpqwLU2al8kdg
Thynker Teor√≠as,UC-CzZnhNqs1kTxkUXS5BwUQ
ÍßÅ lluvia ChƒÖnÍßÇ,UC-EE033_dI099_p0b11g3Lg
Geo Teorias,UC-EiH6pEbXLNvMI7jZuuHIg
el pibe manga,UC-FfqInESfijPsEvjte6ejQ
Mandem - Roblox,UC-Gvg1In75LEDCrnrA28opQ
Margod Mtz,UC-Hhya23P4UYUACuX_j891Q
ClearlyConfused,UC-JXB0eQfhf1d6I00PDNSrw
Ruelle,UC-Jo3qUcaJPx7fyUJXOjMyw
Wahyu1039,UC-K9-Dut7WBOEUwFZKKWPSw
Duskininja,UC-Ku6EJsfNPek8ehtVwCIlQ
‚òÖDan‚òÖ,UC-LN2OY_1rlgIAGXYDq0Vag
Ly__Yu,UC-LfcMln-9EbTxrsSD5B2oQ
FnaF_vhs,UC-MZ_KfnQqRKFddxdhAYuDw
teorias black goki,UC-MjF0qdFXh7mUunGo5pU6g
Win 1 1 7,UC-N3PpJrougpfmiawrwhzTw
KiroDemon,UC-NK6v1v0TKgv-pk80w1H4g
SUPERNINTENDOBOY,UC-NSGUTn855pQ3sXJ4Nv-qQ
Misaki Mei,UC-NxkNtu9hNI3zUjSj_9XCQ
COMIC SHOWS,UC-Qu34_GDnCCAsykKE7thXQ
The Akash Creations,UC-SDYxPtq8BL8vOI9HG7_5A
Feather-Liz,UC-Us8O_elnRexeQsfiI9FXQ
Tomas la Roca 2010,UC-Ut6YnXjH49ELUWqjCtd4A
LilacCat Draws,UC-UyNF5ncGfx0FUkU4N3bfg
Gerda Measerf,UC-VM11SDtyLQEYkcJQPjDxQ
Peach PJ,UC-VbZOg7_cdbkgG_732QbPg
judge perri,UC-WLsvE9RNajwnSIbcDOYLA
The OggieBoogie man,UC-Whr3_QSR6oV4eKUstEknA
Teorias-bds,UC-WulALiCNfqlxBDfvPr_yg
S√°sary Kun,UC-XRO9hXTf99dCJXRAduWGw
Agapito Peque√±o,UC-XlTgygm-zJHoHKR0cl_JA
Ms martin and Fg74ftw Jeff 171 ftl or fg74 s friend,UC-XnqcLTU9cW7J0_tv9Oy8w
Twisted Ragdoll,UC-XyyciU-DiAyNxgGy9ttzQ
Cody,UC-YBJgVAsSvTuIVv21uWqvw
Paw Animation,UC-_Nra0Zs5Tex-sa56K4wMg
Brayan God,UC-aevUBj7NqMX0NJ1c5wH0w
Dark Baka Bunny,UC-b476zVzdnviNdE6fbpQzg
Films XD,UC-c7qywW_8EMTco4Nb4e-uA
La Friki Dimension,UC-cipd-4lhOYklXdXQXrpVQ
Lyna,UC-cnbLlplnXA4oc7rR21qzg
Pugdoom,UC-d1dKkMoxp-62RWiPhxvNA
thebouffonshow,UC-dXgR8CsDdanh46Of7blPw
CamelloMello,UC-eU7AgNlfLd8tIVUE2EaUQ
LolcreisiloL,UC-eZb5J1DNy2bbwl5jlp4XQ
TeHasPreguntado,UC-f3jTBSzQYXMT3rp0ljhxg
‚ç¢·É¶M—îlŒπsŒ± N—î–∫œÉ·É¶‚ç¢,UC-fho8Tu0fG7NJbrJN47TwA
Riserbeck,UC-he4ZeFbU496_K-JZ4WqNw
Cartoon Fight Night,UC-iX9HtUUJLUHjj4ycXZnbQ
harmoniq,UC-j-IvsQ_u7vQXEPT-S8EPQ
gacha katty,UC-jUqHYpywBO7u0Oql9E0gw
Redmau,UC-k-Rld-31VU588OAEWC0DA
Zerami Denev,UC-kPGvpFELrgQ0yGb4EfAKw
El Canal de Hormigas de ABlistering,UC-lFBybI2tipjpBpqo8575A
PewDiePie,UC-lHJZR3Gqxm24_Vd_AJ5Yw
KYUBEY,UC-lKW8L8qGoU_fQWL0JY45w
Polo14,UC-lfjr8JfYdyBqEaKJLAKtg
Gabriel Barsch Gaming,UC-mbwxVqoMr8hS4C_Mp1kqQ
Zona 24-7,UC-nCEiAO-tvV8UkTGPYUhmA
Sonti,UC-nW1LnJynzW8WNOVc2pYTg
Grand Master Hawk,UC-nkaLvbLwwROhlOxlScEZA
BLACK GOKU TEORIAS,UC-pASOBkngHi_FB3GNA7kRg
ksr,UC-pLi899qRtYpQRXzwlu-gw
neo2099,UC-pdFbJUWetG8MIxqXf8sKg
Moments Lol,UC-pgf7lxwwxQsPM9XkSZpow
Marlen Dulce Gozeo Joselyn Gomez,UC-ptn3BrGQ8yHH81htdEqqA
viruzzbr,UC-q4s5mllVPN31lH5kLBYag
sqyoshi,UC-rC66H3y5eZUyJnMjlxSlQ
Valen Doodlezz,UC-se8emB5lakFJlKIBw9PqA
Javier Ojeda,UC-tolDWyGAHAl49x8c2w1aQ
xZAZZ33x,UC-uMQSWdNyIw4ceaiW21UEg
Sag3,UC-uhL95KC5dwqu55Iu_OirQ
J A Y S T I R,UC-vIU0Fr1h1EzJ83SnozXBw
VALENTIN ROBLOX,UC-vOgWDli5a7P1MxBb94Xig
Geovarock Fandubs,UC-w5Byydm6hoY2vfAsOgGEg
DBSuper Videos,UC-w9cqTtMaGjlrzGAxn4hUw
Alvaro845,UC-wZqFr9B3gdbToNtdKWkrA
Core,UC-yA8YhrAgpFp4aVHRaNyMA
[Gonzamix],UC-zGmBh-LNXXk8RSfq3rkBw
Andr√©s Guardamino,UC-zHBKeVzuhydp-4V6nlkfQ
YoSerUnaPersona,UC-zMMyOUMCVViA-14iYfBYg
MystFro,UC-zOYIkyfth2wvfnNZdkh6A
owo,UC0-Mk2xW6124XOSOm0XzRnA
WeGonnaDoALittleTrolling,UC0-UIXBt6MRFB3ZxFHl88dg
ÍßÅÍßïHimawari-CHANÍßÇ,UC0-wJBgq6geS3iEYTaybxxA
Dawson Production,UC00WS-TjaOpbembOX-ll68A
SORA THE BLOOD,UC011B0hgHStVh9Lz9rA-x1g
LogisticKarma,UC02S2LS9LRYMaVD-i-WJwCA
Carter Yeisley,UC04JHZIAzOqk9fekxgb3AZw
Adamaik,UC04hLHCP-QtOYVTfWQ7F1_A
Densh,UC04uw7iiDqS3kGrjF8lB52Q
AUST 7 ,UC05EDvNIrVGQkolDeKcUvOA
Encrypto'd,UC05pQbIzg2dxw5IqtqqpJlg
GamerJosetuxi,UC07BA8EjeLznP_UEyHnbtqw
Conoce a Arnold,UC07DLXbOs9JK3aUZhNYtE9g
Bl0oMi,UC07XCEv_k3pXKNw_TOb7lqw
Exi,UC08Gq2qWDvwa1uKZTVP4lAg
EMEX,UC08gRvjPYmMu9vSvH62NmOg
HuronaRolera Oficial,UC09NB3WTN9sH6qx-sXAlrYQ
Le-Kri-On Canal de juegos,UC09ZqboWzRKLB4uRrheuvZA
Stingo Animation,UC0A-1XUauWBB7xj5qYMQc6w
Auxicite,UC0AypC6uAHuHyV8_lDVWpog
momd craft,UC0D6Niz98xIpxwXn46mnKQQ
ùë∑ùíÇùíê ùë≥ùíäùíõ,UC0EgtUgeDaIVl6YnClAsv6w
Pine Apple,UC0F9IoJL_3ACylF96l7ji9w
Brick Channel,UC0Fj_bM4weAfqP3DZBBue0g
XioXio,UC0GugAhOQAcFgy7bic7ym-A
Taiwanese countryball,UC0HYuZcnxBW4YJb2sadXc0w
Animati RD,UC0KNxC6WmDbT-GIhOic2tIQ
Vlog BDC,UC0L1EPTbl7CHqa4o-bluG0A
The death Kingdom,UC0P-x2aRiAPAx1CLsa9o9OQ
„ÄäM√∏≈áf√ò≈ô≈¢√´ ChAn„Äã,UC0PvTN97VdvBc6izhSsXhAg
Roux36 Productions,UC0QR8UTJA5HNPEDvcOBZ8dQ
Goku 84 3 19,UC0QZY7t4V3xKwHjGdL17dwQ
Mateo22 HD,UC0Qq02Ork4a7fCi0E5R3MYw
Karin Herrero,UC0Rg6ZfYqllkiLKJ16W5E_w
MichaelPi,UC0T77Q0LHOtR-MYHHrdcFkA
Sparta Chikito,UC0TYbF5QaLuTShAcAMk9L_g
Fanny Dutriaux,UC0TpfpDUb8-u2KeuFSc9FIg
Raiked,UC0U8EL5GclnrjNiYs0RR6Ig
–û–ó–í–£–ß–ï–ù–û –î–µ–Ω—á–∏–∫–æ–º,UC0UEGuSDh4z5GhgcPnKhgcA
TIME VIDEOS,UC0UIGc9CFjbFT4PQKLkJ0Vg
Raccon Tops,UC0VVLkD_oAwO_lUTSamIYWQ
SumaTV,UC0VdQHxIxwCB1auhmwVyRTg
foxi_ANT,UC0WoLoEuAOwpnrqelOEWjQg
Cuenta Brasile√±a,UC0XFkgDxTpEG_0ZWC8U3ZJA
gacha studio dacks,UC0Y2Ot_JdPNAyr8VUPRClwg
XpressTV,UC0YFjwJc3b1otDerdv6CfWA
son goku demon 13,UC0YPw9wXiDs_LBgKERTLxtg
Xenogen,UC0YRWaj9DTP6N9Bd1uOmpdw
Cayspro,UC0Yh9x0xZQhCgZ2odiW-LYQ
F A Y A,UC0bnaMbkc323NEOTE1UHioA
yuli HTF,UC0fOTySR3gz8Ut-UeLmPMMg
Momento Simpsons,UC0gRhfu7EAl8smktNVI6amQ
Huawei Mobile Colombia,UC0gdK7UhPDLfc8Bna0QwD2A
Blake,UC0hHjS-OEw8-9iN653JHPyw
Meme Ball Superposting ft. YouTube,UC0hRQAqdd0yeAZ4Hpt3DkXQ
Perfectos Desconocidos,UC0j99-r1ABgPmxC9hnDvV-Q
Elpapus,UC0kfcfPUfYeB5q5fEEB80aA
Osoro Shidesu 350,UC0kkvW0D0WCOc1V4rsDe29g
AnimationRewind,UC0lRhmEiBp1-HAFrVcrAueg
TheTigger,UC0mC8V7sj6djrDRxZrzl8nA
Ben Lopez,UC0mNJbTQuKf34FLnkdxEXZw
KRIK KRIK,UC0m_NUHHaR8MnGDrNpRKtgA
EL DIOS ZARAMA FIC,UC0o3bUg_nhVWYrisnDCHfXg
Friendly Llama,UC0oHhD8LYcj8FQfntp2UPFA
Reiden Does Stuff,UC0olpt8HMpwbjidbmmAFcVw
„Äé·É¶It's Akela·É¶„Äè,UC0p585NNwEoc_S5-6n9PIPw
PerlDrop,UC0prtgxOikcgkc_2B3BbEqA
Libardo Isaza,UC0qE-Iq_PEYCYyKJAnBEeHg
–í–∑–ª–µ—Ç–µ–ª—å–Ω–∏–∫!,UC0rR-GsT0pELV28feojKv5Q
Pvz2 Gameplay,UC0s-zcf0VeeDwdWVte8cXCQ
EvilGoku Fanfics 2,UC0s9hRnzbE2UAOid7BAvqXw
·ØΩNatsely -San·ØΩ,UC0sX9t-SFQjkuP6fPnbBjfQ
Darslinger Teorias,UC0tXINxbP8miG6_q898417Q
laChachitaChavezü•ùüôÇ,UC0te6SDCseP9nmfDcEzcL3w
ILAN IB-13,UC0u_V61sLt9mFRusq4iXj6g
Mano Vlogs,UC0ubaV44rsKTvrgrv5MW-xw
ùêåari -!‚òÜ,UC0ux0Q75eqKXbeAAFWjqzqw
Maxii Gomezz,UC0vz6XwTewwNvK2k7ToMfGg
HANKCHINIXD_343GY,UC0wG_PbLuOKO1r-wVk2Hyvw
Left 4 Dead - Topic,UC0wd3BKg15p8lPbcE5yuq0g
Nidializ 1203,UC0xqyKsL5GybcuTrTcF4WAA
The contreyx,UC0xsfuRTvbA61b3VnmJCiCQ
G4Comics j,UC0y80pAXqkcECiZIOuhedeQ
Awaking,UC1-IWbTig1w9UBgG6gC2L0A
Chi√∏,UC11aAC5HazbBiOfuj1wfr5Q
Basetendo Animations,UC12Vx47lyg8oLefGChRz2ww
ECJ 3-4,UC14BnGscAZGE3BzjlOMEC2g
„Ç´„Éü„É´,UC14RiP4vacMQKFYGyxWewmw
RKEA √ôw√ö,UC153iUtEmTjDuv33XxhZluw
Gabriela L√≥pez,UC15soZBC7R-47XmHKogaXNg
R,UC19_cU2rSxG6S5lhzih6kfA
S.O.S,UC1C1JeCM13XbO9GW-5_Mtfg
El duende UwU,UC1CStXurlNp1X89IhkOH0_w
RATA VIEJA,UC1DD_e6riU-Dsg7IlwFG5Lg
KEMMON ,UC1E2zvGCTfg8lM5mQNH0ldA
The Empire of humanity,UC1FD71HcKzzxkAgVxVq5HKA
Spider_Ctm,UC1Gxtj2iqL5vyaENbPKEfXQ
Blindoce,UC1HW_ukSkYe1UPDWSteFE_g
Clau Melocoton,UC1Hk5AeyXDRTHBLri25oFFQ
Gabby ,UC1HyVLDfVk3jVGa6a8EGH-Q
Lou PPG Love,UC1JF3c8nzld8ovTa1EmZ2Pw
Kanfe,UC1L8Ei42KHqi2fz9mgLhyuA
Akuma Animation,UC1Qr4oZ_-uiCCGCrk34Blzg
El Compandy,UC1Qy5wVEWHOERMM6qvgt54g
PL,UC1SJaC_oHMiyhZh7cO28CoQ
anime x ruler,UC1Sz6bkhC3ff_qM1YZC9kmA
¬°Volkovery!,UC1T8QtlWcnF3DugxNXQovog
loqu,UC1TEYLbPIRFX68FBZnkFldw
‚Ä¢DraGOn_bAll_fAn‚Ä¢,UC1TbnlDakaQmFNA6xBTLpNg
Teor√≠as con xeneize,UC1UR6l6IGCyCZonAuz4TwIA
Fasito,UC1UlueWAcAFx51m_xA3eiDw
SonsGames,UC1WDD_b2bGuzyHy0YbkuxLw
Akv drop,UC1WldqvY4EGOxDTgLtONTdQ
ROBE CUBE,UC1XCtbAz-xspe8CR5_DtUpg
Ashley Draws Stuff,UC1Xoopli7VVgies7NVlmCAw
Shadowliz,UC1XyLWqfuiPkZv0kd27uALg
iDarwichGYT ,UC1YTD6Wj1F0gEzte2uYwpwA
Enith Cajas,UC1YfQ3mqdcLiawKKj2Ool3A
KillerCreeper55 - Minecraft,UC1_aBBbg4vzI_Y8QAolPcCA
Mamadou lamine,UC1_nGYAh-qXu0Q2gck2OK3Q
„ÉÑùëä‚Ñéùëñùë°ùëí-ùê∂ùëüùëíùëíùëùùë¶„ÉÑ,UC1aTZ6P0mfxlvyC167H3E2Q
Creative break,UC1abrPf8yQAYV3_UEQnjYFw
alexa bayca,UC1c91bBloMeOlxEIIOuA3tw
Omega Gameplays,UC1ccJnAdchZgWCsXvk3j_uQ
Carlos ssj blue,UC1dk7kRTBujKCsrr8cvm5Hw
mayoloquendo666,UC1dxfa-d6G6F6qwdPeP9HlA
Aleja 0w0,UC1eGT7a6_iPFWXAodBpAK3g
·É¶ƒ∂ƒÑ≈§H ƒêƒòM√ò≈á·É¶,UC1fvXpAJfq_PadSnUuYxQNw
Jaso,UC1fw6GcoO0V-KZwQgMjaHQw
i'm dead lol,UC1gJQhv31GVdgEMz5EcG3mw
Ando !,UC1h7MEde8mZBqrykQ3IRRuQ
Los Archivos Felinos,UC1hlXOXnTsttr1TFN9ES-jw
bowser12345,UC1izs4YrGRtx06zk9Xmyreg
ToucanLDM,UC1jfwsK2nwF7BEVeun4XHgQ
TIM ROYALE,UC1kCFTsx7GnlPtvC6K9ovWA
ABANDONED CHANNEL,UC1kxFN4EHKaNFqPBuIgb56Q
Reijim-Sama,UC1lULaLAzfWiUyE7XWnJcvA
AyanoKoji,UC1mUbI29Q5aBOoncc11CA7Q
Dark Box,UC1mhIylIJA3AhuK5F2qy_3A
JackFilems,UC1o283TlLmnBcxey68r1OGQ
TheDracerGx,UC1oVDo0rD0NfRcE3KP_qvyQ
Nightfall Prime,UC1pHz0lnNK3bzrPAfsjDC8Q
Milles,UC1pojnCtWT5LmQ0-9_whpyw
MALTHUS BEL,UC1pp02rvi5Wu4I4dKcwwrZA
Yonier G√≥mez,UC1rurn2YZiUF4eNpNqcyQZw
Serbian Ball,UC1rw3ak9psdwGOSXQLO1Fnw
(moved) Kitsuneemo_,UC1s7zBmLFOGqoqECR7hz2CQ
 coffee :,UC1szBVmeuWDt8bzCVRilteA
hilos de mikecrack,UC1uM2pRff2BH_qu3Tbj5FqA
CarbotAnimations,UC1uug_uZrVmylfPVBLBvitQ
Lorenzo R,UC1vFW2t4VI0SGgtYs9sYoYg
Mooon with an extra o,UC1vQxQLg-lgtlUKyjkrj_MA
Nacht Conquest,UC1xcLV-shT0y8sogUSEjiBA
GdeAvstralia‚òÖ,UC2-Mi_Im9dZtDx0DHVPaOFA
Fernando Mercado Mcleod,UC2-NbcpQh9mUyKp1mGpEvmA
Cerso,UC2-rSCUnVQjrRfMB60j2lKA
classyfunnels üîª Embudos de Venta,UC20ZOpNsdt6uxXCqDQoiU0g
Hello Navy,UC20tbKxzsxJxi5BF1A_koFA
Betroner y Noangy,UC22yq233KwTSNUeyL4J3imw
Serious D. Viking,UC23Z30mSbWExhft_g-5Cf9w
LaChicaG,UC25JjNtoLXgelFW8OOmHJTw
zarkflappysheep,UC25Y4vYipvhnkkEUN4IEuAw
üíôLouviaüíô,UC26iJCyvat2V4y5daS4E4DA
Gran Goku,UC26mtYjPvoQwvS0fltQcY7A
LORD - VIRUS,UC27IrWZZHX1KmrmBAAY7Qbg
DAN,UC27XP0WWNa30DqXmwvLyCjA
Gacha Sabrina,UC27_nyf6hfgdYB-FdWGmVhQ
Millenium Raps [TBG],UC28STY83qUZHl_dmYwyONkA
5-Minute Crafts,UC295-Dw_tDNtZXFeAPAW6Aw
ZellenDust,UC29GGV1kYu1MlpS6VRhIRZw
Son Goku Dbz,UC29PJOPtuzCDvy5gfY2CkWQ
wormvoid,UC29iSRakWst0cR2pOFJKVVw
Bryan Werntz,UC2AAp-SNOEnE5t8jRAlGEGg
‚ùÑ‚Ä¢Imanol_ICE_FIRE‚Ä¢üî•,UC2AWACd3P_i571WEZvyKsGA
Kyo Knigth Fandubs The Phenomenal Duber,UC2AlGkR-YUYWlzEvPUBKq3A
Deis,UC2BBZOrP0PJyJhVay17frrA
Diegonder 35,UC2BI9Q_hWcbaC6f2C1CldgA
Thanny,UC2CQxSE516eX8yPYUglVT8w
Liz Dragon,UC2CbtnrNe5oSbIEP-DFlYXw
Animated Zorox,UC2DQnagzeCHtRN8anvZShYQ
Dutidz,UC2ESOCG52hqq7OPiRLfMRAw
Black Gardion Z,UC2EotUEnwSSELL6s_ivNC4g
Mavl,UC2F7BOabQb-lPx0MIHraLng
Channel is no longer active,UC2HdfYOzSCIwePg6kc18bMw
robobop,UC2I1mQzHQicVLRvbdghHAjA
Gacha Life Chanel,UC2ILlbnrHb2z_lLKTqvWotw
ChiskEXE,UC2IjvqR7L0Hqq7lRJ8LcNrg
Tall TV Reporter,UC2IkqsnQAgoOrH0UQvlvXnA
Est Miyamae,UC2JTlVbB0xh_i04SJnJjcrw
Death,UC2KBaVLyjRe5pAC7xsfe8Zw
mari ‚ô°,UC2KvLYpKMvdjvyYfMDCkEEw
Deepvoid,UC2LK2H7exqSJd9yvi4o_Khw
Patsmly&Martin Productions,UC2M3SOhOGZ2emSISWCQt_UQ
Kookieeüíó,UC2MZW3BqHXhAvl-zVsnUcmA
eldanber X,UC2MqEzhevcZzDDv7rYKXWQA
*Jo≈ç Gacha*,UC2N7CYQ1xV0ZMjMBZ4BIa9g
AuroSlayer 23,UC2N8FuhgwgwdAP3WEFR28Hw
DipsyBro,UC2NaCpUnEBlF7w2iGYTReyg
son goku dbz mix,UC2Nl3inW8IOv8ZHLZYkJDBQ
Deimont480,UC2Nmu3BWIaLtGTXj7QeMSVg
S.G teor√≠as,UC2NukZDZCJMA62MXSjYzK6g
CartoonHooligans,UC2PaSHNwAi0zxf_jM_Atsqg
Super teorias owo,UC2QEQJ3Aj2U6SA3Dib3soyQ
GEO SAR,UC2Q_rgihK9_H412Aam6n4xg
Super0yo,UC2Qy9m-ue_VfPMd231_REHw
„Å∞„Å™„Å™,UC2RDNPoWRVvCRfykaS5YlgA
Rad,UC2RxXnifQa_CXaeq9nTacbQ
Duque Anticuado,UC2SPQ0iKxHFQDNEb7pu_eSw
Yommy Gamer,UC2T96k5LFbwq_aq3kgNfaNA
AkazaMods,UC2UGq5sTOSYfsGHZ1FylL0g
davi12,UC2Uoqr0Gd1i_mvscIBVSCEQ
o rlly?,UC2X1O65XHqOFC15Xb_EB1Sw
Luly_Gacha__‚òÖ!¬°,UC2Xbwe-NgePQsqBCDzv1Tog
Noticias Caracol,UC2Xq2PK-got3Rtz9ZJ32hLQ
grognougnou,UC2Y_tpwMLdqY_OYgt-QyUxQ
ThunderRHope,UC2ZLJT7gEx1VsJzYNsXAXmw
KaddogEsp,UC2ZgOP1IHoEWYvggxN62oeg
·¥Ñ ü·¥è·¥°…¥ Íú∞·¥è·¥è ü,UC2_PL9FQbsEzyduIP7qJuqw
xddf,UC2aJnfQfnnZ21aSaik--CRg
Tony Crynight,UC2aNolp7Nc41x9M5CG6XKTg
Carrie Mei,UC2acomKKid6dK1-nA-LzNaQ
Tolegon,UC2bQKjs9VlwXn_ApmlbFjUw
DorianBuilds,UC2c-XwHMheFfWWwh235Q91w
takzumie :D,UC2dBczkdHIDXWsEGMiYacoA
supervore,UC2dVlMHsHv_Izo0HYnV0z_g
Naomi,UC2da25Imj3q1fvDm3_Idfow
Bugado,UC2dlBssyAtjnykYpVrd0smA
Demon Hunter 4827,UC2fOP0C2E5DRN7NKkQ2EnEg
Âæókokun,UC2gwC_SQq8N4PWQTohM8qIA
H Œê ‡∏™ œª ‚ô°,UC2h7eXUINtu07OfBV7dL2VA
MundoYunaiker,UC2jJlTJaSVon-v15FGGNdOQ
Ppg Arts,UC2ji7Igz3c3yjNFpIW6HpBw
SunFIRE,UC2kK_65kV8sYGraIoDzQJFw
Kaneki,UC2l1dX5f7ShBNVSVnwY17Qg
Deeze TM,UC2lz9lNdctgZP38oNlYHzhQ
Redsty Phoenix,UC2ma4z5rpdS0S1ccJcrra5Q
‚Ä¢ItsAle UwU‚Ä¢,UC2meWwen7MsNYKW8QIo-rpA
Master Leah Sakurai,UC2n2Yh67QRdwsG0OZ2OgzAQ
POCHI SCIENCE,UC2n9LSG3Infd_zOGRIknxAw
UVE,UC2neUtAgTz9mbkaQMxu71jg
Duxsell,UC2pyGRx9HdcNQglZFa0isgA
jorosahe,UC2q-TK6oYElWyiqpOMN0vTQ
Amirxd,UC2rI35qbMFf9aiyoAIwzmug
Fzst,UC2sOV9xZJ8m21bi7WUmTBIw
Toonsite Latam,UC2shB1oYrKl5U6bQhj6N9mg
Leunam,UC2sq0kNtEhzmjHCcP1112qg
Cuki Kuin,UC2uEeBS6BFnpVlEjLz4P5QQ
√¢ng√™l√Æt√¢ b√¥n√Æt√¢,UC2vmNVP6K0mcB7CxVVEGfVQ
CS,UC2vpJcjJQH4XS5TamliGdkQ
RxFeR0_YT,UC2wGxHp5WXosBqCcqNgQwkQ
Wanderbots,UC2wac-sRkNMPSFEnaOHCL3g
EdysonGamer,UC2wfTQ839FEmgoCOqyB5B2w
Mr Dead,UC2xBughAdkrZS6iI245VIUw
Evan Thwaites,UC2xTXBUqIWalH6Q6f9z-jEA
SrGato 2,UC2xV4aCgmHhKk7B7Eoqbj4g
Stevengamer 360,UC3-DKOXBJZoK0VFZ81WfUkg
green red mario,UC3-OrvxJYCRv2AJL-NTV8bg
CarneMoidaTV,UC30gstEWDqXJ0cCDnfpfebw
Lost Legends Studios,UC30ojiBsbONgRR8rVW1ihSA
WHOISDENIS,UC30vJ5qOMa5E9Ep-oU-5D3A
CedDrawsNear,UC32B1GF097-DWZyooOgGRjQ
Rafpropaint ,UC32wbN1IoGO_SdHE_RIldDA
V.R.THOMAS,UC33pW7p8ueJ4V0-q0_-kNlw
Tweext,UC359V2ZUFUTjg_lExrIqTPg
Pushpraj singh,UC36NmlAWMsCBkLmbCSz4VmQ
JzBoy,UC37JdJiD6GykkB2HtNLIsRg
EvE 0,UC37oou9Zmhg9tiHhEIntMyQ
Kirink,UC37wha6J5XTVFGfpX7cMoSg
Keita69,UC39ilI2GI0KTBiEmAo-3Weg
David Orochi,UC3AK3jm2UK5Vthcnnl_tHTA
Hulyan Maya,UC3AgxXIspxGB8Mb-6bO9YlA
Sora no Game Live Room,UC3BI5dMqvDkUhRtal_eX18Q
chiwerchiwerfriend,UC3BSmcNCNoX_g1tYiptikkw
Chuvy Fandubs,UC3BeEUx_MYYvdQNfzF3z3XQ
FR∆èD (FREDESTROYA),UC3BiUbV_rP0w5MaexvUSnXw
ŸÖÿµÿ∑ŸÅŸâ GAME OVER,UC3CFqU4KlktVPPJ1Km87pRg
Super Planet Dolan,UC3D_ZXHwaKekKwbO_LM48OQ
MAGENTA-ANIMACIONES ,UC3DgLa4O-7davonv5KMWJ2w
JulieDAce,UC3E3DTiW7nnVb6cp2rLqiEA
AP Animation,UC3EbHWAfVAenQkytv5odtbA
–≠–†–ò–ö–ê –•–ê–ù–¢–ï–†,UC3GwlqPMcrGtN_xeOqwRaeQ
El Economista Youtuber,UC3H6CN10r3tbOqDlp6OHsXQ
Luxo Games,UC3IBBjeWWIri6Ju_9WLh_JQ
Gabriela Zavaleta,UC3IVlPWAJmJ3ltle7HC3lIw
HYBE LABELS,UC3IZKseVpdzPSBaWxBxundA
Floy Moon,UC3J20tFADtLdt8pTKYwTERA
Countryballs L.A,UC3Km9ybxbiwsjOMcOjKhNXg
Primal Gameplay,UC3L1FwovmW94GWJeWU-vNDQ
Broken Sugar Skull,UC3LHLZpZih3l-PH7fFFKTzw
ElChurches,UC3MkSLMRz4KzhsjPUtBtPdg
H724 Noticias,UC3NbtVxLkfD5DduRBKi1pfQ
JHONNIERTY,UC3Oi9_q8RnhPa2-AJdXDgVQ
Per√∫ Inti M√≠stico,UC3On-iJhxOLsUQeoogswYlg
Short Stories,UC3OyO1Ry7puJ7UIUjEvKj7Q
``C Ä·¥á·¥¢ è T·¥Ä·¥á ÃÅ ÃÅ,UC3P2zgy8UmDT7690ev8obag
EilanPRO,UC3PUKg77aqY4J9CGaE_UK3g
elxokas SHORTS,UC3Q8KooBkJEJsgbegRbnJdw
Squidward,UC3RPeogGy_zfIs4Q4qSnHqA
MiffedCrew,UC3Rs4IiovGinYZovnYUquOw
Lakshart Nia,UC3S00TTGL6MlmumRLbnpnjQ
ToonSide!,UC3SFb2dBvmxMcCHJxfyrRIg
The Diego Gamer,UC3Sr1ut-rtC5CO3vKEiP-Dw
Tim The RedBot,UC3TAc3QqlQzGPiYujS2JwOA
Spider-Gaunlet,UC3TiPJ7tQ1r3SqYAz0kHuAQ
Pilar,UC3TwE9iNC_YK-D4RRdq5plg
TreknoZone,UC3UAOPKRWEqdTt6dKfbfgmw
via Blocks,UC3VBuU-Ywv1qJGXLk05R-Dg
Hayden Awesome,UC3VipoLbrIrmIKzljdv5y0Q
MEMES de Hazbin y helluva,UC3W6nt656r-vnew3uSnW0ZQ
Archive.,UC3Wb9te702jx3imCOj-LobA
Max Dubs,UC3WyVk5KhFZyZglNZz5emnQ
PhoenixDubs V,UC3YJnnzR7f6hu3uZ4oii0ig
Historias Curiosas,UC3YyphqHJoiMPT5h9aXMNUA
·É¶Neko Chan·É¶,UC3ZNPJYx909T8Xokk1T_P0Q
WorkpointOfficial,UC3ZkCd7XtUREnjjt3cyY_gg
chess,UC3_K2tfhWLoVytlcsTJvdlw
Happy Sunflower,UC3bMKZlzlOjitaucRyHztyg
Luis Bustamante,UC3bNhu-RtXtZn0bBAA0KVbw
Jayden,UC3bW3vgm4Ha5lCPmzD-beBA
Heather The Brezo üè≥Ô∏è‚Äç‚ößÔ∏è,UC3bfxM7xX3XeKIRIkivJssg
Wrenin3,UC3c53oYAMrlev3CXiz3UGoA
GekkoH,UC3cGClhJArGE3vpReHvzwzA
Danny Studios,UC3e3uPzyHA6aP5HD0fr3n2w
Juan Calistro,UC3ehVhyfY9J6DHRt95TWvYg
TonnyAlvarez18,UC3f-ky7BV83jyOJBKouTIhA
No existe XD,UC3fNmEUCbLVacoZYfQgGNxw
Necko Tops,UC3fOPoGxBThDVBsunJHXR4w
Wolfy Animations,UC3gMRRQCPrqgSZ_69Gef3Ig
Movieclips,UC3gNmTGu-TTbFPpfSs5kNkg
GohanDB SSGSS,UC3h86NhpooBzB9Mra9nIgDA
DVBUFO,UC3hFfmYkgqLeq95Y1hr9paw
CubeChad,UC3icASmS_jMjC1IKsKgbJqQ
Tops Y Misterios,UC3jLoYJEB5oDreCRhkMkPAA
Abel Gamer 233,UC3jS-auBcgiJEAmNAf8ejyA
ESE FLOS,UC3jyOzbiqy8jApeuNcITcbQ
Cifrovoj Drakosha,UC3k3hauoSwdFZaO8dVOn_wQ
Tubro Turtle,UC3k7l9YOmd5d1BlW4d4rUOQ
Un shortsito,UC3lFgoAP3ZBzOUVHlk3RJjg
Nicky,UC3lsBMfYoFj6SmDrJZZEesA
Nicudy Blog's,UC3m18rq8ifZm9_ULURjr4vA
Matonga,UC3mKdks1znfPbWbvEEZcLSQ
Luis Pinto Mu√±oz,UC3mO_kjI55wnwdgv9l89LCw
That Other Animator,UC3nr1_Fywzl9GadOfXubZrA
Jaze Cinema,UC3oPy4QGH5q9txrra13FjgQ
ADFIN,UC3ohz7pq66roLdsFTR7UJCQ
Andy Rivera,UC3pIMMW_M3TFsF8YBzOHTWw
kattx,UC3pZ2YyMPS2WNbwwGIyxDVw
purrkuri,UC3q2X9a9nQb0l3N8uUvFNiw
Good,UC3rErvJ8leMs1N8z8Xe6BSw
CELL Entertainment,UC3tCYNOONTBqnGMbFZTpQIg
Kyskke,UC3tZRm0-gebQjRqkTxcrkkg
CEO of youtube,UC3uN415d86Yx9TW3uX3KIjg
Bowser98 ,UC3u_WQr_kMeKxuTxDOikM2A
The TopGrin,UC3yPcMFBQ-U37tIZ2g1Ie1Q
comienzo,UC3zFTBqoaHctZdRr6dpMs9A
Absolute Dream,UC4-makAlE4mcSvIbQGcavXw
Black,UC400h4vPbXVacuS-FTYM-4w
Irka Studios,UC411nhaK8ybOaJix33dz8Cg
Soysonic1,UC41MCxRGPBwzv9lU6YCaSfQ
Joao,UC42GfQDLQPnr3ZJVcOaRG-Q
ùìö_ùìÆùì∑.. ¬°,UC44VdSKsSS-AJ-LUdYLLiVw
Pegosho,UC454vurZSpyNos_aLKVWS8g
Ruso El Profe,UC45APSAfqQDcq4Bl-GnV5oQ
Andre se hace Gamer,UC45TGakhd-QcI_Y3WLMz3-g
AleVera Oficial,UC46bOtPQrSPOhQCjWK9fzgw
Pleassureband,UC475GCFL7iBdwKnHwxuc9UQ
Goku Ssj,UC47nbd-OdPzCQoPoZ5STdXg
Ch3Thailand,UC48h7Dst_hX82HxOf3xJw_w
JannerBros GAMING,UC48ltBdoaXYskO_BFKgZaqQ
Mortal,UC48mie8QtXpQ2fpcNIUrEDA
Nose,UC498qDhV8d7XIshCSA7HD3A
adrianüóø,UC49RdhF8USX5YDrIJAeBv2A
OhKris ,UC49qfYP1JwrHrE3mBmEMDdg
VicTE (Double S Animations),UC4BJ0s5wY-i5Ll9Y39MBRYw
2020 - Fin de los tiempos,UC4C-bauuHodrIPSST_DQv_w
‚òÜ Goldfizh ‚òÜ  [ARCHIVE],UC4CK4VAYOQuoILSceMh_Buw
Eviler 75,UC4GOoi1Ydwpw4J-42KWhU6Q
Dan Angelus C,UC4GRF2TmWF_LwLhNtEBgM9w
Cuddle X Giggles HTF,UC4Gzoji5nAlA-IW4y-OyfMw
Comparaci√≥n de doblajes,UC4I4RUJqCRPV-n8CoZjEJYg
Ifieeiekdk,UC4IbJIAnBkGuZuPgDNIKR5A
camelot historia ,UC4L1b47x55xhowlD8GBqIpw
TheWillyrex,UC4LHNX8d8RqnDX0OezgmCTg
Los Streams de HaunterzZ,UC4OyAKm6CjvOYAbn1XNEP6w
Sonic boom Dark 555 ‚Ä¢,UC4P6WOyZbN2hlEhVjjRe8bQ
Live,UC4R8DWoMoI7CAwX8_LjQHig
4Fiki¬Æ | Teor√≠as y An√°lisis,UC4RQEodkHV7Uu0xbeaPDE1g
David Lim√•s XD,UC4RpJ8Qr-ipq-gryEsydfqg
Disney Studios T√ºrkiye,UC4S3I3M6PkE2luEFWY75S2w
Slither MasterSp,UC4SOfng_dtO3cUmgd3mhuWQ
qasi,UC4UIUxKrc86IG8TxiBNCoqw
Kitsu Vk Play,UC4VEN5D4k6Jh32-hYr_xE6w
Umy_zumy ,UC4VLJS2trlDQDS_D6ZSPbLg
Power Edition,UC4WdE4dhOWug7_My2d30idQ
‚Ä¢Ruby‚Ä¢,UC4Wv1qnOpoIyuMDrNGbpjbQ
Oliver As Latias,UC4_PmI1IvpaAIxNj3CxN5Wg
NansudDux,UC4_ey9ed8fv5kT09fZvd_tg
¬° Tu Chica Anime !,UC4a9AkQ8aq_RSZQ_EcDts2A
Paul Wil slap u,UC4bv7d-SkzJjAgikjHIPEyQ
Francisco Games,UC4dBitrpV0KO21zNcKOSWxg
nbglowrock12,UC4do8EoXLRGLgrI4egQg-Hw
DMarinaTV,UC4dsBb3p9Vt4JS9tFd503ng
TrueLier,UC4du1bB5PyXui_2wgtq5ujw
RyusakiDub,UC4eqmM3l1pYbN4P-4_EwM-g
Minylex ,UC4evh7pH92w88sr_2VwDuFw
Alex Hedgefox,UC4hxZeyM0195lsmO1r3eHVA
La pi√±a c√≥smica,UC4i8y20GCwYuY-dHYGtK1dA
Carman Rivel,UC4iapZdza5DBMTJpWhqXKUA
Joe,UC4m1l1G3tpb4C1EiljBLI3A
CuteDoodlesOfficial,UC4nJYhPocNIafnWMGDckCmg
DarkCraft Network,UC4o-2FGZM06HYnGrbbWanDg
Hugo Lopez Ni√±o,UC4oMml9sVQH-68Pl7Nc_QtA
Im_Rapictor!‚Ä¢Sofi‚Ä¢üåπ Louse by EmyWolf8.0,UC4oZUKFDZvqvXkyFAUTGILQ
Dylan McVillain,UC4prLyyYSAM1nFhtq6gD1tQ
Meper,UC4qGjfHvrayrowtwcZZPs2g
NasuAnim,UC4q_T973BVkk2cEs1Nxea1A
EstrellaRoja-Animaciones,UC4rI9AW5q2MTXN4tSGAHMyA
Alezzandro,UC4sKJd3YkHgkeE1aHUl9R_A
Mineclax,UC4sP8aM0xUS4kDHWMNp_Tpg
love gacha,UC4sW5fX15KI1Ad1mKR3fNBw
I'm_Alexis_‚ô°,UC4sd5FzWYaZBc_mKVixQo9Q
Skaggles the Squirrel,UC4tK-rh2VxsF_Srgm9Es4ew
64 Bits,UC4tOrC-cMzgpBWZBe-VHECQ
STICK MAN UNIVERSE,UC4u8YGI-jVldH-QzROlGqUg
Top10Mejores,UC4uAdNnNejbecWuEWgHTZnw
ArcadeCloud en Espa√±ol,UC4uB4UOiulsYudRHBtgq6Yw
Juan Carlos Espinosa,UC4uJH7vcbjQkEQD8T6YIoVA
Raconidas,UC4uuN_VQvkg9FxXDERjzGfQ
Juan,UC4vAiCJ_Pq3Q4K9XbRLKP5Q
Sam Procrastinates,UC4vCofhl4Wq8gaF7ouaI0UQ
son Goku ssj3 amv videos,UC4vJu8JUyU61HVI7h39IA_w
Xx_Zerogaming_xX 660,UC4wJH1KfKrbDJo_o5B7XaKA
Pablo El Genial,UC4walNxL_4Hr04-YF6cEg-w
Wack.,UC4xcPw_ni26C8lmGC25oWew
Victaton,UC4yLvk8fhciwtQmgOsGXKPg
Fuzzy Nuts,UC4yW72KQLVbjX3lWCdkNULQ
Maxi,UC4ycq06TpmkPxAyaHRSNy0Q
WefeOfficial,UC4yn9lb7-i-hs42uBU7dpLQ
Kutcha Wants2playz,UC4ytWAm10LjaeS53LpQfJOA
JuanRomeo D' Noxus,UC4yxC7yhbDYOJpgbT1XUA1w
AppleSauceCraft,UC5-SnOk8O_KGFi8l06zrDow
Axel AMX,UC51WBfCI5R01kHITiVp0y0g
Games Maniac,UC51yOKtRFyZI41DAZeo0BXw
‚Ä¢Luna Vega‚Ä¢,UC52Zo5VeFJUz2cMwHxoYhmA
CdeCiencia,UC52hytXteCKmuOzMViTK8_w
Jimjim,UC54jnKLtE2KXEAoZbHTmTYw
DanoxDub,UC554WxWTbcZM2n-YzVQXrPA
nahu ludue√±a,UC55Rnvd5a_rBFLdYjJtad_g
Axel Oliva,UC55pJH56LIAK6O44rI37p8A
RulyRuth,UC55s1_JTiEI0F1JlFYMu2tw
kawaiihtf,UC560wCGQKqCnUYq1soYn7LQ
Lu the goddess,UC56OwjM0ECdnf-NjBKhuOGg
MaxiMas,UC57CpAkqGMS1xJ4UqH1WDpg
Lunatic,UC58flhBb8HVSxBkMSi5mvuw
Kanet Sempai √íw√ì,UC59Y5m7Q9xW-k-01OoSCn9Q
WinterRC,UC5ABqLrFSZqP6QgLNrhBJsw
OblivionFall,UC5AO-ZnqAMIZY8tCYYxwfqg
DestivisMapping,UC5AOj72QgiVZS__TIwW79Ow
AnGe By!!,UC5BAsLTWLDE_kOPQARphcpw
__Spring Box__,UC5BN3gC9FJ4vfC0mjEWUQRg
Qu√© pasar√≠a si - What If Espa√±ol,UC5BW1w7JyJW3r8rpR3BhqKA
Mini_Team_Japon_Vicky,UC5D3KF-dVmgXa1-2xXGd0bg
AnotherDemon0309,UC5ETsd6eWmeRKA60ltF-Qcg
DibuJame MaSter,UC5EvdcK1OGsHCRMeXuV1Eig
Palomitas Flow,UC5G9nFeiCRFNvr5bh58BqHg
GGsuper64,UC5GuotlMXPif0ijHmNJsgPw
akihabaraboy,UC5I1E3LXnGYp7yHf-JXRnDg
Manuel Turizo,UC5Jn-9jqrVvKm9Hx0WW8Pgw
Mickey Mouse,UC5K8SEF_7GQBedXIjtXLCRg
Adiestramiento Canino Dalecan,UC5Kl75Bd-s-mKfIiOkiS56Q
Rewind Rumble,UC5LmzxJkeAWq5pNDQ1oyBGw
Santiago Bilinkis,UC5PwIMtLiIBCBhsu8f_-6UQ
MaBLuth,UC5Q4Ayqp4e_oUnhLgScNXig
Tesla 11,UC5QJH_2mwi4CPRX7mVmfzdA
el xddddddddddd2,UC5QRakutD89WkFIwnxV1lQw
MT Films,UC5RJcGivaNLvbSxZy3f3mSg
Alex,UC5RuFdwOcDaRAk5P2hb_bSQ
ANIME ANALISIS 2.0,UC5TLlGj8ffpq3-eIokinSgA
Mocha Rose,UC5TdEMGwAG5RQVfQCukPYnw
Super Teor√≠as De Black,UC5VArJ_cX5kQBU30JUo-_wQ
Psycho Purge 2.0,UC5W0Lo6V_x5u0yfgWZkhf1w
angelysaras,UC5WwsN-iuCndwZfBGpcuRCw
Alex Batako Toons,UC5XEiAH14ciavEbdsFnsgCg
Cjmiller,UC5ZN97jWDBiokC8-MervVgA
Xploshi,UC5ZYmN3WCpRv3WGUB6PXCkw
Netflix Latinoam√©rica,UC5ZiUaIJ2b5dYBYGf5iEUrA
„Äê„Éá„Éü„Ç´„Éü„ÄëSN0Wyy,UC5aDKSxf7Y8ZBpDZf1PGW5g
ÍßÅCarolina MiauÍßÇ,UC5c3tHEzMQIKgyjH2qpBVlg
SHAKA Games,UC5cZpmz-T2BFLmi0yljResQ
Red Bird3903,UC5ccQgJQIZzA_aSPAfCCqlQ
 FC,UC5d0I5t-Rr2F_NXq1yYTbbg
fernandA¬ø?,UC5d667tTcKNIyM5bmnDalZw
Alanita P√©rez,UC5dRWN00Ij3NnsDemkvpr-Q
Jaime A.,UC5dXpV4_QB_lM3kZDFg93UQ
CreepyLand03,UC5dhecEoxSBis6yWwvXCOOw
Typhoon Cinema,UC5dr8DMXhPeU3yKpEn8nR7Q
Max Wolf,UC5e5Xj2Bia6tOHgu3GrvQIQ
FusionZGamer,UC5enhS5tdXhHNbj8s_kdBUw
dsand,UC5f7SMkMhIwMBAujIdt79zg
dedede the superstar warrior,UC5fUV7afQVvrVYxObMQ85YA
√ó‚Ä¢LadyBananita‚Ä¢√ó,UC5fc7LisUmKAGbW6WpJU2Mg
Amur0 Games,UC5fiN_BkmON30zePe2fr44w
Heart Green,UC5g60V5MrnfhNnVWdRA0nHw
CLASHING ADDA,UC5gd4f2rw19A0jx_QPwDaBQ
Matess,UC5gyJ09oesiS_jFKkdlLohQ
Blue Berry Genkina,UC5ho_Ydd-3nGp_nq8Jdik9A
BONILLITATHEHEDGEHOG,UC5hy25GqAPSd1DIvREhj5FA
Goku Black Teorias,UC5j6602GTCR9sA8Igl8KKRg
BlastphamousHD TV2,UC5jXaG34uXNGLoKAiSbhCTA
Thefedek,UC5k1n53_OxIX-VxtEn3-Kcw
Time4PlayGames,UC5kPrvveEFcdpdu52IR7A4w
Il TeKu lI,UC5kyfrp3Z6xlpSuK9A8_jwg
Mr. JJ,UC5lJa8wcQTi7IiEoXsBEUVg
Hablemos De Drag√≥n ball ,UC5lUWmsWCn37eM0DdB5qInQ
Son Trikka,UC5m-dQkzqxe8UxTWSD1O2Ow
Chrisdiuu,UC5oVNjGOukKlYoGds3lTL2g
RanZar - Cartoon about Tanks,UC5oZg3AX_dLTAJH-Y0TjZHQ
ElJosmita,UC5oqKBoxMWrJLKKAvuWRXWg
Ruben Machado,UC5os04gJt0qmuPwiwIOsbGg
CroyaleUniversal,UC5pmKXplHfBM6Ud7Udr-1zw
SN4ILX,UC5q4mUxy3uaWlXa0y6ri8lw
Efrain loquendo,UC5rX0--X_GV0ak5sSgtb9vw
Numio,UC5sp8KQvHB3PVMWsOlXMn-Q
‚ô¶Ô∏èKatty-San‚ô¶Ô∏è,UC5t3-e4GtI-dqZG6-4q7kPA
xFaRgAnx YT,UC5uFttEUB_fNnJqBly_jRXQ
Mars,UC5vqEgRZZoxzZeRfDdmPK_A
Kiara Gamer,UC5y9HQgLJvX1RqFfEqMqImA
Tony_V.C,UC5yN_Yl8DTI8LrZCPyHn2Cg
zbing z.,UC5zGJZpxeZPFcds5gFcDE7Q
Bettina Levy,UC6-EmBtXmXOMPF-vWr9YaJA
Nwot Takatsuki,UC60LIHPnFrdJHU9iC6gp7qA
KiraDrast,UC60jnB7TIOYoShlonufj1ZQ
Clash Royale en Espa√±ol,UC62hT7P4rX-FyuM3RQuGgnQ
LOKMAN,UC62pVrrS3crLJXwVmenKAuA
PabloGamer20,UC63H1hnDMpRxhiJrQhT3a4A
Braws RV,UC642phtcn5uaIn0T2zulXtg
Dumbazz,UC64Dw03B-EgwrNERMOy1u5w
Diego YT,UC64awV_JJTPbjzjMayT5piA
Krinkels,UC64tqaIUdbAcOajtGHnV-qw
xNekuFDBx,UC65GYMM_emsqyDM1dl2Sblw
little bits,UC65VvLD6655TAh8Os0Np5PQ
KarenM√©ndezKM,UC66UiuqOE5Sy0sR3OX6qO3g
sandra 7w7,UC66umoOnbPMGv9uPi78S_zw
Kika Nieto,UC67qfftymkxZk_3aWOklaaA
Sr. Ludker Respaldo,UC685IXJfvMyk9oneaQ0GtPg
Suga 0o0,UC68Hbm8JlygOSAhXnmTnlIQ
Cherry UwUü§ç,UC69V0suFB9KTdwqZwzH2QjQ
Raifle,UC69xVfIN_OyaK-EApFjHCpA
Robotboi,UC6AV7FfWqdPF5XJP1YipIwQ
Grriz11,UC6B0nOqzlBBoVlUTiSAgsnw
Í®Ñ MiraiShai Í®Ñ,UC6BR_LYcBTKw5wQR1j64eGQ
FerRguez94,UC6EaKG3EmyGFw8FAG1Rteeg
EL NUTRY,UC6FEOLo1n7pqGLFTi3bo_fQ
The Question Maniac,UC6FvOR1cTeF_K5AJeVmZHTg
Getvss,UC6H1Jv1z1-fxAfbkDJu_tJg
GALAXIA 78,UC6HLeqF4ArXsAgYPRuqb4uQ
‚òÖRossy moon‚òÖ,UC6I1-yT36uEdbckydLZIgBQ
Shoyoumomo,UC6IrCP7CYJkPe7wj-0fzhhQ
tonyelcrack elcrack,UC6Jhf3AeAqOSEGmAcidCz6Q
FUNDACI√ìN CASA DE ORACI√ìN DE MAR√çA INMACULADA,UC6JiIdLMrE69rafxgdcVGCw
SB Playbook,UC6JjqS2yMA_HM37TZEg3yYA
Vegetto theories,UC6KMcYOcDTofs5VUloacwhA
‚òÜs ú·¥è·¥ã·¥è·¥è‚òÜ,UC6LWX--XuXsLayKuscm-cBA
SaSaGiX,UC6MMSQjV1XPbwdjNQ2c2O0Q
sargym,UC6NVGgOxSEfg_OatMl8ZC8g
LoreChirik,UC6NuJe_Y55QlyukHm4h23yQ
LilAbriel,UC6OBMX2y_I1Z2m_DgIACUjg
YTdrengen2,UC6OIu42oGdCFPUxbIv0S4ow
Chileball animaciones,UC6Of4IWxnl1lT6C0Sui702A
Zacky_zap,UC6P-w15EDtoM-XElaAkTgLA
Gramajo,UC6Q-Xpd--DVN98hgt1Y1hvg
Daggam,UC6Q2-7p6RQARaLHtFofh1HQ
ANNA GLENS,UC6Q5sakuvlb4lDt3f7UDf0A
G_D,UC6Qedey3gG1yNds38v4UP9A
pi√±a de memes sv,UC6RVv6U9HbqjN1GirXrEOig
NotAffiliated,UC6S2s7fteUaAgKw4E_h1SqQ
Adrian M√©xicano JK ,UC6ShuTZGOUU8oJdb6QvIE3Q
Tadeo89Crah,UC6SqFP0qAWmCRjsF1IDA1Iw
Tankooi,UC6SqHPVhklnwhInscgSpYpw
Explicaciones Virales ü§Ø,UC6T3nAflbCwT1Yt4SEb8LxA
XxA≈Ç—îœáƒØ≈° √êŒ±—èkxX,UC6TAhj3SGqoZM9rpNt9SyyA
Le's Emblem Loud! xd,UC6TfqeGL90H6tQ-7Mau_pGg
Zagal,UC6UEp8N9b28kf1STljIW5Zw
Flora Lopez,UC6UlGBTx3XSBBcAQzkGTpDA
Jachri,UC6VX06R5-isVK_r8kKiZLxg
üå∏Kitoshiüå∏,UC6VxySBF6NoyuR4FG3b9_kA
-Seventy-!¬° ‚òÜ,UC6W-s4rmxjLAu1jSDml7keA
„Ää„ÄéHonyl„Äè„Äã,UC6W72KJIjoCT1RSrMfcffFw
Kitti Dob√°k,UC6XEujwIzOT78s8ymtt-cmg
BubbaGamer,UC6XcGdRwjm8H4Evh_BtuFYA
AMV SESONIC 12,UC6XyVl-DAtGBsgj2KcnwXEQ
Kitty channel afnan,UC6ZgElQrlv_9VkcYneraBWA
Gta Games,UC6a4hxytiApWQowgg-Y3Ofg
LIONELXD50,UC6aJZLXJuifkaPX_vpIomjw
Lobo Tauron,UC6b4x8rhyEuT8kc93uVsfrg
Fan Fics Tops ,UC6b9ObXPwC-sekM_xq1_TTg
DoguitoVio,UC6bGz8dFdE5rcpxM19yhViA
Cutix Candy,UC6bxtfOvePCWaJoV6G_bxvA
ElVeneHK,UC6cPmKc1Df36iFbzcZtVf1A
–§–∞–Ω—Ç–∞–π–º –ù—è—à–∞,UC6ceeqsNA4e6gH-YZE48TUw
Purple Unknown,UC6cmTOfIyG7yrOuFIdg7HIg
Dom√©nica Leonkiller 2005,UC6duudTfKv4Vl0H5akxB4OA
Breeze El Leon,UC6eqMjsSOIVAuTJADS7ehoA
LamperWillow,UC6fNQDDxYfe0Bb9M109Zhfg
√óBloody Russell√ó,UC6fTxlvhYZLYxdUMot822vw
Pedro Cap√≥,UC6goaPmi9oiGf3IVrVb6AmQ
Haimazulee,UC6hIOh6DU3avBRr_-_xcxHQ
Rukavov,UC6jQPnAI4Y3bAUURzlxpr0g
üåÄLj the speed Demon HedgehogüåÄ,UC6jiO3o13Lq-AYWStc_HoSQ
DiEgUeTeE Loquendo,UC6kairO83rGHnDifJw7zgVA
Pikucho Loquendero,UC6keqJShUoOTRenXrf0ZURQ
Okami Alpha,UC6l0f36S5pT4tC8mq6BUx2A
lazaro el neo crak torres,UC6lV64cmTMqYa6EH6idjeqA
WndN3nw,UC6mSw7_xKIXN9f1IaKZIGpA
Murpalani,UC6njHZsZD3JidLTnD8BeT8w
ÍßÅ  ü·¥ú·¥Ñ…™·¥Ä·¥ã54 ÍßÇ,UC6nxEPL5l-pxBecAGqXZACQ
Loquepasa,UC6ojzSXZMPbsT0rGOs-NFYQ
Kage Dome,UC6ptP4g1h1seTtS22NzxLJA
Eddiction,UC6q0FU5Me15yZH5j5z8Xeag
BoomBuster,UC6qUL1hvkO43Ml5Q1b8fBgQ
Nintendatos,UC6uRqmLw7WXXJr7eaPsUcaQ
Meme Man√≠a,UC6ueHnttYkb35-xfr5mN17Q
SoyMiko,UC6ufWIOsoQxEZhjcUMKKlsw
„Çç„Éº„Åï„Çì/Roosan,UC6vuzESHHoAkWYGNT1rqZwg
Duke MSK118,UC6y0m0bJ9Owm-zNzJcn9q8A
flaneurGo,UC6y9kY7pMATd8rsrCSeObng
Lunar Moon [üéóÔ∏èüëë],UC6zEK4f8Lg29VhoN2a-OViw
Maher Assyrian,UC6zv5HKGsg5FjiRG-YGb5_A
TopMax,UC7-EJtnI9Zdr6wBM4vdhnfQ
Mikellina :3 no original,UC70GD8KpdIG_FEyq4bdVEsw
CHIQUITO,UC70YlVGFPWYNXBU4vJ_ochQ
XD Lihona,UC70rCaSZzu4KvtuLon3aKuw
javiera le√≥n :3,UC713x75CXaaOyCx7zV3TIwg
Dans Aizawa,UC71HsNO9-MfgKQK_qxm_Wjw
Vegetto Teor√≠as Super,UC727477V_i9Fd9iHUa_1mqQ
Danielitox,UC72eZe0PvIcbiXxHyIxxriA
SARS,UC72i2B8z9iKHJbznemcqhpA
Raybid,UC72qgt4s1G48wt6yIAnv9fg
Factykillian,UC7383TY1krHnG19pGXunpNw
bea,UC73ZlbFpnCJ-HXWJ5Jl4SAw
Adriax M28,UC74dCQ-8KNSQw7nu0KICMVQ
Secplay,UC74zjRpKjBvh9OX74L49Gfg
Gekriz-Animations,UC76JiJmRNIyzodcp_B4gycQ
Rabian Teorias Z,UC77pTbaghBSPHHzyV6l7dew
StraikerEks,UC78yn20oHHFhSi7qPdpVuNg
Nortu_beast74,UC798-sINtYBPEWkQQkVjmnw
SimplyAlexei,UC799upLWBH087F31vZ3f-vw
Zack Gara,UC79qAyuBzNQxzlpcR3IH7Kg
STR Red,UC7B-GglTR_SBfM5pgrC39fA
Dnorm,UC7Bdj9qiTt34nbaDjDZ30Tw
Namy Gaga,UC7BgP82wOQzspRw7Q4VSFoQ
Lukyoka,UC7C84aCJXA6w_jOMvuqSM0Q
œâÂΩ°I'm Star Wolf UwUÂΩ°œâ,UC7CA6wyIuvyt6s03iI2bOqw
–ê–ª–∏—Å–∞ 3829,UC7CX_CqBl8x_zZlGHLjHA6g
Apixelados,UC7ClFb9pmZevL94lCXOg_dg
Le√≥n Picar√≥n,UC7EPUDULa-Oru2MpL7UV8sA
AtomiK.O.,UC7FFfS8Gaz0YSB8Gg0-VRew
JAB,UC7G2xTp2dZG-sm8kVj_gmrQ
PurpleGoobie,UC7HejZCrNSyVt-tgvk-lrGw
Strikerdubs,UC7HmZYYewic79OAfRIh6Nbg
tehRogue,UC7If2E1Rrgzlgo_28uUAhUw
iPettyNote,UC7Ise6533XlI2EX6C7rpqxA
‡º∫‡ºàÕº”á“øœæ…µ∆ëƒ≠ƒã—ï‡ºà‡ºª,UC7Jp8OQ74ELGeDP6-4FzvBg
Bray,UC7JzCvgxFjSz7DoGOWTB_yQ
Abraham Z,UC7K7ewlgNW4Fx9kRxZFe9Nw
Keimer Florentino suero,UC7KGwoJGDDccP7x5GZG696w
The Roblox Disappointment,UC7LHJH_KCngcvuUqqivtSOQ
FlapFlap,UC7LcAXREXNAmeKkJ483AaRQ
SSJ9K,UC7LnJAhfmQBqKWIYQ7WBpkQ
Things Craft,UC7MG59fPRHG_uYrUdAYjnLg
ThatOneGuy'sAnimations,UC7MxBUUiCi5kwbqi_KB3Q3Q
Chakra-X,UC7Ngpiao3bDmhTBP9MIe4OQ
Emecsem,UC7PpFnJNpyBvBhH0E58zH1w
LOLiTO FDEZ,UC7QiWlK7a7RePg3krLeBK0w
Joel 162,UC7SMld-MrBn4L1l9QqLhKiw
Clan Mercenarios FF,UC7Sg4EarEEo50k2qLIs8_RA
Ruined Mapping,UC7SnWcrF5JYbCpVrdbDF9OA
 ùîçùîûùî≥ùî¶ùî¢ùîØ,UC7SoEQP5243NOvUr3VS1g1w
braixen brujita7W7,UC7TquQs1DGOjKk7t-8m5eUQ
CrashFox,UC7VPY8HedAgazDy9h_fPpCQ
Renan The Fangame Player,UC7XJPWItZ9FS_7KbKkoLEuw
Lulitann Htf,UC7YIhgKfinMZOji_N-CFZ0Q
ZERO,UC7ZuBe5olTT6FqOnLCcv2Lw
Markiplier,UC7_YxT-KID8kRbqZo7MyscQ
Snaguinius,UC7gI6McaglXhsE5r0lKFhrQ
Movistar Colombia,UC7gqSa_ORMJ5UyVybdN7q6w
EmperorFaiz,UC7gy-fhYhOTiFP4ckw10SDw
Shonie Boy,UC7h1PutpfxyoUPPSO2pctxw
TannGosu,UC7h2wG2zNrtIGz7wCFaeefg
ROKUDO,UC7h4aASrGGKUYXZiyGbnKIw
blocco,UC7ipMJQuCj8Yqw62ebuAWEw
Sonic and MLP Maker,UC7jBEbNi2Q6tYqkI5Mdb7gw
TheYonking,UC7jbCjuRjH8YRYjs33Pr2cQ
Alanisimo Gamer,UC7kHgkLOl7T2oI78OMoiq2g
Lilcuppy ‚ÄúLilBlue‚Äù,UC7kn5aKEcWPE1BR8xBz9KEA
Phi,UC7lUotfM_RTSQS2juL8-kOg
Mary - Frozencrystal,UC7n0UHM4kDwLbUIoBGjiZ_g
Leovio por siempre,UC7nDXK8Iopzq2snjudf3QtA
Takju Choko ÌÉÅÏ£º Ï™ºÍº¨,UC7nVGqibbYgrzh733LDffNQ
In Search Of My Salvation,UC7oDIul0vnwCTkPEPCN0D8w
Blue hoodie Animation,UC7oNQt4hujOSbWtB5l7dDKw
Parrot Cinema,UC7qfvnLIT-kD9H2Uql0t0cw
Diialy Teor√≠as,UC7sWyUU4010Tjcifs9tJP3g
Hyourinjutsu,UC7t2GoFvc1jwp_NdprcecgQ
Lilian Gonzalez,UC7vHC-lZ3HVj546HGIvCwGA
Blox 1010,UC7w8BY09MR1-zXmNVhPsXgw
TheMinus,UC7wPlwnSApzBfegtCBb9y-Q
bastanO,UC7x-4w0IBYRU2JKQ2lKcoSw
HEROSHIMA FF,UC7xv3TfFxvjDPg-lQr28_-g
The Chongo Show,UC7yIg3m2E8lDQxDn19dGt2g
Mewter Miu,UC7yxaXqFVkOb9baJ8fhGYDQ
SonicSong182,UC7yzMJSKJSp5O2zuzgt3Wsw
ÍßÅyarindaÍßÇ,UC8-DcGY1pGYxQRwNMqab4xw
JV GAMER,UC8-hQWib8TzNo0EjBlOmVsw
Derxxo,UC807CHbQMqzvkukJmcj0FSQ
Kitty winter channel,UC81C6rWhiMjKi8ZMrvUcZMQ
Astros con canciones de fondo,UC81gMYEitqfqtVvdEAeRcQw
Ache,UC83As9VwGe40R7fHE4uV7kg
Antena 3,UC84t25xqhPEPpGY7NBZJ_eA
Mister Hero,UC87h0Wcs1dQeLPMPxaFjTxA
LadyDemon -CreepyLimon-,UC88BzbYXYB17dthfkIUkWzg
PeruGOOD,UC88DMssT0eCK4E5I99E_XyQ
Yoshimitsu C√°leon,UC88aj8A5sV45JMQqTWbqzbw
Countryballs Argentina,UC89864XfR6nXgxv47X8XzHA
Mainly Blank,UC8A92p55WyCbGEEMkmdb__Q
Haign,UC8AJkH5rdyP8kKiXCwUNIug
Joaqui loki,UC8AZ9Kxqiy4qLhGHf4O7bOw
Octormoon,UC8Adv492Hcqh2OcAqLsRoFw
iAmCrunchy1,UC8DHzkNMcNol9OOPrY3bvmQ
JermsterJerm,UC8Db8ciRxEfNcTjLqIxlh7A
JIMMYSAN151,UC8Do5aZLxMwYxUse1S04cMQ
SG Wolfie,UC8ErCG-0BrEOizmHwLa8sMA
GriffinIsAsleep·É¶,UC8FAInasLUNKVb1woRfUemA
Doincler,UC8FF9-ucf9iNHe8dUQR99bA
the loud house tv,UC8FpXXHLWRb9xR-QVa5nFZA
axkqz-,UC8GWmaTRUTiqF0diCa-LuTg
mara,UC8Gk075bF6AzLfTwDMpc6LQ
RetroSpecter,UC8H0nNZJfP4zYpuvdl_4AeA
Shadow Tux XD,UC8H3aY2XJLLGiIBh8eTza_w
‚Ä¢‚Ä¢‚Ä¢Adagio Dazzle‚Ä¢‚Ä¢‚Ä¢,UC8H5qdBtLCgdarmKq4UgigA
XxAngel NekoxX,UC8INETzt3urvSpbmY9dkx3A
Rals K√°isser,UC8Ih2Ahnao-dpyhkFcYQwTw
ThanhMC,UC8JJuyio11y0Z8CN4fDxjZg
Top archiv,UC8JOcm1c7BnyWT00CokUPCg
RajmanGaming HD,UC8JiX8bJM5DzU41LyHpsYtA
MegaMan Sonico,UC8KYf-ivjWHwYr_IR7dnpjQ
SMG4,UC8LcA3grYZg0GNpxlXh8owg
SMisha,UC8MwcxyLsUWLglACrbEIoEQ
Mente Enchulada,UC8PzY_fufORPENJ9Zty1D5g
Piemations,UC8RBLJdSpxSVWDc_bGKmdQQ
The Kill-o,UC8RavwkeE6sgY8M6QJwbtKA
VY Gaming,UC8SIGsM6pRTbjwrI8WmXq4A
Jose Kalen,UC8SVm5QwHQgGdG1FiuT-GGA
‚Ä¢[]Ne√≥n Sans UwU[]‚Ä¢,UC8U32s1p8JU3GBvtNveS4sg
Zuma cool,UC8VmH4q7NgTqydhzQRnI3lg
Pinkie Rose,UC8Wj98MR_oUHBpTjLsE3HuA
Saito H Fandubs Latinos,UC8YGBN7HSROeUP0qa90765g
Chocoblox,UC8YLIGeB04-KLPoR2Lmm6xA
kiviks,UC8Y_bT6dWoEI1-uJ-L7AZ2Q
justonegamr,UC8ZRo-9QHFwbKck76kuudWg
Mert TUTER,UC8ZdP2zcHOU51t2HcQ_dlMg
Sai Huang,UC8aCFIP8UCg_ofmAgW4K6xQ
Historias caseras con chems,UC8aoRTrP5b3AWCfNbaf04rg
The_Exequiel,UC8b1VgjsYCHs216JtUfPCSA
OP_Matans,UC8bspy0W-rTiLwK0msZtJAA
Carlos √Ålvarez·¥¥·¥∞,UC8cxO08MpugaYV6-YJZg7ZQ
Mici Animations,UC8czjuG47EgqZGRbAPzpmsw
Basti,UC8dzMgWTaWR5jd5NmxVOeHQ
Suliin18YT,UC8e2YxWhcMbSJW0dcehHqEA
Jepchu,UC8e9X9eDmL91lMdoauWNV6w
Poderosos de la Biblia,UC8eLsto69D0T4FCD1Xbvntg
axel hollow,UC8eV7RXSS5c2lyCJgIFtepw
‡∏ä‡πà‡∏≠‡∏á one31,UC8f7MkX4MFOOJ2SerXLInCA
SecretosDiarios,UC8gYxHFM_vV72ZS5KgQag5w
Guadalupe Santill√°n,UC8gmbfVlPoqGmxrC922gliA
Lochinho,UC8hYKnGlmGPk4AvFfs8LcmA
rrvirus,UC8i7Lym25uZFGXiyWqTF5ng
Rub√©n Tuesta oficial,UC8id8PPmTd6aqfpUnQzUaxw
MeGustaTuPapa,UC8iswQsO03Xz58a8e3DPxDA
‚Ä¢Haruki‚Äôs San,UC8jLQ-bP_qpfvb4atBLKEXg
Lythero,UC8kCtPyCPg50n3XjmjRraGw
Baked Potonion,UC8l-2Hg4R5rckiDLIeY7ydw
ZBonnieXD2,UC8pyuVwduKKfTvV3kGeMFTg
Willyrex,UC8rNKrqBxJqL9izOOMxBJtw
CRAZY SQUID (CRAZY SQUID),UC8rdfStTgzl7CKxSjmHOBlA
Foxy Por Kat XD,UC8sM7nRmwSeYqjft2zmLR-g
Arvic Games,UC8sO1CU8N3Q3V7oinMM5-_w
Hitori Teik≈ç,UC8sVXdf9nsdL0_L29xgaZxQ
Kat Herma,UC8sanzLqHXImYav_VMUJ1mw
CircleDot Animations,UC8sl7yhqzbqeQsxu81qBtnw
JustAnotherGuy,UC8taN_f2I-pW5SqtgSNlyzQ
SyrexTitan Avirama,UC8tyOUPn8fgzG_QX83RdbWQ
Molly Posting,UC8ucNPRF3peZHXwc8KNdLZg
[MOVED]Anna The FenecFox,UC8uiEG76xXd-REjPUP1lcIg
War3Star,UC8vIUkVWBnFr6l31q-P1Pxg
„Äå Pikcat Channel „Äç,UC8yA8WceDHjH4a-WYCL3ahg
DEValen,UC8ysTcbFvvODHlXdmlK25XQ
Mr. Sansy  „ÄãYour Channel of the random„Ää,UC8yx8Spgldv7Fix11aHUfgg
SanZanahoria,UC90KG3GgNyX8NL3Xewl5D9g
Jack el cartero 2,UC91wW6ECR3CuCd0foXFzGSA
EXOPLANETAS Noticias Ciencia y Tecnolog√≠a,UC92-DgDvLQPM_r2oHbDr60w
the game,UC946Z7LqPaIogX3GNN2Moqg
Daylennard_DBZ „ÉÑ,UC947-Q7ZA9pFCTCp2Z-nK3Q
Las Teorias De DBS,UC94853Ud2EJupNyqnOaSjpA
EfraFandubs :),UC94UbXws2B4OuPtoRPOeTCA
ROBOGAMER 25,UC9571WFtztgjvQdi0Z8Kz7Q
MultiFandubers,UC97bhDd9VVpB2na8eEzEmPQ
PEARÂì•,UC98FqLb-fljVb4l6e_FdWjw
supersonic1059,UC98gz69dFyBxlyLNi7EEbag
Crepixo,UC990eYbGPGOkfUfDSs54xvw
israelwasaness,UC99ELHVaxHTdZFW-rQ5XpMQ
Bitsy,UC99b1ejHNsYIZSC_nqzG9Mg
HaVoC Gaming,UC99fa54IUf9RVpEHaUTxQ9w
Mega Lukas,UC9ATyzYGVcZkV41mbS7ZsWw
Gadiel AS,UC9AUup6Eh3ztgD-z6eriPaw
Scorpions teorias DBZ,UC9AkucuvxK51GnBHc0knRCg
selever papup bv,UC9B07OHhWRGjlvUjp60nW1g
The Thought War,UC9B7eYuqO5wyCbJrgv4iDmw
Mati GX,UC9CihL1Dt5yl7MyYV4H8Xfw
Father Ferguson,UC9CkODgD4NxA2CLf32By1_w
GameGrumps,UC9CuvdOVfMPvKCiwdGKL3cQ
‚àÜ‚Ä¢Give me a sigh‚Ä¢‚àÜ,UC9E8Qr2QdjuO3Sb4sdtFmtw
Alexis May ChanëÅ§,UC9FG2Fe1yUsj2DxBwk_Q7Lw
Space Astro,UC9FwFrpWL4uPV81YeqiJ_yA
CHUNG HA_Official,UC9Gxb0gMCh3EPIDLQXeQUog
MARKELI‚Ñ¢,UC9IgXvcwHp19iKALG5OgLIQ
Tenoch-sans,UC9IurEdQuI4j5rrMIbE5f8Q
Misterios Sin Resolver,UC9JIgFsi79Xif6OTJ-34h3w
Shioro,UC9JkOKefZsFXI2GFMG3IPbw
the charming witch #TCW,UC9KFpIORhj7M1hAGlGs0bFA
Franco Wharever,UC9KaRkSy-PY0NzTo138jvUw
Ebullience,UC9L599gt2F55EULHJLSglKQ
Mehmet,UC9Lu1iSF44injvLJmP4jkEA
Kronno Zomber,UC9MlhVnLZ9DuazKD81Rjudw
ANTHONY Games,UC9OCyFuMpq2l3MWC6kfOruA
wqterworks,UC9OXiNdBo8ndP-4Zx9w0FIA
ES Editor Studio,UC9P-IbX1JOfmqmn6ahIvptw
Basically Thai,UC9PivPyE4oHRhxYtsPAtOug
NyxTheShield OFFICIAL,UC9QBo6agq3a34UsiYfMtKGA
Diego RegMen,UC9QjG-fmV2__BM8ViXCeAWg
Clofz,UC9R5FoPKD_KZSqz0EcF-B-w
K-Jin,UC9RBUp4YBX18kB6f7x2mstw
GTV,UC9RCcqUnlhsyA0YaFFdflog
Gegcoin ‚úîÔ∏è,UC9RhdccjWNhs9BL8fICDtKA
