Roy Purdy,UC--LAVm36WiCmqQbekV17qQ
The Iron Snail,UC-0kjvCj9Z_pL_yH648Uq7w
Big Bear Customs,UC-1p-XvchOe9HG44-n49TtQ
Polenar Tactical,UC-24483CtyVfhJ-XxRfPr8Q
Ashville,UC-2XiVy5AbEn2TXf0f2APeQ
PlayStation,UC-2Y8dQb0S6DtpxNgAKoJKA
Joe Scott,UC-2YHgc363EdcusLIBbgxzg
Deep Look,UC-3SbfTPJsL8fJAPKiVqBLg
aarava,UC-46hTnlyW3aCwjHs2acDzg
Get Freducated,UC-5pcrY46nIZJ_H4VcqreCg
Engadget,UC-6OW5aJYBFM33zXQlBKPNA
Mohn Jadden,UC-6v9knkBfpgEUDAiLvCWkA
trash beats,UC-7-HexpjDsoUIYiWJdgFpw
Druaga1,UC-7I1gU1r6PxBSl87o-7YEQ
Astrum,UC-9b7aDP6ZN0coj9-xFnrtw
itsRucka,UC-B2LyEZcl3avG0coKeohGQ
Fergus Mulligan,UC-D4RNgWy0gcqkWYEVH0Jiw
Nick930,UC-EWIqLzm4ttojYUAOSht9A
Abhinav Bhatt,UC-EaB6pNOTB1jQDN5BpxKcg
BBC Radio 1,UC-FQUIVQ-bZiefzBiQAa8Fw
John Schneider,UC-FlextKdns7g0IROC9RmEA
Daaruwaala,UC-G4w7o1nDJdio5Jv0f4Cgg
What Car?,UC-GJbheknHZhSM7-Jgn63jg
VacnaPaul,UC-H0cIOQ2p7wfz0tBz7KFAg
Mithila Palkar,UC-IP8YW4UAxHPodCxM8TxVg
Steve Wright Android At Night,UC-JlaAHgIwksRBxl1TKRuYA
Music by Blanks,UC-KiGOO_09r_0J9vAjBLTBg
Alan Fisher,UC-LM91jkqJdWFvm9B5G-w7Q
Food Lovers TV,UC-Lq6oBPTgTXT_K-ylWL6hg
Car Films,UC-NDZgE3viy393sQvBzg-nQ
Driven by Matt,UC-NUehXWH79DTuVR6wikhiw
MONKY LONDON,UC-PCv1pg7tzXyAU1F7lARiw
Food Club,UC-PYaO3-ikcOLYKmvdN_CwA
Gaming Sins,UC-SSouswF-zoRkJ53eRnz0g
Leffen,UC-Shc38nmBnY5FiUrgvggSw
4AD,UC-T3JrzHtDeHAmspt1Zn40A
Vegetable Studio,UC-Tb3IQgPdvmcQTXPqsTPvA
unique,UC-U6yTWhCdZvrI9fSM_4ojg
LC Chinese Esports,UC-UQrEgZnRb31YT-VORPfWA
TheMissendenFlyer,UC-WMydmEO05u7gxlRRMpR-A
UberDanger,UC-XXmB9IHCUdteHjgmmsaeg
atnishapederoosss,UC-_27suqlGoF6R856LoR5GQ
Car Pal,UC-_P5TZ0Ko_YiZ4ds4i2sDg
Some random guy,UC-_cAYaeuq2w0T6aZFdVP7Q
Lord Naren White,UC-aqlqtrmcwN9qAZI1zeRkw
reagan wolf,UC-eojvM-fsgsJrNT9dCuj4Q
SABGROUP Governance Now,UC-fTSP7yn4ZTD9EAHDCqq3Q
Adya,UC-gI8HSafXZPbLUsRtwTmKg
Entertain The Elk,UC-gjznzViwMols6dz89qLbg
Pickle,UC-j3S3cIXZSzzCkJhJW9_eg
ShotOnTheRocks,UC-jaMQLH_xhjDB_2LZfhIIg
Samaa Money,UC-k6d4_fab-xkjR14bMrHqQ
PewDiePie,UC-lHJZR3Gqxm24_Vd_AJ5Yw
Adam Dsouza,UC-lT7wl_I6H3QBIr7TfCaaw
GlitchxCity,UC-lmdv0OTb4uQQSzwbzhLsg
Dino's Vault,UC-ni0xL6ILMFdzf1A2s4__A
Dobbsyrules,UC-oS1dHeyU0JBbVyk0dA3-g
ZeldaMaster,UC-ol6cvdiLjBn4FrGgvhdrA
Blue Cross of India,UC-ormTG2Ir9Im8fjddQsYOg
Classic Cars in Movies,UC-pTKpkmFBjnEFFceOm3tuw
MBG,UC-r774_ow9ojRSQnDv-PpyA
Taimoor Salahuddin aka Mooroo,UC-rP-oFlxQGpSLYHBlhIWkg
tofu,UC-rdQhU5avpqrt8GbVDJx-Q
Yutaka Yamagishi 山岸 大,UC-ro87KNGyqT1BQV23bo4UQ
Super GT,UC-sJ8u8eu_ivfzekwkue38g
MotorBeam,UC-sc9TAs4scvSUMpixFhcLA
McCreamy,UC-sjC5fKKsrpcZRJwlZJzZQ
GYAN INFO,UC-styDvechkjXJcBtyUiEZA
Dhinchak Pooja,UC-stzLwoQF_R8Vnfb28d7Lg
CARPRIME ENGLISH CHANNEL,UC-tOxRW6BGC7AohQAY2U5OA
Dailytekk,UC-tZk0bsaiq9KANWZ2BPO8w
Door Monster,UC-to_wlckb-bFDtQfUZL3Kw
iDubbbzTV2,UC-tsNNJ3yIW98MtPH6PWFAQ
Jaden,UC-w7D3GsJecTHA8Sjcyn6sQ
"Ministry of External Affairs, India",UC-wttYGdvP8Roy8mh8VbzKw
Hugbox,UC-wxTT930hP13M2XVA8_9jg
ShibeNation,UC-xjitW_J39_Q1ure2HlJew
Benex,UC-yQAPzcgFgU39WEZOGnWjw
Sargon of Akkad,UC-yewGHQbNFpDrGM0diZOLA
Intoxi Anime,UC-zfTtp6tir7yJIrpsgS0dA
rSlash,UC0-swBG9Ne0Vh4OuoJ2bjbA
Train of Thought,UC00cZ56yxKpHD9TtV_5sQ0g
Philochko. English teacher and friend,UC02LvI6Ey3MonxQu8mB7wzg
ChaosD1,UC038bexnshoungRi3FvycPQ
Cheddar,UC04KsGq3npibMCE9Td3mVDg
MotoZeus,UC05Q3-zk8_bkgJap6C_ExuA
Los Santos Cast,UC05phLqQlm0E2ni5H1L40lA
Borkung Hrangkhawl,UC06-uShf_Tey3Rox5ZHW6yQ
TheBackyardScientist,UC06E4Y_-ybJgBUMtXx8uNNw
ALVARORTEGA,UC08i2YjnHSwqwri38KwFuQA
ARTiculations,UC09un3HxINkfdGjHvE1kXgw
quidsup,UC0A3ldncnGQ1M_RU2Wb4L2A
UN Watch,UC0BEdffpLEGzPtPD3O8-XgQ
Sagar Sheldekar Official,UC0BeZVbVh5PI1XlrWYcoh1A
Ed Sheeran,UC0C-w0YjGpqDXGB8IHb662A
Jelly,UC0DZmkupLYwc0yDsfocLh0A
AsianHalfSquat,UC0E_vIe1e1lVeojYOgVg_5Q
Paul Bradford,UC0FZ7vgCUQzwghf3mnmhumg
Miguel Campos,UC0Fpem5bgawInQ1o7m_A28Q
yotsu,UC0FplT88irKbHeZucDiFplw
CarryisLive,UC0IWRLai-BAwci_e9MylNGw
PRN_TestDrive,UC0IZ3i697VyZ9tH0ZeivUgA
Grand Thrift Auto,UC0Ihh_ex82amxv9qKOOsk1w
Drew Binsky,UC0Ize0RLIbGdH5x4wI45G-A
Matt Mulholland YouTube,UC0KdD41_dzHdDF1b1bN4cSw
Mac Address,UC0KfjyvabuE2J-RBC6ko2Lw
Cinemassacre,UC0M0rxSz3IF0CsSour1iWmw
Karra Means Spicy,UC0MFnYS-kHp5lFSz858C5wA
Jade Joddle - Speak Well,UC0MJBC99PMd86hDbaRTFmWg
The Virtual Carchive,UC0MOwhU4TwP_lDoCb3xcSvg
IndianTorque,UC0N-2V0n8v5WcL0bYzlLyzg
Motorcycle Adventures,UC0NfCCms5KosfsdbYQunFEQ
AnimeTm Talks,UC0PCABNVT8toBV3cCE2Wy-A
RevMatchTV,UC0PRGP-CQ9fnZZW_kFWk5gQ
Luis Urrutia,UC0Pa0bQ0LU-NL1v-B1Eg3lQ
Official I-NZ,UC0Phu4b8D-nNcbE9vtxprSA
Doctor Mike,UC0QHWhjbe5fGJEPz3sVb6nw
LivingLifeFast,UC0S5w-TQJywcsni8ZMzgqkg
Mark Buckmaster,UC0Si8pwu0oVqxQJh5zX__yg
Go Auto,UC0U7zARrm9f8nTNQ4QVmSPw
Chosen Won,UC0UPLxg9Nuu6pnZe8RL-GQQ
JS Films,UC0VN6My1ueOFXDTgzMZSSNQ
ROKER,UC0W3usPIswX2qhIjahqaOJw
The Weeknd,UC0WP5P-ufpRfjbNrmOWwLBQ
GO ECO RUSH!,UC0WY5uSkzUaBpxZ0pl8HAKA
RCAnime,UC0YfS2edd2bOUWrUu4nq6cQ
Belle of the Ranch,UC0YvoAYGgdOfySQSLcxtu1w
Attention Kmart Shoppers,UC0ZhOr_CxpX5uGraLexm4Zg
Atun-Shei Films,UC0_CTubjGeDth7X0bxUTBTA
kliksphilip,UC0a8nteER_pU4Aj6hmEyJAQ
Shoe0nHead,UC0aanx5rpr7D1M7KCFYzrLQ
BudgetMonk,UC0b9nvXcRVskSVFV4bXbnfg
Brian Jordan Alvarez,UC0bBXn_fmXlleQAdRH6wHQw
Visordown Motorcycle Videos,UC0bafpdiKV8_NwecMfOtbtg
Professor Dave Explains,UC0cd_-e49hZpWLH3UIwoWRA
Code Bullet,UC0e3QhIYukixgh5VVpKHH9Q
Valefisk,UC0eOlAEMdVgpmThPkpmR-qQ
Jethro Bronner,UC0fSgL1geSF5L7GShj33qkw
Cigpack Reviews,UC0g6D2TBc80rV9_IPT3Fyyw
ExtinctZoo ,UC0ggS8bt4v7NiZpDfGqNpZQ
melancholiaah,UC0hoKQKMGqlsEl1yXAJS19g
LoganProductions,UC0hqDcdjH4bCX8q-cMCioKg
Noisey,UC0iwHRFpv2_fpojZgQhElEQ
Danymok,UC0jYEu39A0oPWaSObCR7dRA
Daniel Karjadi,UC0kzajjLXrTJo9E3lNnoQ8A
rainbolt clips,UC0lf2-Y3nb5AWnZqie268FQ
socdoneleft,UC0n24lonL5RMpzmCiCzIkIw
The Economist,UC0p5jTq6Xx_DosDFxVXnWaQ
ゲスの極み乙女 Official YouTube Channel,UC0pHUMEOtul5NlaT-Rt-34w
FBIV,UC0pMaTmLXjKMOLGqfXgospA
Left4dead403,UC0pPhmQIZJ4cgjbQ4Z4HkGA
Frank Stephenson,UC0prFtEeFBIRwm57wu2lBpQ
BASTILLEvideos,UC0q_PBWOkFe3SKllFXf3eWw
Survival Instincts,UC0qixM3mXMn-LJvUcR1HUrg
Tanmay Bhat,UC0rE2qq81of4fojo-KhO5rg
50 Cent,UC0sL86jDLgs2fGRD-XBnPQA
Treesicle,UC0sj9Ykf4skAGwgVC75zorQ
The Urban Gentry,UC0ulDfOIUVoZAhHPuCTiawg
REACT,UC0v-tlzsn0QZwJnkiaUSJVQ
Techquickie,UC0vBXGSyV14uvJ4hECDOl0Q
All Def,UC0vRcJh1-GQL_V4qm5F6xFw
Jeremy Clarkson,UC0vrEYGvjJ7iy7M2xD_qJvg
TVFF2,UC0w4VRGCSmFw26mLsMPO7mg
Editator,UC0wK7BoBSLLTi0oWunrXRug
BritBox,UC0yD7rYO26CAbkOx4rJkCzg
Matan Even,UC0zYzxRCvUD5p1XWwE00Zzw
ChaseFace,UC103IUfx8ImU5-iJ1XkBudw
rye - chip,UC108hAwm-U11UiSe9uiPqkA
Ginger Billy,UC10D5whbo6iyJH7iaM3hjYg
DramaAlert,UC11PvrGPzo6Y7Zc6-e9cAKg
Itchy Donkey,UC12ZPYxQbMA1loZE1OA609w
Как Сделать ...,UC13jOfkwQtqqcLN5eoFPeZQ
"Chris DeLeon of HomeTeam GameDev (Brave Lighthouse, Gamkedo)",UC15WSgcM_5tmN6JRbhA4UaQ
1600Veloce,UC15lmC1MX2LjwLYtz37KgRQ
MSK,UC15sF31QE-7rooIlSKnTq_w
BBC News,UC16niRr50-MSBwiO3YDb3RA
TairaGames,UC16wQrBg9UVlWa6aGBd9q-w
Real Science,UC176GAQozKKjhz62H8u9vQQ
The Dark Den,UC178kThBUvGNps5cabRP_2Q
brutalmoose,UC18ju52OET36bdewLRHzPdQ
K.T. Rama Rao,UC18m-lkuzbIyboBTVE6HDuw
ninerlives,UC1910sreJ1hMELpC4XoARKg
NFKRZ,UC19xLluI7dG093Gmw57BhHw
Cheeky Boyos,UC1AZlchD57wkvpWFMDgMUJQ
Levi Niha,UC1A_Hq-N1dHhAvwg0QWC7Sw
Max Verstappen,UC1Aha9aLmlkIbBN-iAttBzw
Stuntex,UC1As3uk1ROhGfAhaT6B2_zA
Nikhil Kini,UC1B-cxxtQJ3HKIsYNbDLjvw
Bertin Vick,UC1B4UXbjcG3csw_y_pNCh3g
Jawa Yezdi BSA Motorcycles,UC1BCIquU4oyLOmXNjY2Pswg
Armoured Skeptic,UC1BWMtZbNLVMSFgwSukjqCw
NileBlue,UC1D3yD4wlPMico0dss264XA
Cynical Reviews,UC1DCPS2j-o0bvfIilkc8RSw
Nicki Swift,UC1DGpYiEiqBrQtYXFbLhMVQ
Sam O'Nella Academy,UC1DTYW241WD64ah5BFWn4JA
Anime Mirchi,UC1DkZAczV52roqa5UPUB1Aw
TopAutoPOV,UC1EEvLioYkrPtomnxe9g9OQ
ThatGuyFromCollege,UC1FEXU_DWnVnJEx-qroTJpg
Vaundy,UC1FQWQ3y3-e8l1pCtWhJt5A
VisitScotland,UC1FdvQG5MFwzv0PY6dMsaFg
Aioshi,UC1Fz5YWpwDUV66YLURRQp3w
Australia's Best Street Racer,UC1G5G0LuybXWQMP0aAZ-ghQ
Animeniaks,UC1GNOke2DJrgPaE2QlWMEsQ
Katie Cakez,UC1GWRexvN-d_H6PbeihdWjw
Cabanaandre,UC1HJCchF-V1Wcmab_A5Mndw
Paradox Interactive,UC1JOnWZrVWKzX3UMdpnvuMg
alpha m.,UC1KbedtKa3d5dleFR6OjQMg
Asianometry,UC1LpsuAUaKoMzzJSEt5WImw
The Modern Martial Artist,UC1MHbPo9A_TcNH0fZ7ezARw
Barnacules Nerdgasm,UC1MwJy1R0nGQkXxRD9p-zTQ
Scarce,UC1NB1xUQ8ItM5VoA4101lUQ
Narendra Modi,UC1NF71EwP41VdjAU1iXdLkw
TheProfessional,UC1NzF95Dk5tXCNdDFmyq9aQ
GhillieMaster,UC1PhTs67PPip_Ys0_xmk8Bg
IamCyr,UC1QLW3I7Y6XJJ7wGm3dCyLQ
Browntable,UC1QdcIOh4l6l3a4udgU9bvw
My Delhi,UC1SyDo_6WW3N1rt6ZH3JbKg
Kerwin Frost,UC1WFRLfm631RZY8kHJq7h8w
Memology 101,UC1X9HTMhyL4UpmjgkrN41oQ
Titan Watches,UC1XGehemXHIZkkbup3EtCAA
Mustard,UC1ZBQ-F-yktYD4m5AzM6pww
Vengaboys,UC1ZJB8MepA7B7zQE8TmzQdQ
Scotch 4 Dummies,UC1ZL5bS6kkNVdxcnGf8NVLg
History With Hilbert,UC1Zc6_BhPXiCWZlrZP4EsEg
Rand al Thor 19,UC1Ze81XDuhJOGbaNq-CZXUA
John Berfelo Official,UC1ZzO42mLqfdKguMdRLO0Qg
Salty The Alien,UC1_PkSnlfynnaCt5fksDpEA
ConeOfArc,UC1_oUtCGIqUMbIyRPeJsSyw
Sour,UC1aAfFhCF8cw6odhuwGGmcA
MLGLOL80,UC1bPI16SrfkiBEYSGa-SbbQ
Wonders of the World,UC1dWsFevTpXh1fLMpLTtoAg
SQFT Fish,UC1drKnpAqwt5Md-vsjE3TPw
Bradley James Classics,UC1e_pr-ZYthRxghWpbvnc-A
Solomon,UC1ebSt5um6POq0gXzLgRjfQ
MLYP,UC1gYBt0dUz1kgFeoQQOYTRA
MobileReviewsEh,UC1hiI8TEoA0db5HhU4gbsUg
random callsign,UC1hoWeqSuf03UgeABeR2U3g
Passion Pit,UC1imlXpZdschXcIjP5gtYEQ
CYAXX,UC1kibD1XsjFHQSKOEgvs4BQ
Pannox,UC1kuxZSdGBY8baHQ0vHCbYw
Carlos Sainz,UC1l8_AtyskpHP-weVx47POg
Aging Wheels,UC1lIHn3KlcJimyxsVugP4uw
Nicobbq,UC1mpMgQCCY7rljP_V-BOflA
India Vlog,UC1nHgHnLOIiOHhXkGVUKPUA
Wilbur Soot,UC1n_PfsVqxllCcnMPlxBIjw
superspeedersRob,UC1nstSui0tPnJtMF2OZx5tw
Memeulous,UC1o6smXb21IK3HV0yUcOFNg
avex,UC1oPBUWifc0QOOY8DEKhLuQ
Foreign Man in a Foreign Land,UC1qBXNO9sM4xV0wKC0_SlYQ
Bikerlog Varun,UC1qmDwv4tD7ZtYNdBLAU2Lw
SpyCakes,UC1rsLSbsz0Y2blrWDZ_-8Qw
Minecraft,UC1sELGmy5jp5fQUugmuYlXQ
Masaman,UC1vVNQN-TCy8d3Mb_Owr2Kw
Colaws,UC1w81GiOPF60GaM9jOrasgg
酸欠少女 さユり(Sanketsu-girl Sayuri),UC1wLdD1RVGp_rLH1NRJnD0A
TOOL,UC1wUo-29zS7m_Jp-U_xYcFQ
Killer Mike,UC1wmIvzCvixVcJ1fooNM2xA
Sister of Iris,UC1x5qOrhrm6_xn-t7PUkTeQ
VWestlife,UC1ydE9gDHTdvbNVIgEKIKzw
TKOR,UC1zZE_kJ8rQHgLTVfobLi_g
Asian Boss,UC2-_WWPT_124iN6jiym4fOw
friendlyjordies,UC2-i3KuYoODXsM99Z3-Gm0A
Donald Glover,UC20LoHy2mX0LQODrkUalxVQ
youngerdays,UC20SdCjoKjR9dEfIMkix11Q
EminemMusic,UC20vb-R_px4CguHzzBPhoyQ
PB The Prince,UC21I6tEyHTeSblJn8WBo0Jw
TheStradman,UC21Kozr_K0yDM-VjoihG9Aw
History Matters,UC22BdTgxefuvUivrjesETjg
Melodic Star,UC22lbRS_QoB92Gy4DAIJ-tw
Cambrian Chronicles,UC22uGvImj3o7m9Zf11jEDkg
Honda,UC22zQ9nBEk6KOjUWqR5XXZg
Daniel Ricciardo,UC23P0g2Vt4o6qt5dglgOGKQ
J D,UC23QlDFTGFfls5hqEuwoO2Q
Cinemassacre Clips,UC25-_5i19rPlLosl_h7G9Ow
Kevin The Tech Ninja,UC25TmsJidl31Hbf5PVckK8Q
Learn french with Georges,UC26VH4KORVd3njaUhGObIHg
Romaboo Ramblings,UC290V347GQNl497RGlL9xWA
Video Game AF,UC29cX9JmHV-7TOd_Wct7wMQ
Pollitt's Projects,UC2AOHIw01fh8GSy7dzWrOCw
CGP Grey,UC2C_jShtL725hvbm1arSV9w
Geo History,UC2Cl2g2xFTZoAEldxYVzQFg
2ManySnacks,UC2CmFx99gzfInrT8Jowm01w
Bonkinson,UC2DkpmJyR_o7uO_mM4rgXUA
Jay Vardhan Singh,UC2Dlwpjh2kSIY6sked5iwJQ
Mr Darcy & The Ol' Man,UC2E65t4gE62JGtaPXVtDM6A
Minecraft Manhunt,UC2EQTEfNO6Uzx84IvJjjE-Q
ManyKudos,UC2Egt30phfTNZO5Yxb-sbyw
RetroRoller,UC2F6Be5bS-aVbOjkqcFLGTQ
Mat Armstrong MK2,UC2FZQeaJkpnO6IMkQglvPsg
Albert CT,UC2FfTIgqCzCoZ1Gu2pfrb9Q
DeMatter,UC2HQXMRiTEcngFYYPwubTIQ
Steve1989MREInfo,UC2I6Et1JkidnnbWgJFiMeHA
RageElixir,UC2IbKgetx0qzxVKVZ8NlIfw
Auto Focus,UC2J-0g_nxlwcD9JBK1eTleQ
Impact,UC2Kblgx7pfnIxIxbMoJy59Q
The Tim Traveller,UC2LVhJH_9cT2XKp0VAfsKOQ
2veritasium,UC2LZO6swZ9SLUEOks3WnsfA
Redline Reviews,UC2MrtVb1dT4FhcbOlW736kA
Dan,UC2OlqxQKBL_8Jy4dqGBKnQw
MuYe,UC2PcEPhxydGmXaAhd3pAwuA
Holk CSGO,UC2RvNLZXu3L9rPtsiVyr8IA
Jarrod'sTech,UC2Rzju32yQPkQ7oIhmeuLwg
HS Top,UC2SPrSzWw28jpsxBShFoKMA
Unq Gaming,UC2SfzR8I4H725YIKTDoyjJQ
viperconcept,UC2TKu3Ayvol_a-Wsi5dB7UQ
Car Wizard,UC2TTf3i4wwsRW8ex1zRXH8A
DestructionNation,UC2UZeTR9izGgOR8sst30gzQ
Kwite,UC2V1ul4ul85kac0Y81wXTqQ
Beyond Fireship,UC2Xd-TjJByJyK2w1zNwY0zQ
Prabh Deep,UC2YyibL61HZl68aflFknUTA
Zorbii,UC2ZZuoO0w2FiKtRnH3ceV9w
KnowledgeHusk,UC2_KC8lshtCyiLApy27raYw
Nice Peter,UC2_ZUXs5oDv9Crj3f72j9Yw
Lou Costabile,UC2_ojRpjlZuBXL6jP2QBMEQ
Toiu,UC2aX5pHwNv9FxFg9Rnp-U0Q
april clucks,UC2apEih4kGb1h14D-f-1USg
Liddy,UC2atj3JAXV8QhWR6g89MrEg
GRIP,UC2beXngwNrhMFESo-HPh0eA
engineerguy,UC2bkHVIDjXS7sgrgjFtzOXQ
Deutsche Fernsehgeschichte,UC2c5naqX8z95-1I2g1a4nQA
BBC Studios,UC2ccm1GajfSujz7T18d7cKA
Negro Kage,UC2cdrYkbqJCegA1nFeFbgvA
HanniLady,UC2dYJehcR5MEDMP05-dLS3g
ProJared,UC2e0bNZ6CzT-Xvr070VaGsw
Girlfriend Reviews,UC2eEGT06FrWFU6VBnPOR9lg
Sylvibot,UC2eLRhFgHMfu0HlhCx1Yrgg
Luke Smith,UC2eYFnH61tmytImy1mTYvhA
BARNYARD BEES,UC2g3DukLp8dE9Ap7_LLfPeg
Shwetabh Gangwar,UC2gQaoCItAC-IbT8RNwWqLQ
MyClassicCarTV,UC2ggrxKhqgTRx7We9vjQRCQ
SumitoMedia,UC2gv4MSAlvzjwZ8xXQYtfiQ
Sir Stevo Timothy,UC2hgRzkWZmGkigghCUXDzVA
Tech In Action,UC2ixLTb5HaMDJZba7V3YB3Q
emimusic,UC2kTZB_yeYgdAg4wP2tEryA
Python,UC2liIKa5d4tvBiNzBng20PA
jschlattLIVE,UC2mP7il3YV7TxM_3m6U0bwA
Pluralsight Courses and Tutorials,UC2mz52hSOLsRPEpL13KfE1Q
Noxcrew,UC2o-IioLi5ijTLqwiqC8tdQ
Shawn Lee,UC2obQgFtjlt8RsZeZfVnwoQ
Tyrrell's Classic Workshop,UC2pQT90JBqbMHSVLtbJBvyw
ZacCoxTV,UC2pdmlMIATaSfaxNuRTL4OA
Ahura86,UC2phHcQUVXSuDYkauQGbt5A
BodieBoy,UC2ppDUIY6WgTEcQth-mI5Cg
Last Dinosaurs,UC2qXH8KhJpsO-XTrV3RAgVw
Bugatti,UC2qmmoQdJXLmre794U6zjXw
"Salvatore ""Sammy The Bull"" Gravano",UC2qsQ8pUNhhANzMIy6kha2w
LCE Performance,UC2r3PTja_BpDett1pwM86Hw
Henri Herbert,UC2sJae2b42U56oyacUqgtZQ
Flexiny,UC2sk_DCJF14zjvaUja19HoA
HappyConsoleGamer,UC2vUKoTGIwNYq4LO0YWKPIg
FTD Facts,UC2vcjazcVurVmpn5svBRA-Q
CAR magazine,UC2xJqlJyVh0ASDwmOvMMYZA
Codeolences,UC2xuUlwK7Vc8aRLsWjfR-bw
Chewkz,UC2z8HLrUbudYX_fTyLzpptw
FOMO Project,UC2zIyveI3dcYG1h5p0tI2fA
KateBushMusic,UC31hY7kg7CUOBpdyn9d_gYA
HuffPost Live,UC32PoR2aMsYaiTI7hTXHJlA
TechnotronicVEVO,UC36DjpOxytkI-tcGl-lO41Q
TmarTn2,UC36MGPfPwOWafAXauiV4LdA
Rick Astley,UC38IQsAvIsxxjztdMZQtwHA
Rapid Liquid,UC38r7_x7oMPAZweB2fvGDXQ
Wild Smile,UC39wDqrRwtgVtWUPZmbJ0hw
Jaynautic,UC3EGlRwN-PdNUdA2gJXEU1w
The Anime Man,UC3ETCazlHenpXEsrEJH-k5A
qzeq,UC3ErY2x5Rh5B2b8s7Zsh7uA
Vlaspatta Karamazov,UC3Hc3eyqALYSX0WKfqbO13Q
Aztrosist,UC3HjOlfXBQJO12-YhumbJCg
Jays Tech Vault,UC3IqMHuQL6d4RTsoJLIIpiw
ASIAN KUNG-FU GENERATION Official YouTube Channel,UC3J-txytRWiRtNXrLS95eEw
Foo the Flowerhorn,UC3Kk8tvhHkWMMfKBb0q0X9g
Rocked,UC3LYgICaEsWVtMUILA8bOpQ
Chris and Jack,UC3Liv5-jdU2Qk53lTtYDG2w
DuncanCantDie,UC3NzGPj5GNDOPwOzpBfOLIQ
zayn,UC3PdiRW5dUA4V70ueeR1eHA
Alex Moukala Highlights,UC3Pwq4HxDA0NEOtWUHeL8Cw
stacksmashing,UC3S8vxwRfqLBdIhgRlDRVzw
An_Economist_Plays,UC3SENpVCGwJXAv8YwkUB_lQ
michael jamison,UC3SIm-UNl4Ou381-PYKzU8w
Erbble,UC3T0fPizI4MqfkgfN0mgAiA
Condé Nast Traveler,UC3TIRH4PPSDde66Hg5wGh-w
MillenniaThinker,UC3TUCGI-7rSjvHsE4ONXRww
Peter Santenello,UC3Vuq4Q1bKFtAiKYlwRv3oA
JID,UC3WIRbOw46MsbycRc1N5x4g
Robert James Mieta,UC3WiS0hHimqUQz0RwkECoLw
James Lee (Animation),UC3XI0MtMTgqauxFS3Umi5Eg
LastWeekTonight,UC3XTzVzaHQEd30rQbuvCtTQ
SLAPTrain,UC3Xu9GSp5-yVa1ck91SjRWA
OceanX,UC3_H98ZINzMGlNOT_jg1HDw
Artur Rehi,UC3boa9w_mMa41DJ70sOtRMQ
CuriousMarc,UC3bosUr3WlKYm4sBaLs-Adw
Luke Miani,UC3c8H4Tlnm5M6pXsVMGnmNg
ian kung,UC3dfk4vg1tXLrmYG8ZNGW3A
Fitment Industries,UC3eJhn91qyf_4H4f0wfsw3w
MasterMilo,UC3eSiX_rjJk2jg5EJSBcqBw
austintownley,UC3gF6zGPR0i2eNPCbl3txRg
Movieclips,UC3gNmTGu-TTbFPpfSs5kNkg
Andrei Terbea,UC3iNdSV_RQU7DHTGpqEW96w
Proximity,UC3ifTl5zKiCAhHIBQYcaTeg
InfinitelyGalactic,UC3jSNmKWYA04R47fDcc1ImA
Terry Crews,UC3jtjb_RqhJQ6ofHp8_LDPQ
Nomad Capitalist,UC3k3floOm_HtKOv0l6JU-xQ
Sky Sports F1,UC3kxJQ9RfaS5CKeYbbFMi4Q
Kendrick Lamar,UC3lBXcrKFnFAFkfVk5WuKcQ
Featureman,UC3lQ2_Ups3PAAGhivtKyo1Q
Karl Jobst,UC3ltptWa0xfrDweghW94Acg
Mr. Theory,UC3m9cjpsUgW5XMaDwNGBOcg
MayTree,UC3mY2SKYhPjqImtBBXsR6_Q
CRUX,UC3prwMn9aU2z5Y158ZdGyyA
Micheal P,UC3q7lahh4WXoco8h-JTMATA
Auto Buyers Guide | Alex on Autos,UC3qM33hHgedfi7qTKKgIApg
John Gifford,UC3qole9S-NTtCCcKe7Z8akQ
Acai,UC3r2fHMP1OXoKt-FBgwVnOA
Vector,UC3rK4_AbQfu1Lv9GI1tKp4A
Jake TheGardenSnake,UC3rjuCzV7y2PT8XxtFO24iQ
Danger Dolan,UC3siPQX0fOwYDrVcyQ3Smvg
Brandon Li,UC3stPIuUoCDHG7COfwr0tEA
JustMyFavStrangeMusic,UC3svqWpPzbHghQPT36HAldg
Tekweni,UC3t8OVRjPKHowGxmTzxs6qA
Matt Whitman and The Ten Minute Bible Hour,UC3vIOVJiXigzVDA2TYqaa0Q
India in Pixels by Ashris,UC3vpdI7klzLSLNgqZEESZ4g
Brendan Hengle,UC3wKIpojoOzHGa4LrdwKPfQ
Skip the Tutorial,UC3xZYc4SZUGfRERIvDRGqDQ
유빈,UC3zD47ZL9GpPPAkW_G6vvlw
Austin Weber,UC40_SSGhqltppQC0HhYMjTA
Goose's Gamer Folklore,UC42NgAW2U0ZF_HTUw4mE_gQ
The Modern Rogue,UC42VsoDtra5hMiXZSsD6eGg
Aesthety,UC44AoUOrLHW1gve19WXCkkw
Anime Games Online,UC44_F0wx_Lb-qMIlInoUSLQ
The Pakistan Experience,UC44l9XMwecN5nSgIF2Dvivg
Sonal Yadav,UC45XLo9u6yUMGd2EsrtYWpA
Pixelated Apollo,UC45a_j76kNDwJvbc2ufOkJg
ThatOnePrussian,UC4AGupKBcTVPQGVq9ClMvLA
Atlassian Williams Racing,UC4AnEj7Pj9ODVhwojHPqAMA
Aldrahill,UC4CmJdaG6Vq5IFe_RUPsiPw
Dino Stan,UC4Cqfx8Ju0HbtBzXDH-TCIA
Memeify,UC4EPioSPvHdXSGD-y3--tXQ
9Tensai9,UC4EzFTdPE_QgdLFcmuKMc_g
Raventree Ranch,UC4FcK0UPVs9KO2TUOt0NSrw
RDCworld1,UC4G10tk3AHFuyMIuD3rHOBA
Vaclav Krejci,UC4HvO7UHiI3IA81LruaaLKQ
RedGamingTech,UC4JbHDcSCpK3TTcdvQYa-OA
Vega Squadron,UC4JgHLXuvAEssNwXXNQbZeA
Devotion to Christ,UC4KVA3cEyy-YrVjXVnvjFTw
SenyaiGrubs,UC4KWYlW-B2oqxc36TH_RcXw
CNET Cars,UC4Llz_FxdMEU0iWO4aG_Xjg
Exotic Rubber,UC4MQ2QuGjMNLbUZH2CFQl9Q
Nimbo,UC4N7s7vYsTs6eRGUYh2fIEQ
The Intercooler,UC4NqjN8EpsieHWUtC3jt0kA
Demi Demi official,UC4O5K9RP2ES4EFKrpF6nuaw
3D Printer Academy,UC4OPqfX3clJgmb_K72Pu-kA
PaymoneyWubby,UC4P1wf7gNZ1A19xNw863KwQ
Ali B,UC4P_NcwEJ_Ik-xAMHgJfISQ
The Graham Norton Show,UC4PziMH5MvvsmqM0VCZTy-g
ColdFusion,UC4QZ_LsYcvcq7qOsOhpAX4A
The Gastro Traveler,UC4Q_FNBBV813OtMClRc43BQ
jawed,UC4QobU6STFB0P71PMvOGN5A
Kelsey Kuan,UC4S-nCyCfjZ4eTIHRqoc9nQ
Axemun,UC4SsrmDVLyKqzA75quFTkMw
Jenni Elle,UC4TLvsSDZQb-TBrhDID3jPg
TrixyBlox,UC4UNqGYuB2q49GzGD_CBIVQ
iDubbbzTV,UC4USoIAL9qcsx5nCZV_QRnA
Unlearning Economics,UC4V_jMdRbbTrmBVJB6FDzgw
Bennetts BikeSocial,UC4VvtE5R4wltC1ZcrR15Cpg
Bipul Chettri,UC4WMyzBds5sSZcQxyAhxJ8g
Ambition,UC4X7J9D6VbTIwnFDFNkfQ1A
TDH (The Dragon Historian),UC4XE4UwkRikniZh7N1FJxOg
KizunaAI - A.I.Channel,UC4YaOt1yT-ZeyB0OmxHgolA
UFD Tech,UC4Z8mPYjn6Dhr6n531YDh0Q
ADHD's World,UC4_b2E3PpCxnIPi5LfeIunQ
boogie2988,UC4_bwov47DseacR1-ttTdOg
Khan Academy,UC4a-Gbdw7vOaccHmFo40b9g
RobWords,UC4a9LfdavRlVMaSSWFdIciA
alona chemerys,UC4bDPscqf6-vQoDI4YMlslg
Slidebean,UC4bq21IPPbpu0Qrsl7LW0sw
Timed Square,UC4dg23mnABVgvLRhC1Wclmw
Lord's Cricket Ground,UC4dzcboWxiDQokrppUz0ZhA
devilleon7,UC4erRaSNoxFlbGFZr0f-ZTw
Nirmal Pillai,UC4f-ZK1IHG8MGZ8ch8Wp_IA
Low Key Japan,UC4hHjkdLQTd1UtSwHOn_cKg
The SUPER GUITARIST,UC4haY4sSv583cbF4MJ8zeXA
김주용의 라라클래식TV,UC4hohVdBh5xGQ6YhI-Mp2LA
Inside the Score,UC4ihNhN8iN9QPg2XTxiiPJw
Sp00n .exe,UC4kp0XOKELyui0qCIn1loFg
"Animal Aid Unlimited, India",UC4kyYTypYb3mQ6ZL25kly6g
Goosiest,UC4lGf3Jn2331jdjMlsJyj5Q
Sangatsu No Phantasia Official YouTube Channel,UC4lk0Ob-F3ptOQUUq8s0pzQ
Joe,UC4m1l1G3tpb4C1EiljBLI3A
Luke Correia,UC4mvIQntW-fX27Ez-U-KDHw
Spudgun Official,UC4n1nJMC_kwDLM9-tm-zXjw
DeSinc,UC4nJnJ-HO5vVbGlJ14rf5yg
Rachel Music 93,UC4o08jc5OKSgu3hlQrMNu-A
Joshua Citarella,UC4pEm3-yshBWa7nH3sQIKHQ
Not What You Think,UC4pNDofN0Xh-z2bhh62g8Ow
The Straits Times,UC4p_I9eiRewn2KoU-nawrDg
Tati,UC4qk9TtGhBKCkoWz5qGJcGg
Scott The Woz,UC4rqhyiTs7XyuODcECvuiiQ
The History Guy: History Deserves to Be Remembered,UC4sEmXUuWIFlxRIFBRV6VXQ
Major League Motorsports,UC4sQTBzdBP64r6MCejR6vUg
twomad,UC4sxB7lQ17CKRpFQpntloRg
Bitt3rSteel,UC4tWW-toq9KKo-HL3S8D23A
Jihita Clips,UC4uCcxHcfWs8P9hYDu68RiA
SuperstituM,UC4uonslUfg8n1ErSBBo-D3w
98DEMAKE,UC4vIcQOyHOcjCgEAVsjenxg
Inside Gaming,UC4w_tMnHl6sw5VD93tVymGw
91Tech,UC4xZF3xguQCG76hZVUivoXw
Michael Franzese,UC4xuh0pSLRLhzWGUnpOlvXw
percuss.io,UC4yncT1QDuL2Wzsm9xZvwIg
Rachel and Jun,UC4yqcgz49APdbgj0OMv7jpA
Ben's Watch Club,UC4zt4qDcBH5OcSRth5PbZqw
Cyberpunk 2077,UC4zyoIAzmdsgpDZQfO1-lSA
bigboxSWE,UC5--wS0Ljbin1TjWQX6eafA
Simple History,UC510QYlOlKNyhy_zdQxnGYw
Luna,UC51lVP3mG-9EsBmlu9Kvv3g
Regular and Roman,UC521lEhTdxoyfjtwzYVXVNA
Ron Halfon,UC52G98SrfhwEUDYL0DhcXKg
ASIAN KUNG-FU GENERATION Official YouTube Channel,UC52_sWDVAOwq5TaaA44kp-A
Tibees,UC52kszkc08-acFOuogFl5jw
daveboy25,UC53aeTJER49R60dmCIT9eww
LimmyTwitchClipsPlus,UC53jLQgJEo-E08snHiAvliw
Listedez,UC55X6FE3GODRp6N0I6sZesA
Sriman Kotaru,UC55y8UaV5E_jClKC5i2Fq4A
Sony Music India,UC56gTxNs4f9xZ7Pa2i5xNzg
Bryan Adams,UC58iZEkGZi7ETeXizx_03vg
Sam Cornforth,UC58znoFTA2_8qnXIkOC75JQ
Jmak,UC5CNH2a1g0IxyamBc_-xqAw
Whatifalthist,UC5Dw9TFdbPJoTDMSiJdIQTA
Derail,UC5E4HqXzEatn7UW99csMCOA
Praise The Game,UC5FZ7iGKaxn_GDHwUhN63HA
Intel Edits,UC5FjTUk7YkP6d7jaQicHrUg
Timbah.On.Toast,UC5G1ThclVYLp2YFQUodTNnA
FIA World Rally Championship,UC5G6kTnHXDz0WIBC2VGBOqg
Frisco68,UC5HlOej2FejrBejA-rJCkdg
Techmoan,UC5I2hjZYiW9gZPVkvzM8_Cw
Denizen Dan Gaming,UC5JS1VHrTdozuy6YcxfyZ-g
a bit more willne,UC5JYRErFekvgcd2Sb-s8-Tg
Daniel Roose,UC5LK8CiS2hJ8E19GjMHE__g
tagesschau,UC5NOEUbkLheQcaaRldYW5GA
Story Recapped,UC5NZ71oAHbXzhd-Mr1UxMNA
Alltime,UC5OrC-r3q_-MTANVJaTXgRQ
Michael Jackson,UC5OrDvL9DscpcAstz7JnQGA
Unisport,UC5SQGzkWyQSW_fe-URgq7xw
The Linux Experiment,UC5UAwBUum7CPN5buc-_N1Fw
BomfunkMCsVEVO,UC5UQISWXd1hrLp8WdCjlhCg
KANA-BOON Official YouTube Channel,UC5UQaWSW7AizXnW8xrYL-vw
Schaffrillas Productions,UC5UYMeKfZbFYnLHzoTJB1xA
Whips in the Wild,UC5UkUPic9wMqvDwzeKuvWrQ
Dinzo,UC5VOJu0zWFjrXjuCBKcfZsg
Auriga City,UC5Y96tjgZ9uCYRNNyJcBUdQ
Mr Not That Famous,UC5YCKHA-tUUu36TJxhfnjFw
Casual Geographic,UC5Yo88QF-chdugJbAnB2tUw
Planet Nibiru,UC5Z63r5JCU6GMv5aazSjNzQ
NadeKing,UC5_YHkJ1i5E7E5J5wuU7oyw
PhilipSoloTV,UC5_do3JQAPHA1rIlM-2iS6g
gazooshopPL,UC5aWaOf1jfQNIoIv8mahkzQ
AMDISCS: Futures Reserve Label,UC5aooayxHj_kPgWYLI75Utw
V STAR,UC5bwoMkL2Wx4-317qos-kJw
Zephyr Designz,UC5cX0oov2mzvGPBqZrcNTlA
Rimmy Downunder,UC5gsrZTtWG_AqDFmuq81Q-w
Bernard Albertson,UC5hWk56PCwg1D11kDgtMg_w
Dank Duck,UC5i_g7sgTh-9-zgm_EfJjxQ
Bright Sun Films,UC5k3Kc0avyDJ2nG9Kxm9JmQ
Chess.com,UC5kS0l76kC0xOzMPtOmSFGw
Chris Chann,UC5lhvsxEezdsqwZLCZEWQuw
Les Frenchies,UC5m1fPLNTZCgLjIzO5iy-Ng
MrSuicideSheep,UC5nc_ZtjKW1htCVZVRxlQAQ
TommyInnit,UC5p_l5ZeB_wGjO_yDXwiqvw
WesSideLive,UC5pbXz0uKJ6nmUisyKYyZCA
IsuckAtDriving,UC5q1YDVlAdN_kKE0OeROj9g
The Drive,UC5rBpVgv83gYPZ593XwQUsA
PuStack,UC5rPwqBfL4zfIAXuXxHLSlg
427 Motorsports,UC5s-TfKoYTV2NSC1aVg33Gw
Apollo Legend,UC5t8u4kpE0WvLxkPWIp8n-g
YogBuscus,UC5u0L_Dknq4_SeEJFLFZzvQ
Geopold,UC5wZGwqyPawfmzpve8aJ-hw
The Real G Music TV,UC5yHbiSKzETyX9BL1HgNerg
JasonCammisa,UC5ycxRlaGXSjt3CxZ3Q59zw
Professor Live,UC5zJwsFtEs9WYe3A76p7xIA
Santiago Santiago,UC5zM4nFLTXPsBjS7gQgQdxA
Slazo,UC5zUt-9qSFHF8if6TQBq6CA
Jeb Gardener,UC5zdi4KM3ewwfYMNo_KnU0A
Wisecrack,UC6-ymYjG0SU0jUWnWh9ZzEQ
Soup Emporium,UC60sV1b2e_EQRDnueRxgiIQ
SmarterEveryDay,UC6107grRI4m0o2-emgoDnAA
TommyKayClips,UC61H-loOmy43jBLKwVugyLw
Weest,UC61qCGl383-RjaQAYWNogzQ
TheFilmyCut,UC64IM71JuPgILNpTTP6RzpA
Today I Found Out,UC64UiPJwM_e9AqAd7RiD7JA
Trap City,UC65afEgL62PGFWXY7n6CUbA
MotorWeek,UC66lTpcL4h5wqxCWioKQOrg
Kalki,UC66mav6fDZnFErxJhkWBz6w
Cars with Miles,UC67ZfO3uKTREG0Avnyo0GFw
MrDanteDavid,UC67sUbx8lOt_4-dc3GII-NQ
Creedence Clearwater Revival,UC69yJGpLNIMk6_ECLwxBZwA
Jobby2,UC6CowTNBv0LSBXoLMv3aSJg
Die Antwoord,UC6DicDItkLQ7N4ag1JS5mqg
WhatEvenIsMyLife,UC6DxGtNQXPiQrNBptgCkXQQ
Brave Wilderness,UC6E2mP01ZLH_kbAyeazCNdg
Luka Carberry,UC6EqdtQGDx3U4-iJYor_CCQ
NetPengu,UC6HSHaQGvkIhQ9dy9smhkog
FarFromAverage,UC6Iaz96RkYE-MOjnq5NPgqw
Jist,UC6JEz6BKg7hX7idKecN7QYA
Mike Diva,UC6Je0KLSDuKLfKs1lEBzKrQ
OzTalksHW,UC6Jxh95N32m1JvKG_-fQ6QQ
Nate the Hoof Guy,UC6KYVwRZn8dVTeKcH2g9S4A
Intergalactic Binman,UC6KbvoJWSBgLMOvubB1vQrA
Sive,UC6Kjx3ro0TjWIITcL8ItPGw
DragCarTV,UC6LYaCnVf9l-kIuVg2pPTHg
ProZD,UC6MFZAOHXlKK1FI7V0XQVeA
MysigMind,UC6N-yT2UnRoG5yQF6ozwuEg
Dodge,UC6NMqrESrKioKr9axv_YM7w
Tyler Stalman,UC6OICk-ceplUJf4sCN3DMnQ
Paul Harrell,UC6QH13V2o68zynSa0hZy9uQ
James Brown,UC6Qbb99dG3cQnp0xg61Zzzw
Saintsfan,UC6RBXQeIq7YSpHe9HIxAbPw
Aidan Millward,UC6RKpfiMMylubgI6cAj2kNg
Diverse Mentality,UC6Rilx5JAugmgjn_YfYDerg
The Fast Lane Car,UC6S0jAvcapqJ48ZzLfva12g
PopShift,UC6TEuThReEnwrwX775c7hzw
RoastMortem,UC6TTaG3bmtBEfHaHotQyvMQ
Lagavulin: My Tales of Whisky,UC6Ull8Fi62GSm7gJs4AdbvQ
volkswizard,UC6VVhWbpqaiAShfi9daqReQ
Rockstar Games,UC6VcWc1rAoWdBCM0JxrRQ3A
THE SQUIDD,UC6WOxrSKLW8VagrNkfvi6EQ
Solfa,UC6XZ4fmiUPQk6ws6fGs2rQg
Shooting Cars,UC6XjBmQkvkLSS6UQlypqNLw
Ideal,UC6XuRyMV0Kk0qspigsVOGNw
Regal Two,UC6YDFPCcwyv-80riY2TIMmw
Jacob Laukaitis,UC6am0tFqAQVqYwF2YV31zZQ
RandomCarReviews,UC6bGo5MECVXJx2BDh0N9bYA
NeuroSpark,UC6bhDYgaYcAjPU6zUs3qzVA
Jeffery Ford,UC6bhSJ1yVibJkJZpnAvT7Jw
Sargon of Akkad Live,UC6cMYsKMx6XicFcFm7mTsmA
kenny lauderdale,UC6dsQSn70Cem7zFsUANHqpQ
Faro Remy,UC6eJa7-nB06nhHxaPSBS2_g
Orthotropics,UC6eh59CVGAMTjxo6q9gCMZA
MKTO Band,UC6fn3g21G0q6MyuZ8Fy6IFA
SeeBass.,UC6fu5PnHSiKuCWGpN30huYw
JDR99,UC6gD4SoJC4a3JZB1nfztniQ
Ollie Bye,UC6gNjP1W4FXWExT5QpYkmhQ
Mark Queppet,UC6gyVlwXwtqkn4KLjx3nDHg
Artzie Music,UC6hBefyLMtG7FXhZ55da3Vw
ETV Telangana,UC6ickpgDIsltU_-8CbZaksQ
SimonSezRide,UC6j4_yqXJPvgFjAH2dMFAVA
Minute Mon,UC6lHLnCRr9IBxWRanYMEshA
KOJIMA PRODUCTIONS,UC6lUqvh42Oc3XL19Edgd9QA
Shankar Mahadevan,UC6mCvnKILVVl1u_OUcp5kQA
RandomTens,UC6mt-_auMTswr7BzF5tD-rA
The B1M,UC6n8I1UDTKP1IWjQMg6_TwA
Vsauce,UC6nSFpj9HTCZ5t-N3Rm3-HA
Edd China's Garage Revival,UC6ofrdxbm3RijOx6NsMU8Sg
Villain Wins.mid,UC6pVWJDOwyLnQ7RPcBUQIRQ
Arne “Arne”,UC6pYTiuLbek8k-NbxfQLAUg
CVX,UC6qeLqAEF5a2NAJKzsrJRXw
Blue Screen Gaming.,UC6rcoIHkLInGz5tmbvipdbQ
J.T. Sexkik,UC6sRD42pb43-BcuTCa_X9-Q
PDRさん,UC6uo7Swuhid4KcK97n2l7_Q
MissionGarage,UC6vmq-TykOPazMDY9epLxjg
David Hoffman,UC6wBro4B4pf9xnBh9Xi2zcQ
I Like To Make Stuff,UC6x7GwJxuoABSosgVXDYtTw
FUNKER530 - Veteran Community & Combat Footage,UC6xBhF4QYIPPF2_-ExZzd2w
Waldo's World,UC6xNwCtnpXrWdFzDqn3lupg
CRX,UC6xZZUuXbyeQQppJ9XDGyMg
Professor Lando,UC6xZdbLoWpE07omW0xvBOBw
MMOByte,UC6y5h-dW-A6RBRHXDPlj9Rg
PlayStation Access,UC6yzV_xgKn8r77FkcmZyMSg
Awkward Since Birth,UC7-tfNxOcxpKQpXjpvugLJg
Preston,UC70Dib4MvFfT1tU6MqeyHpQ
Jeebus,UC70Z0I8XKMaFe0CQtAoALFQ
Autoalex v2,UC70oA0vYrbLIdwwyLLF4XVg
Vyjayanthi Network,UC70pKToywlxOGdgIvz8gYqA
MAGNETO 11,UC70vd88TPMaqpywV_L-lk5A
Dark Pixel,UC73qUtEKzLUMX8hEcKkkHDg
Cyberabad Traffic Police,UC73x-IA5uTPvT8ExvXZnGgw
ModjoOfficial,UC74sX8oY-MVC7_3KzlnFgzQ
RACER TV,UC75V5b1wgQgf0cU_QN6Vw2g
Countryballs Explained,UC77VmMDPloF0FGN4RIqfsVA
DannyDC2,UC77gIstbNzIAkqQSL5knlEw
staka117,UC7Bao6Oi1u0mNc3KqZJqwcA
Sciencephile the AI,UC7BhHN8NyMMru2RUygnDXSg
TheSketchMonkey,UC7ByeCDZocCg9c0F-PWW_kg
Stormzy,UC7D-09kUG6Ei11SVO_deW_w
AutoTrader,UC7Dh_sbcNd4BCXQkAqPM1AQ
SethShock,UC7EFCk0C32N8hM1NTem51cQ
Lil Kloroxxx,UC7EiArbg0B_JF-WB5qlekew
Brendaniel,UC7EpM9PXIn3bTIlJYiP1xWg
Cobra Kai Theory,UC7IU9n55zUVPHnXKR76aTAQ
The School of Life,UC7IcJI8PUf5Z3zKxnZvTBog
weezer,UC7JDBUzkcwRGtQGia3_mMgQ
D12,UC7JZk7o1gGVS2vjJpAQRb9Q
Blondihacks,UC7Jf7t6BL4e74O53dL6arSw
DankPods,UC7Jwj9fkrf1adN4fMmTkpug
Tribunate,UC7Jx8j3giv0rsDX0wgz9uGQ
Kaliningrad General,UC7Jz3BfXhojbHXUkICHCx9Q
Mercedessource,UC7Kz01PM-xoDnqsiuwTn5og
The Urban Rescue Ranch Shorts,UC7Lb37hpLTSkYtIGqSo2mJQ
Smith & Thell,UC7NX2G8OdtqWD01YfK-I6tw
Everything Aarushi,UC7O0Yx4Su09Jg4Gv_dIzS2g
The Cody Tucker Show,UC7PFtxFxlk3xN5Lup67X6iQ
Guy Bloke,UC7Q1eYWGXjlOsUB7T9cYr6w
Code & Supply,UC7Qu6WAXfoGUYc8NxPDZZBg
Lucas,UC7RGwnsSAEClqqxJ9MxUhyQ
qoznyyy,UC7RMehNIhIq1LSTYH4LtQbg
rahri,UC7TpqD41yQ3yoJMwrfXSKmw
трэш,UC7UQlzFfJ1QYKeh7Fzvoc3Q
EmpLemon,UC7Ucs42FZy3uYzjrqzOIHsw
retsupurae,UC7UdKZ9ujF1sFlP93dfjMgA
Android Police,UC7V6hW6xqPAiUfataAZZtWA
Aniplot,UC7VWF5zTxvsljWHlyVy3CvA
The Act Man,UC7WDD6yHgzdqijHluCi1z-Q
Tiametmarduk,UC7WNZQb14M9X6whT6WMsWoQ
Cargold Collection,UC7WXbzvG8HzgjExpS8NyyOw
BrandonJLa,UC7XQ-N5zRR6hG07urYrK7Aw
Mental Outlaw,UC7YOGHUfC1Tb6E4pudI9STA
Jada Pinkett Smith,UC7ZKWTYK6d7q63Yg1oN3Y-Q
Shane Young,UC7_OGRP8BYvtGB8eZdPG6Ng
Mercedes-AMG Petronas Formula One Team,UC7_VGkwCoKfqh1eZEkzey3A
Markiplier,UC7_YxT-KID8kRbqZo7MyscQ
Aculite,UC7bxtst_qd-STxMecToKJDw
xTimelessGaming,UC7c5IWuVuiYVdKxcQ3Bpvbg
UnWir3D RoBot,UC7ctje2kK_U2jzXSD33xlHg
Gigguk,UC7dF9qfBMXrSlaaFFDvV_Yg
iGyaan,UC7dLvCYNwhYe-l__yczFp1Q
BirgirPall,UC7dlaP4GdMn7kBnsEDKupuQ
SomeBlackGuy,UC7e57qWIEAZTQAaFwHpKdlw
Shirrako,UC7eAfUjR9gdIjoaoQaS0W-A
Cambridge Science Centre,UC7gTSuo7CwYuk3ib3M8W1CA
Gypsy,UC7gozbdUqpQOYN1og_d-J9g
Big Brother Universe,UC7hwsiljNVeTJsZlza5eEHw
Batzorig Vaanchig,UC7iOOQkDrWY-xfGCFQXmbfg
Northern Parallels,UC7ieofir-DlScmsfXHgiGGA
FARAHANI EDIT,UC7jUTQxNSAYilKjv_WRBSKw
Catluminati,UC7je_Qob_5EzPlK3w1Q-RAw
Alex O'Connor,UC7kIy8fZavEni8Gzl8NLjOQ
OK Tested,UC7lmZqhJeTzeQQkqNvfmjqw
ShoddyCast,UC7mFkx1Um4KJZKkUHsSV1uA
Carrom King,UC7nPBLOIsJKHArhcEXCCplg
Nick's Farm,UC7nl2GHj4Ejyj0jk7OJ7MuA
UsefulCharts,UC7o-UFkoAPCoKxpKOfrs4zQ
Bescape,UC7oeewLb4y1wFI1-jBR0SCQ
Reman's Paradox,UC7p-t_rMi9UrhWMeL-MGM2Q
Roki,UC7pT0Ewi5YCqVQ799nqKyZw
Hila Klein,UC7pp40MU_6rLK5pvJYG3d0Q
Nostalgia Nerd,UC7qPftDWPw9XuExpSgfkmJQ
Pushpek Sidhu,UC7qUbTJ26pWtqpIMqPpMX2w
Red Bull Records,UC7qn3NBI3XV7d8I3cvZeABw
Macrobells,UC7r4AyBjc72g14oYgKay13g
Diversity,UC7tD6Ifrwbiy-BoaAHEinmQ
Chain Bear,UC7u-Dg0jb7g9s7XjmtJrtpg
Trio Mandili,UC7ucvC0OrD2BQUmEec5NJeg
pLOLitik,UC7x1zUUIrccDYILEpD-gbBA
Joe Capo,UC7yPuRdd4ZKhJQueiVnjd2A
Drive.com.au,UC7yn9vuYzXTWtL0KLu2rU2w
Learn Korean with GO! Billy Korean,UC7ynjArlSFuXW23ssZAknyA
Sliphantom,UC7zAgOP-mFuhMtHfGonoE8w
Redditor,UC8-P63-J6DhWzj9dwFemKcw
The Tonight Show Starring Jimmy Fallon,UC8-Th83bH_thdKZDJCrn88g
Thomas Sanders,UC80Z-cIOdR6upfnrPJ8Q00A
pavlukivan,UC82IxNupSy09cVW77ZZkYFQ
Silencer House,UC82mZ71f1XAGZimT3Pg_nPQ
Salty Phish,UC84HxrpnjIGDh2EwfiV4VeA
TheStraightPipes,UC86SBFIAgnYL3ll2ZDgmsuA
Kero Kero Bonito,UC87PQkY3dDS-FastDm97emA
Racing Video Games,UC87geOOB2rCWkJFtUUeEBsw
Aeon Video,UC88WrCBH7BJi1je9q5AMf4Q
DyingLlama,UC88oKpyXNid09t1m_PZlvfQ
MyNameIsJosephine,UC89QtIAIY6xQgOhMYxMWXFA
Chris Harris on Cars,UC8AMAhCRmep7VJKe1sxvHFg
The SammyClassicSonicFan Archive,UC8B0hXnzvJgNyHDQPIHtQJQ
Retro Ryan,UC8Bnf_Hamcuw4Lk-J9MALDA
Saucy Postal,UC8BuMjrpFVxabV15_Am2ulg
Nebulous,UC8CdcmSanEWGgcbUMkhwnDA
Huggbees,UC8CsGpP6kVNrWeBVmlJ2UyA
Danny2462,UC8DIKwGU8wFZfk3Xi3-zcrQ
John Henry,UC8DtckolktBSKEfr3GLhwkA
Obayd Fox,UC8F8MJyWevV2EzzLxZnSRLg
RajmanGaming HD,UC8JiX8bJM5DzU41LyHpsYtA
Pathetic Millennial,UC8LDgti4_8TjZ3oAID8zSVw
Slav,UC8MLS5X0vWxxa5nyJxfSA1A
HistoryMarche,UC8MX9ECowgDMTOnFTE8EUJw
Arkive,UC8MzgBGB-6UjVac7SHH2bHQ
mainduck,UC8N4qh2WGAN6kc75rUmY_Tw
Cassady Campbell,UC8OJagbECdNfwOpAxHPxSgg
groenlandrecords,UC8OZsdWmGCM-vojiQmtUK8g
wtfmoses,UC8OxLAr0vFtJrE_C-xXN6QA
Incognito Mode,UC8Q7XEy86Q7T-3kNpNjYgwA
Google for Developers India,UC8QMvQrV1bsK7WO37QpSxSg
Rap Nation,UC8QfB1wbfrNwNFHQxfyNJsw
Piemations,UC8RBLJdSpxSVWDc_bGKmdQQ
Living Ironically in Europe,UC8SNsIS6XZ6WaEeEPCSVaQg
Ministry of Sound,UC8T81Q-rEobLa-YuQKj8L1A
MAJ,UC8TZwtZ17WKFJSmwTZQpBTA
Captain Crankshaft,UC8ThsX-gyKKuuN9qo1PJ0-Q
Revving Heart,UC8VBAugA6Jsa5q-663kNaqQ
City Planner Plays,UC8WAaaW2FnctRI9coYJoUdA
M83,UC8WbdD3m5dP9giOU9XtAGWQ
Captain Sinbad,UC8XKyvQ5Ne_bvYbgv8LaIeg
GioFilms,UC8XU8oVYRbU2Lifpeb8eUfg
Myvintageiron7512,UC8XUoWoA03a4-YKEMtUqUbQ
Knowing Better,UC8XjmAEDVZSCQjI150cb4QA
David Bowie,UC8YgWcDKi1rLbQ1OtrOHeDw
soundlyawake,UC8Zq_MdYiTfFPVa9nyRdJYQ
VICE Asia,UC8ZyfGD_qP-v75DGCzYQw6g
UrinatingTree,UC8a87KN4-w-ExcGufTeX9KQ
DDRJake,UC8b4hCq0aHQbl0v2il0tR_A
freeCodeCamp.org,UC8butISFwT-Wl7EV0hUK0BQ
McLaren,UC8dxVgZl9u5HeCOXnosCtuQ
SHAJ,UC8e6XbX3OO9YUKIIaZP-GtQ
Generalist Gaming,UC8ep1P0GsTYGkiXaSI59QMw
Relative Time,UC8f-EQaYP-UQuAltA3VHsNw
Lil Dicky,UC8f2afWLB_Ocfc4K2VEdPYQ
GODaZeD,UC8ff01IpumZd7LfW6CtC5mQ
Sonam Wangchuk,UC8gEnWuuNnBc6QPghEFUlhA
FERNFAHRER - Drivers Magazine,UC8h3ZTaNcNLdZ5-X2GGVXMQ
NardwuarServiette,UC8h8NJG9gacZ5lAJJvhD0fQ
TOKYOPOP TV,UC8iEWX_6yg-c9SVxSHwnB8g
Butch Hartman,UC8iVuEUisbubpH9z5p0eUsg
fpt.,UC8jkbVLPvztz8TuE98OYo8Q
BakaBuzz,UC8k7jJQMyT5bCe-2oGY18BQ
Angry Foreigner,UC8kf0zcrJkz7muZg2C_J-XQ
AsianCrush,UC8n-7kb2RGV7TidMWzHl7EQ
Wheelie Cool Videos,UC8oap2DZlaSe_NHVb59lPMQ
DocuDubery,UC8omrijlG_oLoHSf9RUmB9g
Aston Martin Aramco Formula One™ Team,UC8pLH6_Dz4QwKYE-dtcaxeg
MotoGP,UC8pYaQzbBBXg9GIOHRvTmDQ
alexlovesmac,UC8pttIVZTCIHXZuDxBIzxAw
Smooved,UC8qkyF2XeTGSlN7hWTRcstw
Lil Dicky,UC8rVJyj4zE0S9-sccMLifIA
Goodwood Road & Racing,UC8rador8CU-pTJ6p7WNiv6w
fillman86,UC8sZs9M_geP7I6QgQaiHsOQ
Frankenscience,UC8szLuen9s-V_4-C7uzezZw
ShadowApples,UC8uA7pvD52YlcqTsjpH_Wzg
The 8-Bit Guy,UC8uT9cgJorJPWu7ITLGo9Ww
Nizzinny,UC8uxo8VEfB0HEsq5Fvsq8-Q
AdamC3046,UC8v6Uo1Lymho9pFaL22MNow
sushpants,UC8vd5cpEUunbtyn57rQynaw
Cult Media,UC8viNivnh5D0IMOP5wUz1MQ
High Mileage Reviews,UC8vj_C_yX4QmXWuq--SPcgA
50 Cent,UC8zJedg1f4sKnyuHWeS6vyw
Computerphile,UC9-y-6csu5WGm29I7JiwpnA
Johno Verity,UC90NHE9f2JBvPBnQGIolb4A
CarGurus,UC90ZigN9H_k5hEbZ3r6cuHQ
Loczniki official,UC90e9WWRgkfmr-AZCBGbdPg
Contempo Concept,UC90hlmcmFtXdC1Fe9klf-lQ
KARMAkaze Moto,UC90zqRtXw2W1PfXdsLBfFrA
MeatCanyon,UC91V6D3nkhP89wUb9f_h17g
justvarman,UC92qJI1XVphUpVGrUlcoFYA
DW Food,UC93iVjVDI3-XvHmtpNslMrw
DreamDiecastCars,UC94SqP9KIjYKP7i5hqDL0Lw
Anthony Po,UC94XlnLwRY7AP1GhbfbAcYQ
Shoopfex,UC982LtollT1uiccr4uhbJcg
Mr Dosser,UC98Q0IDRtYsUVTJXaTyljfw
XPSTECH,UC98aXdMaVYcKHpUSRv9kCPQ
Shibayan Records,UC995j0fLaZb4RHACU149w1Q
Killatomate85,UC99NaRvOHeQe3ruW-RAbWZg
Peer Jan Rind,UC9BTl4WB2-IC0H-fwXmblQQ
Tylarious,UC9C95npo2PgAg1f_Zy3HdBQ
Howeh,UC9CsKdTDw6zudYHek_aYyLw
GameGrumps,UC9CuvdOVfMPvKCiwdGKL3cQ
AutoTopNL,UC9DXAsBD4-ITVuvpd68401Q
ultravclet,UC9DvHIySY_RDq7D92QV65bw
Brushy One String,UC9EX_r1oYGgTBqEoqnd4ycA
Luke TheNotable,UC9FkeEFIGd9FXRfxpTltXYA
Ferrari Collector David Lee,UC9GNEbV9btw2tlV96p-w6cQ
Dire Straits,UC9HKX4sDEYdgDEQTV9iy9yw
CordWit,UC9INTEXZcjTIEHc_L4BZWww
RamJamVEVO,UC9Jp6PiV_9XRstuySjRAPag
TheDonBro,UC9K3MWrTUPJaJ007o1Fu86Q
Vinh Giang,UC9K9Wnz6t4cLnCdTzAVrXqQ
Lovecars,UC9LfZkFRd3hJzPuTTFZN4lw
Bizarre Beasts,UC9Lp_AA5M2cMGrlvnnIns-g
Android,UC9M7-jzdU8CVrQo1JwmIdWA
Beppo,UC9OABighzB6Qr5OAOm5RLdA
Digital Foundry,UC9PBzalIcEQCsiIkq36PyUA
Wendover Productions,UC9RM-iSvTu1uPJb8X5yp3EQ
Michael Tan,UC9RvL020x5giXObQOUml1Sw
RoomieOfficial,UC9SVhrnsGxWwiBRWT9c7Ozw
Uncle Tony's Garage,UC9SzQNYLqsPQGY_nbHogDDw
Humtog,UC9TZZuXcf-_izPUH_AdZZJQ
Tech YES City,UC9Tn-atYOt8qZP-oqui7bhw
Bachelor Castle,UC9UATBK_bRl52vbhsO_mwKw
BlueMarbleNations,UC9V19RDYNkjzdD8T-ThH2fw
Ben Collins Drives,UC9V9pNeL49_40j3g-11OYEQ
Coffee Break,UC9WQRw8jgJhag-vkDNTDMRg
AutoMoments,UC9Wfk6MMfaqEzAmzFDckD8Q
Misha on Wheels,UC9XOhD67FR-9X-0CYQI4oWg
TheLingOtter,UC9XwYmyLK1GsVe9_D7FHMqw
Ashton Gleckman,UC9Z0p8W-IvB_2K_cAQdf7bg
Adam Ragusea,UC9_p50tH3WmMslWRWKnM7dQ
FUNG BROS.,UC9avFXTdbSo5ATvzTRnAVFg
TheGaroStudios,UC9axQz-0AaUdWVzzSjX0Xiw
BFI,UC9dGqMAPJRpA7M0oSdgtQgg
Let's Talk Religion,UC9dRb4fbJQIbQ3KHJZF_z0g
Braai Army,UC9eEJ7xE9fafyMFRWhU1vNw
Quartz,UC9f78Z5hgtDt0n8JWyfBk8Q
UrAvgConsumer,UC9fSZHEh6XsRpX-xJc6lT3A
JennaMarbles,UC9gFih9rw0zNCK3ZtoKQQyA
TommyVODS,UC9gVCa6ap-KDayMRPg5wjIg
Ms Pantsu,UC9iFhgHa0mgyowznnlakO8Q
KZ_FREW,UC9iSpLJKH4U-0Tp_P_jH1Og
Murtanio,UC9jWcAMlUtBXdJytn6W0Scg
Inside Edition,UC9k-yiEpRHMNVOnOi_aQK8w
Bloke on the Range,UC9k2WzcJ1kUMl4KIwNQwrFA
Mylo the Cat,UC9kN-ROrTY81zH856AxXuGQ
CricketCloud,UC9l5bbc-S94CfORkfZXBQIg
cubfan135,UC9lJXqw4QZw-HWaZH6sN-xw
TheCoolRev,UC9lfu6MGztiTctok7ApeL_g
Syros,UC9mFio7rXEgtRQAhoIeGAew
mysticat,UC9mvRrl9o7rG65ABsGVvDBw
The Ink Tank,UC9n7anTerwMe-RUVKvCBiqw
Bite-Sized Politics ,UC9nEh4nFE0ff0rYRtY360xg
HoorayPerfect,UC9oveJ3BYAtmS-ZTwT4K98w
geriatric1927,UC9pKXHIbEZXelvUgyNIStMw
Lindybeige,UC9pgQfOXRsp4UKrI8q0zjXQ
Star People World,UC9q55gXBEbewnuXZRXwOe7g
Testwill23,UC9tVHHGovSRmy6zIom4w1vQ
TapL,UC9tXyGZiEft9J4ZiI8dHb3Q
Insider Science,UC9uD-W5zQHQuAVT2GdcLCvg
Cinema Beyond Entertainment,UC9uNpqgB0PfH1-hHQrUWXyw
Michael White ,UC9vhKc8HlqxgQfKT1--28ug
Chris Kohler,UC9xafGPnAr0hxZ_bYMp1JsQ
George Ezra,UC9xncyB15xEnnWfgBp8wAeg
aksually,UC9xvpSy20Wupok1jGo0J6Zg
carykh,UC9z7EZAbkphEMg0SP7rw44A
TheJizzy,UC9zmo9x1o7xAfgM1Fw3Dg4g
PhotonFeast,UCA-JiWKlkZSUQF9p25TxnFQ
Anonymous Official,UCA071Pllf2wk-B8Rkwt47bQ
SpilTrez,UCA0UcljkR22RK2GSLi2w6ww
NileRed 2,UCA0mlN90EHCizvo101nbr-g
EvanMCGaming,UCA1mxOwASgWGYkvxN20-MBw
TheMediaCows,UCA1tk_Wa3Lm4hMZ4ssPEuLw
Build It Yourself,UCA2_CuSSbv9pL4EYpw_Nchg
GeorgeNotFound,UCA2tt9GSU2sl8rAqjlLR3mQ
Gagan Choudhary,UCA2utdbkuY6PfX0Exi2Y16w
Car Music,UCA2zt34_chJ1S0n9Ke_zh6g
Ryan Reynolds,UCA3-nIYWu4PTWkb6NwhEpzg
Mori,UCA3OHQYyLKHdI_k54SMyb6w
Saki ★,UCA3gNBSx5AKfJ6Gb3u-k6-A
BASTILLEvideos,UCA3nrVC6HlfDs414V_SYlbQ
SWV Official,UCA6pN6Ry4qeDkfHDQUfb6PA
Audio Books,UCA8Bg-tQKShZRZhe610SC-Q
Sleepy Ghost,UCA8TIXwBT4PZAxT2HLKGMeQ
Bumfris,UCA9jhZh7t3FDfXWd9vg740Q
Formula Jonah,UCAArXAyn1mo3gZ2xe3RkFmA
We Be Like That,UCAD_OgLxrn1Dd0gxF_3sEBA
Smashinbedrock,UCAFSVbkPN01xENO9bPkCD9Q
PotatoMcWhiskey,UCAF_yy-Y4yl4VMiQ7RV3STw
Primink,UCAG3zESsD73rnHu0x3DDZHg
The Pedantic Romantic,UCAIKWqE5-SjyeL1wQDaOb0g
Mr. Wilk,UCAILB13E8Lf788ll_AKJRvQ
MarksXman,UCAKoUHbCASM2Yx8Y3l726QA
Primitive Technology,UCAL3JXZSzSm8AlZyD3nQdBA
Easy Spanish,UCAL4AMMMXKxHDu3FqZV6CbQ
Koopinator,UCAMs9CIz4NDptEdFCkCJMlQ
Pleasant Green,UCAPrhJwVweWZA8GEPoClSdw
Grifter,UCARtG8vf1yyu2kVfsLchnjw
Patrick Boyle,UCASM0cgfkJxQ1ICmRilfHLw
Tucker Gott,UCASjdyu0y8XQ9qJnqxsKHnQ
JAWA TINO,UCAT40YzmDL5kfN4ZQzYMocQ
Vedant Rusty,UCATmVnURdQtktMmGjHzwYiw
Platt R.,UCAXiruFb_LUYpbKx3WbiYYg
Chaotic,UCAXo8GgC5-MU2PUTuQbR5eg
GIGGLE,UCAXsJqkA47v0NTJGdtOE69A
TechRadar,UCAY_M9HyJb8oMKPV1utQQyA
ohhsosleazy,UCAYvleHXlbud0CcfpQH4N4w
Lord Fluffy,UCAZaS96LQ4vNaimpoq5xsDA
GTLive,UCAaegDUlb7doIKo0Rc1F08g
Hopping Bug,UCAbBB48flN4pVEcqa37QE1w
SpeirsTheAmazingHD,UCAbdeLiTPdjk1X2TY_ZdLDw
Automotive Mike,UCAcMb_Cra0rIl6u6CdLs_TQ
Rambalac,UCAcsAE1tpLuP3y7UhxUoWpQ
skinke,UCAd7KUoz7wiIykl8-NOPwDw
CptObviousKyle,UCAdmGJLGc0dJ4rUhQ-SEOCw
thatistheplan,UCAfaLxhKe_77oolMLutK26w
