JOKER FAMILY,UC-4vsQo3bHMzLuHyVM_iIRA
Online Station,UC-Oq0W8avFSSbKFsY3iHyUA
Hyperspace Tales,UC-RGZyKXSOJubisz-j9uERg
kezu 0120_ZERO,UC-ZglvIRPMHNLH76kNN3Fhg
Ananped,UC-chqi3Gpb4F7yBqedlnq5g
Yarnhub,UC-f2WBfSCZiu0bOBydjot3w
Shut the Fucx Up TV,UC02OIJi82cET_z_BuZbRuog
TOFUKUNG CHANNEL,UC043CJV8wYe6QvdGQGI5Ncg
OHIOBOSS SATOYU,UC0XwmKYoAkybFU8lw4veZrw
PP Godknow,UC0uyaA7WRoj-inWJv6FivSg
‡∏°‡∏¥‡∏ô‡πÄ‡∏Å‡∏°‡πÄ‡∏°‡∏≠‡∏£‡πå,UC1BqVmCx1k8gvYjdJAGCCIw
SkyBeam,UC1PAvSRuUF_Cfd8Vs5_zq9A
YaiMakMak,UC1iAElw70sK77-YsYv-lXWA
Extreme IT,UC1l9NQ__kCp9JoBnuZsaUjA
solarhandlight,UC29DpcHpT1nCMXRkUsGL60g
DEEN VLOG,UC2I1Ye8xVHLC-iQJXMLT-Gg
JOETHz,UC2L3OXGAHCnn-mzEQkCDljw
OverclockZoneTV,UC2VBosNuCGhFEPLIBPZTnPA
RyuJou,UC2a445LK1bGr6ao6EIc-_sw
KyPher,UC2f_vbVRlY9Kv9dF6Cd0lZA
‡∏ô‡∏≤‡∏¢‡∏´‡∏•‡∏≠‡∏î,UC2gL9tSn7bHQZa1N60HNDRA
AdviceClub,UC2k_5ayXxVqlJ9DtO5oa_2g
Stealth17 Gaming,UC2mwsE-87Hfh9ZmSrqBqNIg
NongSaKhu,UC2noDQSzHYVuzKAZYy8kbug
Yamatum O,UC2o99rDqg6wcG8i0HdIzqZQ
tama,UC2r2fsUsiJI1CWKDJelAYGQ
HyperWeave,UC32DGDmYNfL2MAolkrlVz0w
Bie The Ska Shorts,UC38dxZM9EIcf_v4z5Vs13cA
The Historical Gamer,UC3H5lJfctAJRgHzY3JIuwsw
LannaJr.,UC3Qf2RlSEXrAHb_8fioxkug
Voyager  ,UC3VeChPt9A4b9IcguH3-hUA
History World,UC3_l4osjAYv0cAha63UuSmA
THE STANDARD PODCAST,UC3f2SY4F9zcxY1oxt9AF9WA
BaronVonGames,UC3qSqrIqiwgAY4LE1YHRv0Q
MinGamer.TV,UC3xyj_gXyzdwYuxAe9oPa-Q
‡πÉ‡∏ï‡πâ‡πÇ‡∏ï‡πä‡∏∞‡∏Ñ‡∏≠‡∏° - UnderDesktop,UC442CaJRogrfKxCN_lA4C1w
easy boy,UC44a12xQxumXdZnfpK_OBlA
NEiXOFFICIAL,UC4ADfFxYcIK2cRZ1yGrZ7vQ
SkizzTV,UC4FMgDeNBwQaNEaav5PjtMQ
9Cop,UC4Sxel7f05En-SsAS0np6uw
GaroShadowscale Furry,UC4_zKNqS11a2ap6sGq16dpQ
OVERACT,UC4fdFbVcLfmhfvAFxn7cJTQ
Mount&Blade AssMax,UC4nzLGWbg5DA8w34lOm3Exg
HEARTROCKER,UC4plRabXFGdAE6HP-tBQKdQ
Bitt3rSteel,UC4tWW-toq9KKo-HL3S8D23A
Kutcha Wants2playz,UC4ytWAm10LjaeS53LpQfJOA
ToNy_GospeL,UC50ktGIdSGjny7j7pNb6GJg
Simple History,UC510QYlOlKNyhy_zdQxnGYw
The Codex,UC51mNBYZD5C8Zmd7QuQ-SFg
Art AirsoftGun,UC57WSNmOEXfkgG1ntHW1Gog
Suryaputra ‡∏™‡∏∏‡∏£‡∏¥‡∏¢‡∏∞‡∏ö‡∏∏‡∏ï‡∏£ ‡πÄ‡∏£‡∏∑‡πà‡∏≠‡∏á‡πÄ‡∏•‡πà‡∏≤,UC5AKy_q13h7FHxda0D_oltQ
RILL GAMER,UC5AYBA5kuetxIiuE_gP1HaA
‡πÑ‡∏≠‡∏ï‡πâ‡∏≤‡∏ß ‡∏®‡∏¥‡∏•‡∏≤,UC5Iz9iaEh9UVJ_5UgMIpgTw
OC Gangsta,UC5Ty0DcPcAVW_dVRW17qBBQ
HAWKEZ,UC5Zfcnvq93CO9-i_9DmDVBg
THE MONEY GAME by Tanin Kunkamedee,UC5bssz7xbjyIENHKIoJQZsA
Ing,UC5jazsuw-ZZZYPdOQOQmGhg
Zenzozay,UC5pVJ4rRHTbVlWqCxaCy-7Q
AntiheroThai,UC5tN3n8cBBlSCMHgFvkt24Q
zbing z.,UC5zGJZpxeZPFcds5gFcDE7Q
Topby Toast,UC6C06dhFEgWI56f3caOrqCQ
4 OF FUN STUDIO,UC6agpB-BEt5XuRlR8CHUErQ
E.N.T.Y,UC6hq6xOcaMTPHkZgL9ChRCA
RainmanD,UC6tHdZS4KPRt1jMFFO6-VEg
‡πÄ‡πÄ‡∏à‡πä‡∏Ñ‡∏Å‡∏µ‡πâ,UC6zGSTYwBZDrkVNuEjigZ4Q
Natcha NCS,UC7-w4EG2Z55RB9RX0EcZnFQ
NottO NBK.,UC705OZcYT8ysriJ93eiQVeg
Hazkolo,UC750rrI666c-3afMD3Pcfcg
Kaliningrad General,UC7Jz3BfXhojbHXUkICHCx9Q
‡πÄ‡∏Å‡∏°‡∏ß‡∏≤‡∏á‡πÅ‡∏ú‡∏ô‡∏Å‡∏±‡∏ö‡∏°‡∏¥‡∏ô‡πÄ‡∏Å‡∏°‡πÄ‡∏°‡∏≠‡∏£‡πå,UC7amv83Go8FCLBiKWQ-g6Pw
Danny TH,UC7bxInRdfDclfNiUOJrWf3A
FACE TAC,UC8-zNngfThyk68RPuwqDcJw
FNDiary,UC82wrC2KPf1T07-LKmfatng
Druid Works,UC8HqjBPkeLtqoF2xOwYULsA
GuyTH82,UC8RjA9V6AIzfzRQZY5a96kw
Bay Kilamer,UC8aneH2Pbedp7tsoLpWbHKQ
Gssspotted,UC8uxFKMADMhYn80nkfpPa-w
Pigeon Mix ‚òÜ,UC90qZaMJZaW3jpiEE-smUgQ
‡∏ú‡∏π‡πâ‡∏Å‡∏•‡πâ‡∏≤‡∏™‡∏≤‡∏¢‡∏™‡∏õ‡∏≠‡∏¢‡∏•‡πå,UC92KLpCuDdYlnEVrvg5iI0g
Steel Guru,UC971VIjEEHKBN71CB7B7-PA
bigboungstudio,UC97pwFREh7Wf1Be_tqVToOQ
GUYWALKER,UC9EPVEu1PzHhkdeIeJ0JR6w
Vocal War,UC9HgODp1pwWXLwo_201U54w
ANIBON,UC9KU1bQgB2oM_R1wQ38FpQg
The Moof,UC9b9KpewX_rIZcVk0mUZwng
Hurricane Studios,UC9bmzk5F3kNItARqiopOTKA
Roji Sensei,UC9teb17uSK2bXzLA4mIE2Fw
Blue Phoenix,UC9ttzp1p0Z-Q4RIHjYKH5VA
howtoTH,UCAPkNAHbbRVFrsGZWQdbUhA
Major Alex,UCAR9bJESC_T-UzALTtsEtBQ
Munitions,UCAW1KaFB0WO_18JZHSDmHjQ
Pengu Ch.,UCAnKhwx493i5myddnJFF_gg
CHAISORO,UCAuEDyCeRT3eSrbPxY4xuxQ
‡∏õ‡∏£‡∏∞‡∏ò‡∏≤‡∏ô‡πÄ‡∏´‡∏°‡∏µ‡∏¢‡∏ß,UCB5F3BCI5xSEAVCRk9Kzghw
Datsoteric,UCBBMlkobtI66MxpZoupNVmg
Fit and Travel,UCBMjORco1vbZmC1cf_xnEmg
MTAR Channel,UCBZeggAM2Q0Q4_ORcpU1OPw
KEHB,UCBl-yBzvgQiBNVlrQ9gtgxQ
SHOSHANG,UCBouRHsR7jSsZBBGMuz4tbw
A JECT PRo,UCBqalI5VVdkpOv9WE38RuvA
Camodo Gaming,UCC6ulNJ-KDoIa3VI2gcvQpA
F Pongpitak,UCCBAFMK4jV26k_Nt_amLuoA
xAom,UCCEJ_ncBqRPCWvs29UFvugg
Syndar Nailo Ch.,UCCHtVesWa8HHINwLVtBaSOg
‡∏ô‡∏¥‡∏ß‡∏ö‡∏µ‡πâ,UCCKfDdNw708uAJeIQJMv_JA
Kaiju Kingdom TH,UCCNnNRtQ9FSdIstX6iirndA
[tackle4826] - Tackle Minecraft,UCCPqHy_GPA_4tDuCg6N_mJQ
Nokia Sutasinee,UCCrbOjzAFFnfA0Omn0rRvRw
KHUN:T,UCD3VHArG07a3GMJ5SdpPO0w
Italk2friend,UCD9GauEsnG0ASogerQJ_OEQ
bigboung,UCDIiLzm-DluktONaOz4dhaw
NANTAP,UCDa7t2_fy4RZaJ_4492JmjQ
BreakGate,UCDfw94o6nonldOA-aXHSw2w
ZadistiX,UCDuC8-qenZ4ZUTAJ1ROT4YQ
‡∏´‡∏•‡∏≠‡∏ô‡∏Å‡πà‡∏≠‡∏ô‡∏ô‡∏≠‡∏ô,UCE66E7Y7zRDaDdK_TAq6OPA
Buffalo Gags,UCE6LtM60wP1sZKNQ0osvAGg
Dreamcast gamer,UCEV-W1xZpUSx3NMNOtQsxQA
SICXERZ : CORE Ch.,UCEZl6aWM_c93GHtB12UfxNA
MJ Stuido V2,UCEdZVyBpzDakX_RoX_l6PCA
69podcast,UCElORP0izlExdUBM0LEAx0Q
easy boy X2,UCEmNyI4r-ge-YHDQ5NZrT2g
Killer Code,UCEwpaB-oKFlb4H-dYc5M2hA
‡∏Å‡∏£‡∏∞‡πÄ‡∏ó‡∏µ‡∏¢‡∏°‡πÄ‡∏à‡∏µ‡∏¢‡∏ß,UCExpUURHzo65FGuZe32JYuQ
‡∏°‡∏¥‡∏ï‡∏¥‡∏ó‡∏µ‡πà 6,UCF3X1kgFEDLV1JmzdKPtWcg
Tsunude Shorts,UCF41wvWA_kTYh-7lkce8wRg
My Mesuan,UCF4dI07bfrJJ_6sckTqtqjw
Muichirou XIV,UCFGbR-eb7DMjHXZNsvJzwoA
ENXGMA,UCFTjC8OaMv_kP5frj9UU1Rw
ICE KING ,UCFULAo9d57CraKgic2KkIMg
Hererm,UCFYtuhhyTKcuaDdCqdeXnpQ
RedremasteRed,UCFgCiiEAE0DoGxqVsuF3lRg
‡∏¢‡∏∑‡∏ô‡πÄ‡∏î‡∏µ‡πà‡∏¢‡∏ß YuenDeaw,UCFx_XT71EK28hPQ4lp-drNA
Daniel Rusev,UCFzhbF5TENy4tHks2c85arA
Spooky,UCGAACHLMpQ0cfYBkfAFmcSg
Aito LH,UCGBkYTR4tMKS38TQHGWWLjg
DEFTV,UCGELJtB4tEHxhLuoA4E6IYQ
Okaruto-Kun,UCGIk9DGpWcVtanNV2bmw7nw
Nine To You Channel,UCGJzJlkjPv-QVSVWtaLjbyw
Atompakon,UCGPrNfe-2mUlcIPFIvPk53g
iHAVECPU,UCGVXgdliyi9hv-NiLJ7gG0w
Kyutae Oppa,UCGXO4eSJEmdjYL5cCC4-CYA
„ÇÇ„ÇÇ„Åô„Åë‰∫åÁ≠âÂÖµ,UCGi7V2ZIJvCjxRyhH6__c1g
-kage1945,UCGik2MVAqFMgdGBTqaFF9bQ
ÏÜ°ÌïòÎûë Ch. Songharang,UCGsmBWY_WgTcnlF0NidFFPg
TALK CONTROL,UCH4uX8voDxSdDtB-cjFgvrg
MOSSALA101,UCH8BYWBK6uQcampQYnGTs6w
JJaz,UCHBT4lxUW22kxTH0Z-Ck9Yw
Man of Creed,UCHI-olNDGJRfS3gGEEyMD2Q
194145 zero,UCHVa7pIEgeh6Pn2sYNmrMbw
Fakeotaüáπüá≠,UCHdWEw-O3-B_r5SFyngwbZg
‡πÅ‡∏Å‡πà‡πÄ‡∏Å‡∏¥‡∏ô‡πÄ‡∏Å‡∏£‡∏µ‡∏¢‡∏ô,UCHkrNf6dFcz_KFx3Qoi9orw
Frost Ops,UCILeen7hCqbM8kEwCWDcZ9Q
WARPGVNG,UCIPMmmqM2q41wSUwDbbQK0Q
Pochi Pochi (‡πÅ‡∏´‡πà‡∏´‡∏±‡∏ß),UCIV984L_y69QNJkFE-JPhew
BlackMoon,UCIeIzDsyOOenrw35gK-Dwog
lionheartx10,UCIeaxRCoSLFLHvrCInghqcw
KritRMX,UCIs-3z9_GDubWlM8ui4a-lQ
‡∏°‡∏≤‡∏•‡∏µ' ‡∏™‡∏ß‡∏¢‡∏°‡∏≤‡∏Å,UCIuT1krMvYeYzQENswFeUWQ
gunzy,UCJ5RQX-qiPOka6U_gxYon8g
TheQuillmon - Virtual7„ÄéTH„Äè,UCJ6HUQOWSjCHHdOgz13zFlA
G-Content,UCJNj9z7tfI0f1FASTmn7BBQ
DOLLARplays,UCK4ahuEsZI9mHH4_gJHlr8w
RAMER ‡∏•‡∏∞‡πÄ‡∏°‡∏≠,UCK6W10JbStSDv03F0mynVTQ
PaiPakapong,UCKE47hf2xV_K6_jj9anuXFQ
BEGINPLAY,UCKP9t3Ti8htK5indjuSXd0A
‡πÅ‡∏ï‡∏á‡πÇ‡∏° ‡πÇ‡∏Å‡πÇ‡∏Å‡πâ‡∏õ‡∏±‡πà‡∏ô,UCKSJ7hIXvaZT8ATXGpe8EtQ
Suryaputra ‡∏™‡∏∏‡∏£‡∏¥‡∏¢‡∏ö‡∏∏‡∏ï‡∏£,UCKtvqmG-x_L8uSST8z41EiA
‡∏à‡∏∑‡∏î‡∏à‡∏≤‡∏á,UCLCXrI3N9vwEx0iiZcir05Q
BALL2B,UCLpG4i1xHva6b3vdcKpdlXg
JustGameplay_YT,UCLpoTJgcJHnZpMIhWxNu4tw
‡∏°‡∏∞‡∏û‡∏£‡πâ‡∏≤‡∏ß‡∏≠‡πà‡∏≠‡∏ô,UCMQnrWAhpeMIdHo3K0fsLNw
Sora The Troll,UCMj4YareOFuEfxUBbncWF9w
H√òRI 07 - Virtual7„ÄéTH„Äè,UCMvc8BlQ7r5gRbz-D2EY0LA
Netflix Thailand,UCMw2QZuFUZxfFAFZ0hOLrZg
NueYang,UCMxtsj5KfWSNlCtS7JO2laA
Nano,UCN17Z31n_ionhzAjyV7pmXw
Cat Tales,UCND2_C3gpGr-uDKyabbVB8Q
Zhevass,UCNHvkTgcs8vuJwTj3KfFPTg
OverSimplified,UCNIuvl7V8zACPpTmmNIqP2A
VulcanHDGaming,UCNXVd4VLAt5f2M0ZPITq9Hg
OfficialWhiteMusic,UCNdqGgAK2u-EucN4IAIqP7Q
BADNESS GAMER,UCNemMrNM49rtawqL0QBamLg
„ÉÅ„Ç≠„É≥„Éä„Ç≤„ÉÉ„ÉàÂ§ß‰Ωê,UCNnHT5X1vOZJPqzZQbWcKKQ
SSo Channel. Play,UCNrOaoOUlxXwOF2w8yU7bVg
WTG,UCNu658uWklg-n2TG5xzdpHg
Dark Library,UCNz8eN4DInPChnzpYQYVIlQ
RZV,UCO3rqnctrd3H3Vk0D8hAmxA
ZoLKoRn,UCOItHieK_5NH3_IY3Esi4pA
Hashimoto Koichi I'm Lose My Wife,UCOLQj5Uv14uYShdQul21UgQ
Master_ ATM,UCOTNAixu38ybFvb6Nkf1wCA
‡∏ä‡πà‡∏≠‡∏á‡∏ó‡∏µ‡πà‡πÅ‡∏°‡∏ß‡∏°‡∏±‡∏ô‡πÄ‡∏•‡πà‡∏≤‡πÄ‡∏Å‡∏°,UCOcG15dyhPB4zpKXgxB2WXA
CLOUDSPHERE,UCOjzqWC0NZvnA8NsU6Cjhag
BalconZoo,UCOkzfeTKbHSoHwvnTVvVQHQ
OKyouLIKEs,UCOsosPGGBgWeh2BPML1s5Mw
CreativeKim,UCP1Dd2e9Kqn0qTAR7HAA8kQ
UNDEAD X100,UCP8WOQu4Fe729YeVCqO2gAg
Xcrosz,UCPL6Dt2qQ9TUlC4_VkYwwtA
KAISER VS,UCPPP8HB_VF3TOfBxEVOTe_g
War Thunder. Official channel.,UCPZsNertSS82YCT2qX9-wHA
VVoX TV,UCPdwI7e8Z1RMtPxfMXRrK2g
EZBadBigBoy,UCPmZZLyDV9xl6GzSI_Nk5mA
The UltraBuild,UCPojSu3I9Vo8dZkx0fAfoGQ
Hii Channel,UCPqIWtMTokl0K5eipgRnvdQ
JERRY-XD,UCQkOil8AyEVJDtpGZzDeIyA
DJ Poom ,UCQqreAASg_IfRYMEqKQpxzA
Really Cadz?,UCRW6NBddSIcOnyNer816M9w
Shuwa Shuwa,UCRYvaJQwklCZ7-DaYn4Faag
Tachi ch,UCRqDmAtSQd4DOrh3gIFWpbw
GUFUNNAROCK,UCRtZWRMsmxxIsXRLyOEF6sA
Wepergee,UCRxDkWkcQQiI6CMzusqvrSQ
Jeff Satur,UCSFWkjQRmSJoz9QQ4lkwlDA
Thai Can Doo,UCSR43l-fOGwzZ1cZ5i6K1UQ
RADAL,UCT1mF-u0Lcf7bYuUWTvDcpw
JZB Studio,UCT36RAItICCMZonGunsJYJQ
Malzi,UCT7TdwI5du_oMzKPsrk7IxA
Pigkaploy,UCT8UgpcpqFV6AgOfs_52QmA
Enlisted. Official channel.,UCTFWy_lgIXkDZL3G_h84BPw
BANKII,UCTHA9ZB9vGvERvgBh-fsHQA
‡∏Å‡∏∏‡πä‡∏Å ‡∏Å‡∏¥‡πä‡∏Å ‡∏Å‡∏•‡∏∑‡∏ô ‡πÄ‡∏Å‡∏°,UCTI6p8iaz7jKqZoeaJIpdXQ
Iron_‡∏Ñ‡∏≠‡∏ó,UCTKU0RUb1yJA-NAzGRu2AyA
Naphat Siangsomboon,UCTLcpwV5et1mSPVumH2QCeQ
CK Spoil,UCTY9YDrLNa1j3Y4WVzADE5g
Q-VOB,UCTmNDwAnFElLZnRYjl_NWtw
NoonNoon,UCTvAouIoCUQUtYBUO8MmxeA
Sukorn,UCTvfrXs-ejZerJk_9c7zvDA
New World Finance by Thanayos Kongpichetkul ,UCUHijLhjdZRiIeShVdgHY9Q
‡∏™‡∏ß‡∏±‡∏™‡∏î‡∏µ‡∏Ñ‡∏£‡∏±‡∏ö‡∏ú‡∏° ‡πÅ‡∏à‡πá‡∏Å‡πÅ‡∏õ‡∏õ‡πÇ‡∏Æ,UCUfnk5CgUjykoc-BezLMMIA
AncientIsle,UCUfy0R67O7Hldh3wQCZVz6Q
nuenglc,UCUhkMkbH2lL3JKkCjeHGhvw
Epic Time,UCUoV88OKSJS8nOun8YY0XWw
JIMSURIYA V.2,UCUpWU-ZHdlJaOAp0S3Rktew
Literally GOO,UCUt2naBejxYi1MAUj4edWug
Zeroz Kingner,UCVLjnQwUpkwMPnZ5lq19yvg
Animarchy History,UCVVcFgllT0oMbEj5OtgzrTw
calldamanny,UCVf1fhvYhv3coRmaTSAx4Jg
DeltaFrostz,UCVm-qVszfCeuNK0flxLGWTg
OTHER SPECIAL,UCVn8cz_BsbQdiHVVwBkMHIQ
YoubearUwU,UCWIniIySXqw4_V7hVSf3P0Q
masterkun,UCWR7xwBB7ZcSR-YL0NhTmvw
‡πÑ‡∏≠‡πâ‡∏ï‡∏¥‡∏° 2025 ‡∏≠‡∏ß‡∏¢‡∏Ñ‡∏°,UCWjig3eZ_yO8yjbfh3O60tQ
boyatschool,UCWyV0u3T3k1udXmAGg7fm0Q
Wolfpack345,UCX2rH9OfjaRlRdbONXlRtKQ
Jackey Ch.,UCXF35PAbMAhTgQWPiLB-TeQ
Shinzomaru X,UCXIApNcE_hUdOX-wrthWm2Q
LAZLO,UCX_VKggcpyJrGH54736CzkA
‡πÇ‡∏´‡∏ô‡∏Å‡∏£‡∏∞‡πÅ‡∏™ [Hone-Krasae] official,UCXm0bpjlfB0AF-ZdPhT0K1A
LIVIANA Ch.„ÄêET„Äë,UCXuiHw-k05CnSu5_DjKUytw
Johnny's War Stories,UCXym3C8AwJOfB7-ImGW512A
BHAN THONG KWAO ‡∏ö‡πâ‡∏≤‡∏ô‡∏ó‡∏≠‡∏á‡∏Å‡∏ß‡∏≤‡∏ß,UCYMABWcIzrCLaxaL2R6vCnQ
HappyBoi,UCYNkQsUqImBN0ufQqyudJSQ
„Åü„Å†„ÅÆÁ¥†‰∫∫„ÄêTadanosirouto„Äë,UCYRy40lieZ7MiIudfUU4V4w
Bhai Nai Thai,UCZ-nrUvRdyMfpbYs6etISmg
Techcast,UCZ1xUPnSDPRtz76nGNBcaIA
‡∏ß‡∏≠‡∏£‡πå‡πÇ‡∏ã‡∏ô ‡πÄ‡∏£‡∏∑‡πà‡∏≠‡∏á‡∏£‡∏≤‡∏ß‡∏™‡∏á‡∏Ñ‡∏£‡∏≤‡∏°,UCZ64wHeKY-jueM_CvWpaRCQ
Pilps,UCZ7FGa18ZRHoJ487ZyJtIFg
Coolerist,UCZGs51VPA26CAvUkwnoIiig
Ky0N,UCZUfIEcbGHSBSipkT__8bLw
TITAH,UCZW0N83iwxBTGuMMCFvlzzQ
TANX,UCZesFq6EY0cqh0hohXaNjZw
TalelinkStory,UCZgQ14qs745tHnZGjiaYmvA
Spookston,UCZjp01JbF-hCWlaDWi1zKbA
FeelingRock191,UC_A1MM5CBxeBXd9T5ir6SRA
Battle of Humankind,UC_DsQsrfpu_oEl266LSpUsQ
NutPinto,UC_nceTle-WK7t6oiU6mkcXQ
Newzkung Raccoonza,UC_nmh9XycGlquouvai2UC6g
Nongwan Shorts,UCa751NfMFCBWmqcQGSY4GRw
ITsMeYao,UCaCZ78DoDsPxejb_azg1hog
‡∏Ñ‡∏∏‡∏¢‡∏Å‡∏±‡∏ö‡∏•‡∏∏‡∏á‡∏ä‡πà‡∏≤‡∏á,UCaG3YvIUTL29pML1NFVRy5w
ART TIM SUD,UCaGkMkSwMwAWIxvEAJLRyvg
The Xesitz,UCaPAgnV8Bh0upyayerSRGJg
somacguffin,UCaaZFxjlHI3T_I-uFbldIGA
Nontakan Ns.,UCadvHR_ymmdouo3Sgb7Uf_w
Robood,UCal24iErt_-XRJuAWITR7Cw
"My wife left me, so now i'm a Youtuber",UCb5Qe6OSd2SE4-FgxixiPWA
Bayashi TV,UCbCJmNKAL85O1VFeD6Wj60g
Bay Riffer,UCbOo-f3InU38IZV5tREzsNg
DGerrard Official,UCbQfBealSiXZFuz7z7YY1RQ
Ai memesza,UCbQqTVPxKKYub4O2s8fVFkA
Roxzy „É≠„Ç≠„Ç∑„Éº,UCbQt3M-o44Zh-BF2HiEI6JQ
LordDungmark,UCbsV5tLPrs8GzyVV3ABa-GA
‡∏Ñ‡∏≠‡∏°‡∏Ñ‡∏£‡πâ‡∏≤‡∏ö,UCbu5nxUSNWF84sOhKPGLWvg
Zenturion7,UCc0j-JGHDR64bDpP6tW0iBQ
DOM,UCc3AZuFgGZiFzbfXwDtaAtg
Halp Mih,UCcO5r1OsVDflpHhBRadVnOQ
RawHand,UCcP1cYofOAopHm0toeRuudQ
Aya Leveru Ch.,UCcTGGIt4hirVXIxUHPxIvXw
NongHanging (‡∏ô‡πâ‡∏≠‡∏á‡∏´‡πâ‡∏∞‡∏´‡∏á‡∏¥‡∏á),UCccZ6oCzvHm1y2oCmhk4WUA
It's Dream,UCd2zS8N4AJIGF3z3olkeF7w
WARCRY,UCdLhpP8g3moA-XqBB9RHaoA
‡∏™‡∏õ‡∏≠‡∏¢‡πÑ‡∏õ‡πÄ‡∏£‡∏∑‡πà‡∏≠‡∏¢,UCdad4fu80Ao-KMw2R87ckMQ
LuckFast,UCdthL0Dpr4OmRMjBkmpOiPw
BO YOSHI CHANNEL,UCeESxvFNplXnLJXTtsGIkvA
BikMCTH,UCeGlRCHtlwfUMbGzBcLh9VA
ThunderWar,UCf06JSi2oiK-xcAAB3WPXAg
‡∏ô‡∏ß‡∏•,UCf0MSDhOTR1Rd-H_WbZJvAA
OddBawZ,UCf2qwz_iPMxu54oNahDtENw
ESC LT PLAYER,UCfF_Y1PSbapF_-iXS16S7rw
ToMeng,UCfGiq421u5XrAMLvtyD_Azw
NitroX Official,UCfIgly0ZJXcVUK6f0kyTH0Q
Filllykung,UCfJKyv_YBA_j370igjJdZXA
„É¶„ÉÉ„Ç´ / Yucca,UCfVOAZlQrznf1iqSEikdn7A
RONEIL,UCfeQPN8RXpRc1RmjVRaJVCw
Prime Video Thailand,UCfjlRaYxJfwrjyvH3-MQF3g
Johnny Johnson,UCg7Q08KKOdjSrSnXcUL00Jw
Beam Sensei,UCgLaBzz621Yc2axLDAceTiA
Thanom,UCgRoGo2VfFkghNGsRUUlTJA
‡∏Ñ‡∏£‡∏≠‡∏ö‡∏Ñ‡∏£‡∏±‡∏ß‡πÑ‡∏Ç‡πà‡∏´‡∏ß‡∏≤‡∏ô,UCgbYBW6zHKSuXv3lnyWBJwQ
GAZ X2,UCgeJUNH4zs6MdJdBewu0ZEA
gap.bumseeker,UCghqIDNjD2B2CvgALoLxjkw
Fudgy,UCh7gme0kfhUZXG3NDqpeL_g
Bearry Channel,UChNQ2IZujLGWHVIUkXKFVMA
PRIMKUNG,UChjKDMnMMG6iZY3twuuS2zg
HYPE TRAIN,UChjaj0VQS3MfQOB3DN2J1aw
Poppy So Lonely,UChp1nJ3zwkmDNgcM9DFUVXw
Anime SS Gaming,UChrczsfWppNe14DZSKCJHRA
Afterverse,UChsgmE0g3zpoJ_faNV3lryw
SpriteDer SPD,UCiHQ5AywCFKF6q-C5dIguVQ
Super Cowboi,UCiJ3kIk_CFjmMCx57RuK2ug
GeneLab,UCiJcM95iuhvQoGkmz30eV1w
‡πÇ‡∏ä‡πÄ‡∏•‡πà‡∏¢‡πå ‡∏î‡∏≠‡∏Å‡∏Å‡∏£‡∏∞‡πÇ‡∏î‡∏ô,UCiTNYzwt8pGbsmeGVspukfw
Thanks For Watching,UCigsRUvOKCw3SJbnS_XloGw
R4WHAND,UCinwdoqeno3JSsV83r2z-ug
Sunflowava,UCisL0ZRicKuWDEBm7RP5B8Q
NEETTO V.2,UCiyddtbEDPPpfS6BlwmPESQ
HatchTag,UCj-fX7FOlO6aj1CymRfGLaQ
MicRubik,UCjLWkzw12E3qkdGNxI4QEtw
Bie The Ska,UCjVb9mJZTeuPLN4hOjmvQnw
Tsushima Musashi I'm Like My Wife,UCjc33w2OBXTvhjUq2xH7Xaw
‡πÄ‡∏£‡∏∑‡πà‡∏≠‡∏á‡∏£‡∏≤‡∏ß ‡∏û‡∏≠‡∏™‡∏±‡∏á‡πÄ‡∏Ç‡∏õ,UCjcEtHMwAR9Oj6Uz3CkjmSA
UltraSoBuild,UCjiB9hW9Bq14XmXCQcuUh2A
‡∏°‡∏¥‡∏ô‡∏ï‡∏±‡∏ô ‡∏î‡∏¥‡πä‡∏á‡∏î‡πà‡∏≠‡∏á,UCjnh-lwqtHKnvJ2IC2ZLL6Q
Bankgarmo,UCjsPkmCwZ_LW_3Hmxqquqvg
Buakaw Banchamek,UCkIa_1D1XptGZXoWX6Dxzcw
Tsushima Mogami,UCkUu4sm1VYq6xErhvJU9WQQ
Daebomsang,UCktJwzf6xeESYBCf-DIgLzw
Tump Yung,UCl8jzJb_DROSn379tdrZFFQ
Takluz,UClKQDGogjfS_qaCr3yDAgRw
AyaneLewd ,UClP4iJDR38R6sXgNu1U-Wwg
MheeGamer,UClRxt-U7Gdi0QM8CQ8s0wmA
Zz Man,UClbXqewggjJb2OnE5GCdkrw
VDZgames,UCm6cn3ncWr_8eIKlW1a8IxQ
Nickymouth,UCmDhEa2w7Ax207hO6WQXdGQ
OHishere,UCmpb2FOxdmc35wFRp7IiwZw
Robiky,UCmvKdoOwRK8PAeUecU1Jxug
Hang-ISE,UCn-5nAhVZS9gon7wKz1Jdig
DiREKT7,UCn2r077UvNQG-Eqk72EcQGA
I_NAMELESS_I,UCnERossP7z5Jtg9rwckbnJg
SevenTePe,UCnMHktN7LTqdzR3ziRtx90A
PASULOL,UCnMIRw-uLz_si97_Q5RSXug
Hangman,UCnXGPfh1yFws3OUyqfXHtfg
SquishyShibe,UCnY-2xZqopmoyAyYMtpaZoQ
BosszaHD v.2,UCnojL3AJ-Wl498RNu8qyncA
CooL Boy2.1,UCo7np0vfqUPQSg5DmMyBkRQ
fangko_ OK,UCoDF7eb9ZFh8UPRFA99JHWQ
GOF TockTax,UCoRAqfk0Ei4cmfrQmCFzb5w
OwenKingDoM,UCoRrQ4AOf4wXL4OGJmdd5rw
chakorn9576,UCoYRAIF0hrRQ91QSkI2gE0A
LazyCUTx,UCof7Ci6F_sbJ0JWrT9AIvcg
9arm,UCoiEtD4v1qMAqHV5MDI5Qpg
BACKPAEGER ‡πÅ‡∏ö‡∏Å‡πÄ‡∏õ‡πâ‡πÄ‡∏Å‡∏≠‡∏£‡πå,UComAntq7Iq5SxYHUJuJ6ekg
ùêåùê¢ùê≠ùê¨ùêÆùê°ùêö ,UCoqzfjsXFpsxmEzAXD9D0vA
Greg Exploractor,UCovEmROxe8GvEgCVfQ_FrWg
Thai Military,UCp3rBoV1Z0idnKD-FFD5DrA
PaFeMiLK vtuber,UCp6qRWhZi2nDUSWKwV_V08Q
JIB Channel,UCp8TRq33FkkN9e7u6Sj1RbA
KrubPom Crew,UCpGDaLZh9Stwz3hui0Q40QQ
Nongwan TV,UCpGtwNmbOtgmcKIY81MIX_w
MR.P CH,UCpfi4sdwyv4FbJsy9fJIsjQ
Viper Moment TV,UCpjxPxTxy9gjmOkBbOFACJw
DoombeaR Cave,UCpr1U9-qLWUEIAxfroQUvwA
DJ Krit Remix Official,UCq0OcpKtYlj9j9VeadQqOpg
Ryuma Brunestud,UCq3-gosS-BXw5-RBPF3zIZg
SwinceBall,UCqSl9EYLGN8okNaavs7kmVQ
Ny0Y,UCqZLFiesCDcQuzIMLN23rMw
‡∏ö‡πà‡∏≤‡∏ß‡∏≠‡∏≤‡∏°‡∏ï‡∏≠‡∏Å‡∏™‡∏î,UCqa1rgkjlosLbUciO4P7-eA
JUST PARK Channel,UCqa_QKikgekMfZ4NVSFICBw
Lapatata,UCqqJk53TvxsQM_ue6elx2XQ
Boyleo ch,UCqwVitikGwkEUijBQwlPu4Q
Hunter RedFour ,UCrIXKyXY6Y08ozPjEOCixYQ
Daebom,UCrVHlmiR7R5iZtn6zvkYLfg
PhuMi,UCrkvhhSE7Qaldyp9l0I--QA
Jessie Weasley,UCrlkBbaKpV9X_LUFmJKYjXw
JJFAM I ‡∏à‡πä‡∏ß‡∏ö‡∏à‡πä‡∏≤‡∏ö Family,UCrwYSQDzM39O6EU1pPG75hw
GamingDose,UCsCPFFSt1LQoHi09TBX07HQ
ÁâπÊíÆ‰∫≠„ÇÑ„Åæ„ÇÇ„Çä,UCsDJ8gHb7Dt6CnO4McCVYng
Serazahar,UCsEhCE4BBpa_oolcDScs6vg
OPZ TV,UCsGx1qSnAS2P1YCJPYnYVUg
‡∏Ñ‡∏≠‡πÄ‡∏¢‡πá‡∏ô,UCsh6CmhI5sJs-fZNv3MUXJA
XANX,UCtFv58NzvgEc2fCt3baFyfg
JAB Studio,UCtHy2KcnjutQ2L5EpuMuVmA
Faribell SEIREKI [ Ë•øÊö¶ ],UCtXAgf3uaHnIZyLr3fF8Fnw
INKLEZOS,UCtYgulOXoBCA2ssPVxIIuhg
DOLLAR  LIVE,UCt_t_rdO0aOhiqpMGTC6fjw
Î©îÍ∏∞ÏÑ†Ïû• MegiSunjang,UCthviz8ElYCTl2h6hjfWmXQ
Gabriel Gameplays,UCtjc1WOx1MlauYJ9aMUWgBw
LONG TRAVEL,UCttqXW8w4yruMfelyVCcncw
Thai Can Dee,UCtu69gJJO6hC-gIzflM4HNA
‡∏ä‡πà‡∏≠‡∏á‡πÅ‡∏´‡πà‡∏á‡∏Ñ‡∏ß‡∏≤‡∏°‡∏•‡∏±‡∏ö,UCuaXpObQhsGbmh1m3Zk1Nxg
EVA GAMER,UCul2ygqhglGyONhgDg4S7nQ
FRESER,UCurjGhvXiWjKtsEvaiATZeA
Nochi Satsuma Scary My Wife,UCv5_AvuYeiBr5I00NejvZzA
Dark Productions,UCv6z_H8Wa9REHO-p3FOf_rg
UNTZEN,UCvAte0tyLkOS81JYPX4-kbg
ChaPeachPan,UCvYJt7dwvt6tadEp8Mz4eZQ
Sunny HellGate,UCv_jZHO3BuA7LbjmTQoMQTw
MJ Studio,UCvfuHEArGFZ0ul_pW8mwgbg
Bread Boys,UCw03U5DZGLqvv5elJvXvR0Q
Valor Tactical,UCw22HnOOiXpsbGjp0ecuOoQ
MinaChi Yuusha,UCwHQVJ_ie2rvnqwkdh_FIbg
Ringingz,UCwVCIv0GJcwiWu19P8RABKg
JoCho Sippawat,UCwahnsJVPWodYOLoTQl3q6A
DJ GEZ MUSIC üòà ‡∏î‡∏µ‡πÄ‡∏à‡πÄ‡∏Å‡∏£‡∏ã,UCwlAdmvnRDeWmLNlJg53iAQ
Corngak,UCx5xUie-SBVsryNyHxd8Egw
Mayumi Sugihara,UCx7IooUYRipwOIVJSK0e5ug
RUBSARB,UCxCKl-K0sedNZp7xfWg0VTw
Welcome2ART,UCxZkDfxnYbtYrMEiR3_YoTg
Kazu,UCxeoWFRZgwX2CIcDEhWwyTQ
Lockon Starfish,UCxkZ1Jw_slNPF_U4fl1GbYw
Gamer Inside,UCy6lTIEjfaf50OXAlFVpV7w
‡∏û‡∏π‡∏î,UCyCIbjGN84Xy2OEy8SSA6zQ
Bangkok Esports,UCyE2L8KZaBollChyE5lKrhA
AFGuidesHD,UCyLEtejdFtvHmfKBTDEVvzg
CreamLike,UCyMtgFdVBkxCs7bi2jwcemQ
karosPPM,UCyiHKDjTNJC-DC-Dvn_zCow
Theroommaker,UCyiWwatt5yBH9oMUBwCB8yQ
TANUDAN,UCyluDN-ihYJXBWj3DRhMuoQ
Art Talkative,UCyz95qPRPRqoSvcMKT6errA
Animeme TV,UCzCItGmTbB-nHZHx5OOR4sQ
Lung-A ‡∏•‡∏∏‡∏á‡πÄ‡∏≠,UCzf1EbXTHZHK6_G-Q-MT3vw
PojzPlaza,UCzyeq_iKmrFTBQ0kzNSqMtg
