SnakeThug - Brawl Stars,UC0gjNuGmsefdBzCotZk_31Q
FC Barcelona,UC14UlmYlSNiQCBe9Eookf_A
Tiki-Taka TV,UC15B8OwOLFfGZpUdWCiiecQ
Nessaj Gaming,UC1R3yteq3HoSUIHQ7hp65XQ
The Film Theorists,UC3sznuotAs2ohg_U__Jzj_Q
ItsIlusion,UC8LE61Ru3afJ4ryezPQ2Qpg
MandR Vlogs,UC92rkwHHQyVSPk9OcC06dTw
JettWest,UCAKt4p3InTNrYjSJKvx1bsA
GTLive,UCAaegDUlb7doIKo0Rc1F08g
DruuuWu,UCB0RoMR2-RPFtvE9rJonPiQ
Rocket League,UCBjQwd62OJgixzW49TKGERg
TheVR Tech,UCDeRsDqcB8zdkzErxrdHCOw
LAMBZY's Realistic Sliders,UCE32j8PwyrgVocl77Ck3Kvw
LDN Movements,UCEEvFzLtFyIijp5g1EXQVVw
GRASA,UCFxypOlrNfnqetL1tccbpyw
IMPAULSIVE,UCGeBogGDZ9W3dsGx-mWQGJA
The Food Theorists,UCHYoe8kQ-7Gn9ASOlmI0k6Q
Dani,UCIabPXjvT5BVTxRDPCBBOOQ
WWE,UCJ5v_MCY6GNUBTO8-D3XoAg
paulstreet,UCMSoWc6H8XWAyF3oBD_LUOQ
Azahriah,UCNCDa02bSyeD690YT4l1jPw
Mikee Mykanic,UCQRp-4OnDpw23nFdK_G8kJg
matesyy7,UCQqOelrkjqyM8g3o6yTZ6sg
TheVR Gaming+,UCSFMCn1xtj_4kOy6KNK_fNg
Bari Trans,UCSVSh-9rz9m5ZykUx796M5Q
TheVR Podcast,UCTY9vSAwOVsXw1lE1vBD0Hg
Radics Peti,UCWALLPCVkSyKLuZLg5bc3QQ
TheRelaxingEnd,UCWVuy4NPohItH9-Gr7e8wqw
Star Wars,UCZGYJFUizSax-yElQaFDp5Q
WestJett,UCZIuYUzkmEXgSSXzReOmeLw
Nessaj,UCcSAt9uIqRHK8dEV2wVY1dQ
Rocket League Esports,UCdKuPY64fEpI4cdlBSyvEJw
EminemMusic,UCfM3zsQsOnfWNUppiycmBuw
Tom Aspinall Official,UCfWDbFdZnQTUt62P_J37mrA
Kriszh Advice,UCff0OngpmLBrA187rPwA8Sg
Nessaj FC,UCiNDFdPLtoFm9rZUeAsKknA
VALORANT Champions Tour Americas,UCifCesg-EUkjKyQedaB3hRg
Hoog,UCii9ezsUa_mBiSdw0PtSOaw
aftxr,UCkZbyZ1moia8nnUNZv10LoQ
iSorrowproductions,UCmKdqsvmV6e7Pwy7N2PMnnA
TheVR Shortcut,UCnoVsxmXRCq3935G40SdBKA
NFrealmusic,UCoRR6OLuIZ2-5VxtnQIaN2w
The Game Theorists,UCo_IB5145EVNcf8hw1Kku7w
VALORANT Champions Tour EMEA,UCp6n8d8Y8r3MwKNw_MMaouQ
SwinceBall,UCqSl9EYLGN8okNaavs7kmVQ
LEGO Star Wars,UCqi79K1X0lDePvDbZCJ2b5w
Ren,UCqq3VcwPGseErHUa0-xLInQ
TheVR,UCrpWCVp9FuGA8OnGtA0rgsw
Christian Gates,UCvqGW9NmoB2L0MVpp0Qg2kQ
TheGreatOne!,UCydLh7aVyfyONN57p3XNLWQ
Olympique Lyonnais,UCzHCZXmqIdjqRnpdp0l_T6g
