IdkSterling,UC0GbKJaeEN9k5CG1NLbN6Ow
Garand Thumb,UC0RBTQIYLEQbcahZWkmzeTQ
TheProfessional,UC1NzF95Dk5tXCNdDFmyq9aQ
History With Hilbert,UC1Zc6_BhPXiCWZlrZP4EsEg
Scott The Woz,UC4rqhyiTs7XyuODcECvuiiQ
Parsnipsicals,UC7Bxf5H40_xhYQ1qjw8lGuQ
The Act Man,UC7WDD6yHgzdqijHluCi1z-Q
FaZe Jev,UC7trU46U_9XPDtMnDbiDPUQ
DocuNamics,UC90WDEMNcCwGFcqywhoiTxQ
Awkward Silence Podcast,UCA2ZPcsx5Jj3CQOPgrdMIUQ
TommyNFG,UCAtYkwdhJ5o32z7gS-ef5vg
Simpzy Total Warlord,UCBtxAbXJeuJT-iFmAjvnsRg
Mort,UCCFKfO6XSZ_qEd3kZeOK2Ew
CineRanter,UCCLiQjxOLiL8t8hwl5iB3mA
jmwFILMS,UCCiEKK4835FTejF4ogW4P-A
Dr. Hollowed,UCCmDRyiknT7ftMRkq7dFDnQ
Zoomer Historian,UCD-oR9vkso3JPPKK8-CWqgQ
morbidforfun,UCDRWjlrtmaZf9L1fuU_8niA
NFuel,UCEQFV67CRsLQt40wLteSUUA
Fascinating Horror,UCFXad0mx4WxY1fXdbvtg0CQ
Kingdom of Fiume,UCFdWsTmlb7nkIxdR-F1GdHA
Horror Stories,UCG4wigbjnwzBIck_8t_IWSg
Chilling Scares,UCGAmpBtWveYp0-3v9npnhvQ
Possible History,UCGQNwLGt7oFYC7XpUNqqSQg
Martin Animations,UCGr3xDf5W2bh0l7o9BQB1oA
SarahMilitaria,UCH68hJdt9d00fZ5dIi8G-9Q
Feature History,UCHdluULl5c7bilx1x1TGzJQ
CrowleyTV,UCIjaHWEbTV7DaoycGI0AK3A
VanossGaming,UCKqH_9mk1waLgBiL2vT5b9g
Knowledge Raiders,UCKsM6jApYVFLWdUQ9kdPuTA
Blobby,UCM8OgN7A0J-nx18WvxwEQAw
Kings and Generals,UCMmaBzfCCwZ2KqaBJjkj0fw
OverSimplified,UCNIuvl7V8zACPpTmmNIqP2A
Things I Care About,UCNdLg5u-Ed5w2apVfFsCiDg
Zonkers,UCOmltMmlfeuCJtGEt2GDq-g
Drew Durnil,UCPcABVoFfCK5gDfX0PY1KGg
diesel patches,UCQmWt938Z8TkdPq6uasdlbA
Натан,UCSWYpfmKmYhWinsXAk7VUBw
Brandon Herrera,UCTrSsPMmZavLbc3Ex7VhjDg
TheBritishAngle,UCTvtr0XuFuT4DxOxIayHU6Q
blameitonjorge,UCU3oAyhHDXjgbxazqOEG2UA
BBM,UCU7jwK9h55e5NQwI-7hBw9Q
EmperorTigerstar,UCUXqYwTCR6R3Wr-FkLTD4AQ
TheBearWhisperer,UCVbEJapk9X-RQ4selmkE7gw
nuon chea,UCVn5fPdbwF34re-st56D2Aw
Lets Read!,UCW2G11dTUlkjZCW_0EaZK4Q
PoliceActivity,UCXMYxKMh3prxnM_4kYZuB3g
Cadency,UCY4QOSsHoGH8WkrNf1FDVoA
Spooxa,UCYNUwpLfnkVEen8BRACO14w
MamaYunya,UCYS9RzMYwz1-RVVXzR4HvlQ
Siamese Empire,UCZdsIAxOfAyz832dzkx8G8Q
imkeoome,UC_u9w2P2sq6gSAQgkh836eQ
ScareTheater,UCaGOgwGKnDVOKY0DrFsBAiA
Tvshowshub,UCaX9hBRYJ2ybyXjhdNxI0oQ
?,UCdW8EaNj1T12LLZJZ0qbgaQ
Dude's Crusade,UCdgzwriBGRS7NmsabX4BvMw
The Armchair Historian,UCeUJFQ0D9qs6aVNyUt9fkeQ
Blue Ryai,UCf36nsZu2yQ-iDO8cv0GCoQ
Mark Felton Productions,UCfCKvREB11-fxyotS1ONgww
Fizhy,UCgAAehNg2A_8KasULszwqsw
ailurxophile,UCgAH53g4BV0EdB0yaiOV-Sw
CoryxKenshin,UCiYcA0gJzg855iSKMrX3oHg
Dr Insanity,UCjnYCUIym8wNRjLtZCc6gNg
Storm Fields,UClix5Gb78RkdyJw3GztdHyA
Just A Boy,UCm9dI4ZMUqKOqGrdyEpKD7A
Strange Man,UCmQyHj6O6US8Jgj1WrXWZYg
AEA Ribbon Mics,UCmlEArxmIYVabKrYzNH-hIg
BizarreBub,UCn7Ef9w8dTXyk9kNgti9aWw
CallMeEzekiel,UCnZ1r94_Ptz_1gN5VBnE0Mg
The Operations Room,UCnZJt7yQw5IztVwe-Dscd-Q
The Game Theorists,UCo_IB5145EVNcf8hw1Kku7w
TheGamingLemon,UCoaWFCFBDCXS030uimjZAkw
Pax Tube,UCoyaV0pDQQV7QD94hG8z54A
Yusuf7n,UCpGYHrLTH5CHuLCRTTybNTw
Mista Playa - Topic,UCpYQUSQGW9U4TkC1uQ2zgPw
SwinceBall,UCqSl9EYLGN8okNaavs7kmVQ
Dantavius,UCqnrCi6DlOrkF9DPbjoIcAw
Being Scared,UCrggft5vtcVpzLVCfQ0FBhg
Horror Shorts Party,UCsCAWoG-SagS7aFuWT1IZPw
Koral Tea,UCsSL5bnXTTQ73nJWoxpruAQ
F.A.S.T Infield Development,UCtge2lPc-ieJFqWpmSyqFhA
SunnyV2,UCuF49lP5gkkw5L8HK3H6GJg
IRON•AXE•PRODUCTIONS,UCuw97SX7W_xx78cyRZ_5GaA
mitsped,UCwSPPY1zYrjTjD7TP0VXFng
Red Dead Dreams,UCwY-SOGDdhGC11Fbc--GPsQ
Donut Operator,UCwkm_Wcyh0pc7UUmZZfL-6w
The FBI Files,UCwxod2w5NT4qMWfMgZivCYQ
Dude That's Wholesome,UCz7k6mD0qSokM0RL70fMt7A
Ben,UCzz9JTPzcgYVzokpJFEs8ww
