aarava,UC-46hTnlyW3aCwjHs2acDzg
mustrdbucket,UC-4PBaVOGJApo6pSOe-3MEQ
Pleasantries,UC-CEJaNGyVZIP39SRdfrEeA
Hearts Of Iron IV,UC-Jqx-UvWJrQ_TiVZjI0m7w
Koolest 2,UC-j7tVxd3jH4h_M7xD4doYA
Tom97,UC-jYK2AdVmH8LNcjTI_lI6g
Mr V's Garage,UC03O2HjwBat2bc0ZNmiuu2Q
SoundSmith,UC0Eqb484X8EiNrFLSUQVsaA
Chaos Lord,UC1NgpFPRmHHebEtfY0A4LZA
jschlattLIVE,UC2mP7il3YV7TxM_3m6U0bwA
Kostamoinen,UC2uwKk98o5PMRQvQyiGTOog
SecondSmith,UC3kVIsJfnBqqXoV1OD5E2Ug
TomSka & Friends,UC3tMH8u6yG3mSxi-qpfmpkA
FREAKBAiT,UC4CoHBR01SHu6fMy2EaeWcg
Bitt3rSteel,UC4tWW-toq9KKo-HL3S8D23A
StanleyMOV,UC5QRSTUhnTCQo72Lh4ymWTA
TommyInnit,UC5p_l5ZeB_wGjO_yDXwiqvw
Sleep Deprived,UC5qqBFOKTNAzIyE4g3SvuwQ
Shortcat,UC62oK4gTQtOE4DvAFbFlt9Q
Gronf,UC74ejAD0cHgN5dQv0Gr01MQ
Markiplier,UC7_YxT-KID8kRbqZo7MyscQ
Balarke,UC7lvJ9GrnjdQ62fY08NBXZw
Aston Martin Aramco Formula One™ Team,UC8pLH6_Dz4QwKYE-dtcaxeg
Leon Talks a Lot,UC8x3sm8ITT0wyQowgeGgAOw
HollowBeing,UC95Yqy6c3hZN3who-_WABrQ
AstralSpiff,UC9ek8xUVjnmQ-q7f6CTwtxg
Richter Overtime,UC9mkzd_A2JEfLtITD6HF-Sg
SilentManJoe,UCA8WXl7HpoCY3ZYQeTjicMw
Dale Earnhardt Jr.'s Dirty Mo Media,UCB2r6UX0EJn-i1cgMVqbirg
Alpharad,UCBODyKF0JMbUd6D9Bklyzbw
FORMULA 1,UCB_qr75-ydFVKSF9Dmo6izg
Fortress Films,UCCnUhWKGsyjByswXmgfUAnw
Hakita,UCD1lODYlzMJ3YlZ30x2CwUg
P1 with Matt & Tommy,UCD5jAyCSDRR5yTgswfDbK8w
Dawko,UCDfYcuNw-ff952Xn0VDWwDw
Rocketpoweredmohawk ,UCDhkOEABmUZRJhF_YCzei2w
Daiazal,UCDwU40UxbUqcfeRitQN5dHA
Hoolopee,UCE_gw5ybJdGAcyZFy6TfScw
dragonplatinum,UCEdd7nMu4D14vGzdpOaojiQ
albert,UCF27yAV8ziSvh3Vihawz5Ag
Wolfy Playz,UCFEO-6i4jm0qABa8I-hnUtA
Tommo,UCFHaLSX-Kqy5pGTszklkE8w
DogPack404,UCFYvl99CsNq3-d96pgSRIwg
Cwitchy,UCFipayYs4TjaCVddojSK-pg
stakuyi,UCG70W3nzRJ2ILbL8orxkBJQ
John Parker 117,UCG736p2_1Lx0IG_Io8fqZKA
Samwiz2,UCHGzEiOenTGZ5f4-HavPirQ
shounic,UCHlTEt24Yb4ylJFuWz7hXIw
TierZoo,UCHsRtomD4twRf5WVHHk-cMw
DiME,UCHvDqTcOJQ8lhIUCw7NWQSw
JoshBlueMoon,UCIB7XnLlLXqaaVmxt6IZfJA
SamPyrus,UCIHyuw6WU9q56i6-NWd_QWQ
Chaotic Florius,UCIRO1rb2duVChloHTMh6ssQ
Ted Nivison,UCJGgP4txIUr_7JTDvOGVQrA
Prizo,UCJgMCvNaotIj2gB63YMEI6A
Zesty Jesus,UCK4vkBdxcbBo4dFjN46J4hg
Ψberium,UCK6ap9CKNHGg7itSqfMLTfQ
DevDuck,UCKCTmact-90hXpV2ns8GSsA
LawVS,UCKXm93J-6YEUEBs8WlLagrA
Meanbean,UCKa0bLoF-qUsYXZDMJ9aSTg
TheWhat Show,UCKaLvqnOyhNjOa5lvfZBZRg
snaptic,UCL4G_PI2Zx0oc2YHqtb_H-w
Big Joey,UCLtTJ0ru8UoMm6ikvp-YS8A
Pyrocynical,UCN5xN8gIljvWYnsj06V8WbQ
Chills,UCN64HIrZNqFQYZ2BuyY-4zg
Darlinqq,UCNhNiH6l9u1hCiG98ST5Ibw
emmpyfour,UCOtkL8q-dUMHDQq44fB-diw
RealLifeLore,UCP5tjEmvPItGyLhmjdwP7Ww
RichaadEB,UCPM1bCbT-dVAHAEIpUUpVLQ
Jameskii,UCPfjB94mhe8Gsnd9qIzUKHA
Yahiamice LIVE!,UCPjlEaKS5G4IO0XG-Sdb3mA
Slimecicle,UCQmzgjEb7X6--w7CSE1erJg
Beebobious,UCRR-Fohso7W4fCtGO0N29aw
Josh Revell,UCSawmZ2PP6R7EURKRMNYXMw
sejozwak,UCT3Ats2_PbzNNRxQoOsQxSg
EA SPORTS F1,UCU5PZpCWQgak5w4ztWo9u6w
xisumavoid,UCU9pX8hKcrx06XfOB-VQLdw
Rick'sF1Addiction,UCV_neMqNISaN3HEoI32hDGg
FishStickOnAStick - Gaming,UCVu2-SAuPI7oyZq5w0c3CGg
elmaxo,UCVuyByFo6js2qeEIJQEzJfg
TheRussianBadger,UCWzLmNWhgeh3h1j-M-Isy0g
linguini,UCYHe1rXPbrjHsu5yzHt8YLw
XTRATUNA,UCZZA3Khzsm0SKAGRVLyq1mg
martincitopantsLIVE,UCZi0oII2ua_I-fEnHdg3U2A
Zet0r,UC_Om99yi9Y1-GYz_uHlZFKA
Slmccl,UC_tCuH9uVrUP-BqN4lSRwyg
F1Unchained,UC_zDjPu16AaZElc8mTxTK2g
Mountain General,UCarkX7HIiz0YAJN4z9tvpvg
evildabyy314,UCb1L3lu9kBldPkfAR7mEdmQ
martincitopants,UCcnci5vbpLJ-rh_V9yXwawg
Daily Dose Of Internet,UCdC0An4ZPNr_YiFiYoVbwaw
LazyPurple,UCdfj8hli-xBL93bfQvce88A
WeezyTF2,UCfAU9ieiLsemQtd7IHanmkA
Jimmy Here,UCfcc8OORrouV1lO_qeIZVNQ
Great Blue,UCgRhvJsaM13emRax3rSbRKQ
iSorrow,UCgvaWsBzNEox0PES4qBwHxw
uglyburger0,UChJaWdsCXAUzugwHwBHyoYw
THE SICK SNATCH PROGRAM OFFICIAL,UCiNAas1dUNbnnveBhE9QU8Q
FP1Will,UCihjJgRm3Th-quKmTW-9AwQ
Phoenix SC,UCj4zC1Hfj-uc90FUXzRamNw
WakeAcious,UCkFssOhS1LgD97ZU_BPrm9A
Zooming Past,UCkXSeWQsyUkwg5MacCDSFiA
High Boi,UCkzaJDHBKbcaNatH_T00ieg
TommyKay,UCl-9FxBYUjsIsC_FASvhymw
Flamingo,UCm-X6o81nRsXQTmqpyArkBQ
SpaceGuyOnline,UCm5CH5PoP_9_QCVzLqsAMqg
iSorrowproductions,UCmKdqsvmV6e7Pwy7N2PMnnA
Doodley,UCmfJPEfaEMGTu6CaJNr0AEQ
PROJECT FEAR,UCohlG58U-fF8AxSEeB_-FMw
Samwiz1,UCpd50JzQAuopwSGQQCmJH8w
Samwow,UCpndLzrPJ6jgC7h9utt7uDA
SwinceBall,UCqSl9EYLGN8okNaavs7kmVQ
BryceUp,UCqxhVf_b7GWY9MxAGvMftIg
Dankus Memecus,UCre24LGvsiVvaBeP8k7J2ug
Frizk,UCsbHx0lzrn3drIySHY8w9_g
Schlatt & Co.,UCsoIIWqR_2OAegsUTkY5E1g
Uncle Dane,UCu0PSyLD5p_J5osLk5UD0pw
Hoot,UCuBpNon-yi4nJ1StjA1tSYA
Brickiest Brick,UCuJHqwlpOMIfgfu34WrKCdQ
NASCAR,UCuN9hYw2RpoAW8rZ3VK3isA
kristibbs,UCuai1OeyZm_hT_Wp_d23fqQ
The Urban Rescue Ranch,UCv3mh2P-q3UCtR9-2q8B-ZA
LazarBeam,UCw1SQ6QRRtfAhrN_cjkrOgA
Redshell,UCw38-8_Ibv_L6hlKChHO9dQ
Slavic Bread,UCyiKlxbchZr-Uqef1H6BaeA
