세계경제 가이드북,UC-YPOH30cLYTwuNldvDBWew
머독,UC-Zedn7a_RJyb5hUQ-aGZog
Miko Ch. さくらみこ,UC-hM6YJuNYVAmUWxeIr9FeA
ddeong-gae,UC-i2ywiuvjvpTy2zW-tXfkw
지식지상주의,UC-kpZyBVvnnsEo_Wgvyvk7g
릴파 lilpa,UC-oCJP9t47v7-DmsnmXV38Q
Yuchorin,UC-s5vxXTaXyFLw8CZtzl_Fw
썰&사,UC0E20GTURtozqNvioYTl_Zg
MEDA,UC0HX1e5jJnhN5Xn0epV2wzA
hikipanda,UC0NtNWEqHWSM08GnhSKPhiw
AZKi Channel,UC0TXe_LYZ4scaW2XMyi5_kw
육식맨 YOOXICMAN,UC0VR2v4TZeGcOrZHnmwbU_Q
크리미찡Company,UC0YE3FuU5_3Fav74DLizujQ
1분요리 뚝딱이형,UC0htUSwcxfSGNfK_5Q28JkA
우주의 발견,UC0lJDV9wY5C6FJfKrEkRlYQ
데코퐁 DEKOPON - 홀로 편집Ch.,UC0qOgWn2ArapWO9gPq-8Ggg
교양만두,UC1-lwASmWqqU1V_WLNIRALw
hololive DEV_IS ReGLOSS,UC10wVt6hoQiwySRhz7RdOUA
시타카라노아 Shitakara Noah,UC15L33L4PWZNKgx8A9LMk5w
Pekora Clips,UC1AHMz8zhKrQuRdrG7UyGfQ
HAACHAMA Ch 赤井はあと,UC1CfXB_kRs3C-zaeTG3oGyg
Pekora Ch. 兎田ぺこら,UC1DCedRgGHBdm81E1llLhOQ
지식보관소,UC1Do3xw9OuUk7FQuPTmSVOw
건들건들,UC1Ei9xWth3jnYypj161vBJA
바란(バラン),UC1JxMYOS5GAAMp7Go9u3uTQ
도나웨일 - Topic,UC1_H2aX28OeCjngLfAXtIoA
시라유키 히나 SHIRAYUKI HINA,UC1afpiIuBDcjYlmruAa0HiA
금사향,UC1eIASyCXzaeOuBbGOubI9g
나노라머신Mk2 NanoraMachineMk2,UC1fAhmbJbHeysF0UzPvTg4w
KNN NEWS,UC1ifSsWUG241rRfK0ezYCgA
Aqua Ch. 湊あくあ,UC1opHUrw8rvnsadT-iGp7Cg
맛상무,UC1r112Pr9Ngcg2NtcE946HQ
Towa Ch. 常闇トワ,UC1uv2Oq6kNxgATlCiez59hw
강지 다시보기,UC2Ki6__sICXPyHPCyFxIgbw
꽃핀,UC2MgNh831KCMuYkK7u8C2dg
랭킹스쿨,UC2Vcz3eu1hO2zoyTpGvSWkw
스텔라이브 StelLive Official,UC2b4WRE5BZ6SIUWBeJU8rwg
『ユイカ』,UC2iRI4qf-H_BdpsS8mMEjZQ
ねむいしいなch.,UC2mv3m-HgSh-airJQfikStw
번역하는 요시,UC2xfafgiIE5_dtkPqnf5U2g
잉여 클립,UC3CuN3IHNvLdZb6kGFuhZxg
2030청년일보,UC3FXpdHwfUxHqFBGsGyxnOw
World at War,UC3MJVwoumJMTqCe9IaEhtiw
이지금 [IU Official],UC3SyT4_WLHzN7JmHQwKQZww
Yubi Yubi : Unoffical Hololive Clip Channel,UC3okuxcTRWiIZL_mc3OXfUg
세계는요지경 YOZIGYEONG,UC3xY1G6vk1UHUneP-IIhhcg
ようへい,UC3zWzk9DSjnoMcMWkv-yBBw
私立パラの丸高校,UC438NzuH3byhVc9KSXKc8ZA
고논,UC4DAnnB2ZAbZFjjgNd2SzgA
KBS 다큐,UC4LW3sOslC14Vn5bcoNUBkg
KizunaAI - A.I.Channel,UC4YaOt1yT-ZeyB0OmxHgolA
세토 키나코 Seto Kinako,UC4f2O1lsJr2PmvQWqpkdMxQ
Neurosama KR,UC4gf0AIFE9al-Bp2piSFQnQ
코뚱잉,UC4q2QOe3Ht73lVO-31JnkQQ
Nalizisik,UC4t8p3RRMwWMCOmOgkPItZg
Bitt3rSteel,UC4tWW-toq9KKo-HL3S8D23A
みけねこch,UC54JqsuIbMw_d1Ieb4hjKoQ
지식세포,UC56TQEr_1oW3okbH-hbPetA
연초봄,UC58TCOXu5TJzwfrIsK8h6kA
GaHwaYang🍬,UC5C0Qo7GWKSnLVqUQSQdg4Q
Suisei Channel,UC5CwaMl1eIgY8h02uZw7u8A
둥그레,UC5NomiL_PwWYOvPGH6IPl-g
흑백리뷰,UC5T4b53jVkm07JbYoyYiu7A
Heungsam's Family,UC5XuQ-xiWAB6f-qu6gJMDBQ
당신이 몰랐던 이야기,UC5Znk83wpDdporFLdDWHARQ
도토리묵,UC5qYH30Tr8XDk2D-4_JcEBA
1분 마뫄,UC5rZJy3Neujs6jQPtZdFZlQ
홀로 HOLO,UC6QzpvCJ1De0K_1RSBdcMkg
센서스튜디오,UC6dN6Rilzh9KmzymxnZGslg
Koyori ch. 博衣こより - holoX -,UC6eWCld0KwmyHFbAqK3V-Rw
ErikTheElectric,UC6huXz0F6-7KA7-mW0jdejA
이오 IO,UC6jILBtkSJvrhs0WKahCbyw
맵핵,UC6k7Az2Td8k7b0yMo6_3ACg
지식스쿨,UC6xRDwYtCdTF3E3FRTS8iXQ
에렌디라,UC6xWZn2suKPqAQkidOiMeHg
츠유 Tsuyu,UC71bcQx4g14_CPx5VJSKdqA
prepare a dish(요리를 만들다),UC780H8xAyvMzZs434GYc6kw
궁금소,UC7_VkIW7nhIurDTfy-lWPDg
아라끼라 Araggira,UC7aBZn7bh9PBGhE_hf0sQzA
Korea Business News,UC7cF2ZYvGm_zgrX-xCV88mA
Nakiri Ayame Ch. 百鬼あやめ,UC7fk0CB07ly8oSl0aqKkqFg
ちぼり,UC88CPolOSOYA2gzjqr0DtTg
저스티스,UC8X4a1jredRdGcKMZ19zl0w
clark TV,UC8_cYcL4dm_-tCEKlZuMTDg
한눈에 보는 세상 – Kurzgesagt,UC8rKCy_tipwTEY3RdkNCKmw
IRyS Ch. hololive-EN,UC8rcEBzJSleTkf_-agPM20g
한국김 KankokuNori,UC8w72RualZLl4sYctT7WLBQ
키리누커 자루 / ZarvTheClipper,UC9CcNaVsdbTe7VO0THBDcrg
레잔의 홀로클립,UC9HbZNUFMV6jagVx8LE0EbA
이세라,UC9IxKVOAHm-b814kryd86Hw
星川サラ / Sara Hoshikawa,UC9V3Y3_uzU5e-usObb6IE1w
부대찌개 Pudae,UC9m6l8GYmVgefc519iMu8DQ
호소이누 Hosoinu,UC9mxejZ2HB5FictR8eVbeJA
Kiso - Topic,UC9nudrwfrriVTpvvGZxFS7Q
OSTER Project - Topic,UC9qQnRFSIxI_PzP7vQSd6IA
HOLO CLIP 콘스프,UC9rno0T8LqOWELDVKreI3iw
Nokduro World,UC9vz3TBChrJmYbzUo-rqfSg
우사다 건설,UCA12BbBrVdP8e0Sy2kAzPtQ
홀로라이브 번역 봇,UCARf6ilgsGhYYpbemEXtGhQ
Nene Ch.桃鈴ねね,UCAWSyEs_Io8MtpY3m-zqILA
레이지,UCAaAOAn-9W-TC1CbdFb-9rg
3rd Coast - Topic,UCAjQ1kB_7BrB5U1LDio18HA
떡볶퀸 Tteokbokqueen,UCAoyR-sL6B0S93AMR-HVTvg
지식한잔,UCAu1wEbjya6hvSv4yfgWybQ
짧아지,UCAzZF7zso5hZv9PsmwDic2g
나루루,UCB23oOgl01XzDJ2KHEZxGjA
기록노예 티로,UCB4VD2ohluVwlkccMx3vbow
Hatachi,UCBREEK5jXxDOgBD4yKNhJgQ
りんこ,UCBbGcCpI1NmpNdEV1qPQttw
Woowakgood,UCBkyj16n2snkRg1BAzpovXQ
Shovel-Han,UCBv8DZT1rnVnwCbsrBRTAkg
분홍마약 one Miko a day,UCC1_47AbbjRBuM6-l5An4PQ
Making simple Korean food,UCC9pQY_uaBSa0WOpMNJHbEQ
탬탬버린,UCCA8UWUW80iHqK9ymdjRwPg
유머한잔,UCCWsWEGH9JoTGH_TripH4gA
양아지 다시보기,UCCkqBZa0JUbaYUu4TWyvsNw
SEMOJI,UCCsGPRmHOXhF4WTYs7ght9g
Marine Ch. 宝鐘マリン,UCCzUftO8KOVkV4wQG1vkUvg
月ノ美兎,UCD-miitqNY3nyukJ4Fnf4_A
토요일의 도쿄,UCDNdIbLRezC2RZdIvi5bxnQ
솜사탕,UCDTcm6oY1p-DOFOZFrhrSTQ
Mikeneko - Topic,UCDV7w9M3M_ZLChMTB8KIumw
35P Nakama🌸,UCDXFwA86OIQFa-8dF-M7cDw
Cinemory,UCDZx9gWRS1dTU7NqhaYlnyQ
이영돈TV,UCDfZSAhIHRenIBCQt_AQ-Rg
Roboco Ch. - ロボ子,UCDqI2jOz0weumE8s7paEk6g
효잉,UCDx8zQhSEyh-IFod_SgQDtA
FOOD TOURISM JAPAN,UCDylNcYbMjmHmWCBfvZCHVA
daniwell,UCEAf5LpIWeHPTq7lTaJ9mwA
오구오구 OGUOGU,UCEKhdkZxxdHWoDmht8nQFxQ
失眠(sleepless) HoloClipper,UCEN__r6f4N6GdXPXXyeCxnw
Shion Murasaki - Topic,UCEpxu_rE9aiJNZxOmCmFwLg
즈동 ずどん,UCF1QlGtc_8U-qos5RNGMRow
keisei,UCFJPSBw02pquyQdiK25Q6bw
Lamy Ch. 雪花ラミィ,UCFKOVgVbGmX65RxO3EtH3iw
한문神홍쌤,UCFP8D8zjj7PAHrVoigtQAjg
칭찬은 메이드를 춤추게 한다,UCFSxy1eiEvy0PRH4ZSdwISg
Hiiragi Magnetite,UCFXkDxCa_XVcNC7oOEw7U5g
리즈시대TV丽子时代,UCFfIH_m83zM60o3FUfaKWMw
매일맛나 delicious day,UCFiYPUhUzLKoi-cZ0AwpjLA
코마이누【홀로라이브애니메이션】,UCFo0SdMGwqVd37ISDNBp-wg
Shirayuki Hina - Topic,UCFzRW42LOJPMjTgdioQCcCA
고릴라카나타,UCG3zpr08GgzjiSXql5JG-yQ
MBN News,UCG9aFJTZ-lMCHAiO1KJsirg
부동산과학자,UCGSMhUK2hOTsIaGr94YLqpQ
Ricette Fresche,UCG_eM7bKOj4LhpGo_j6iajw
DECO*27,UCGmO0S4S-AunjRdmxA6TQYg
심심하면 1분,UCGq7_1IL1ReGJMt9o-2DpRA
Vivi Ch. 綺々羅々ヴィヴィ - FLOW GLOW,UCGzTVXqMQHa4AgJVJIVvtDQ
이춘향,UCH-5Xjx6MuEySkb-lAdIEeg
뉴스1TV,UCHBvfByzuzamrZiL398jopQ
징버거 JINGBURGER,UCHE7GBQVtdh-c1m3tjFdevQ
Travel Thirsty,UCHKVXtT1YBCYUnnr4apqXfg
청화수 chunghwasoo,UCHR0b5XqyLs4_kTw9_-MA_Q
TV대정령,UCHsK9gl5aU0F3umrU4Zn_sA
FoodieLand,UCHy8o-_zR_vHqpPN4uNUvkg
설레임 에디션 ♬,UCI0Ai1RoRD-b8i-qvRR0Yeg
벨다,UCIBGKlMbLjVJX7TvVuxbSHg
Chloe ch. 沙花叉クロヱ - holoX -,UCIBY1ollUsauvVi4hW4cumw
도토리 일본어 どんぐり日本語,UCIHuZn1xXYHzrZdNTGpFlUQ
Understanding : All the Knowledge in the World,UCIUni4ScRp4mqPXsxy62L5w
강 지,UCIVFv8AiQLqM9oLHTixrNYw
Nimi Nightmare,UCIfAvpeIWGHb0duCkMkmm2Q
과학드림 [Science Dream],UCIk1-yPCTnFuzfgu4gyfWqw
hololive ホロライブ - VTuber Group,UCJFZiqLMntJufDCHc6bQixg
YouTube지누,UCJGww2K__Q3y-MtDi0XWH2w
수상한생선 Life Science,UCJJ_n7RI2ALoo5wdX2qzmYA
なるみや,UCJK3mpoMHWeNZNW0cY88qFQ
z²,UCJcUVdv_Kl8smZ42jMTJ6pw
T1,UCJprx3bX49vNl6Bcw01Cwfg
Hatsune Miku,UCJwGWV914kBlV4dKRn7AEFA
노래하는 정여진TV,UCJyYNroojKZMaHGnmKRHuHg
임나은,UCJzfS-WmieHog0H2OQoXkeQ
Polka Ch. 尾丸ポルカ,UCK9V2B22uJYu3N7eR_BT9QA
vzc,UCKAlVs6YfbGEQsRSnInBqmw
Porter Robinson,UCKKKYE55BVswHgKihx5YXew
고차비 다시보기,UCKOaFDtjrIlXYc1xdIMF9aw
cherryfilter,UCKTD_Rh7yAD5x9Snt4ZSJsw
Lofi Cat,UCKc5D_o4etjuQwgUZ9eKCLQ
DALT,UCKhDg9FA9ES1l50LHdmEMbA
Gyuri Ch. 감규리,UCKkIXeVBdRv_eobk1dTAczg
아이리 칸나 AIRI KANNA,UCKzfyYWHQ92z_2jUcSABM8Q
Neuro-sama,UCLHmLrj4pHHg3-iBJn_CqxA
ろあ,UCLIpj4TmXviSTNE_U5WG_Ug
V튜버보관함,UCLRxA4oNjQJxXvE9FxTzGOQ
GameCoach,UCLuDznROytXtnMSDwo5aGJQ
憂世いう,UCM4it9UUl53plaOjnfXasMQ
추성훈 ChooSungHoon,UCMDHzyo0wIUjKXho-icJDjw
zukisuzuki - Topic,UCMOfybk4T0R97F3y2si1kSA
유우히누키【YuuhiNuki】,UCMPDA7c9a3OXpIW8mIYahXA
ちゃんねる110,UCMbWhpVislQI7czEUUajP_Q
밀키,UCMoYe-Tm3MoJpJyQ-GFltVQ
tomei,UCMx4o7qbA_DX-Be15dSVbXw
라플라스最強伝説🛸💜,UCNJmYrylZ-VDXax94qAj36g
캄파넬라의 키리누키 공방,UCNOh1JrYJivP1Z8F2ehR8mA
Essen Recipes,UCNh35NtktYxumhyASfnF1dg
일본 나그네 旅人,UCNtUNmDGoJbxcxcLKO70ZHA
향문천 – 글을 울리는 샘,UCO0OSA5HfdLVrkqUCsNWYnQ
오시다요_Clips,UCO9Iu0sug4ZBnHGIULWPX0w
jisik-hanbang,UCOB62fKRT7b73X7tRxMuN2g
Ceres Fauna Ch. hololive-EN,UCO_aKKYxn4tvrqPjcTzZ6EQ
나이거좋아해,UCOq0r2eLPskaLVR5rV6it-Q
Pekora Usada - Topic,UCOqODaLthpxW0rtOgLzLmAw
Orang_fantasy,UCPDr8rEYSjQTrSVYPJclTlw
Hebi.,UCPUcv2Zv9WhH6y8H1A9uWfg
하루한끼 one meal a day,UCPWFxcwPliEBMwJjmeFIDIg
경제한입,UCPb80ij7w3cAuafxf9j2g1g
Matsuri Channel 夏色まつり,UCQ0UDLQCjY0rmuxCDE38FGg
It's Time to Travel🇯🇵  / 旅する時間,UCQDKpfTS6haXS6BAHebR8Hw
Dianxi Xiaoge,UCQG_fzADCunBTV1KwjkfAQQ
藍月なくる / Aitsuki Nakuru,UCQHCHIoeu0FRJTJNMG2_Ezw
japanese god,UCQaXPvXwgGpBAUlE5pn23fA
nayuri - Topic,UCQlFecgK2x8k2VZcQC5RRcg
아오쿠모 린 AOKUMO RIN,UCQmcltnre6aG9SkDRYZqFIg
버거대장 디노 burgerboy dino,UCRAJQI69Ds08ei2JOh3wdUA
야나기 Yanagi,UCRIWbpG8aJd8MdpRxnDOuEw
에리또 조수군,UCRQuqGUHXIq3zqAYbl6h_kQ
꿀팁! 일본인이 해설하는 일본어 표현,UCRxG153BkgNSzP5CR5-fYOQ
Coco Ch. 桐生ココ,UCS9uQI-jC3DE0L4IpXyvr6w
탄포포,UCSADbrYb1u_KlWYnSIND1TQ
Lofi Girl,UCSJ4gkVC6NrvII8umztf0Ow
Softdragon SOD,UCSPMRoAphbObUYeDaX367Fg
하루리가족,UCSZYWFNVjv6wPAQ-4Od2bMw
鹿乃 / Kano official channel,UCShXNLMXCfstmWKH_q86B8w
Momota ASMR,UCTGcODSfo9UVLdOXt0305fA
연합뉴스TV,UCTHCOPwqNfZ0uiKOvFyhGwg
Warak,UCTIj7E_b7uqfjK3kK3Re4oQ
U-ske,UCTPHLORKt3NB8fnXHfEhOgg
Bangmo뱅모,UCTPu77GGFTV2gWpAuK8f7Cg
도도도,UCTWQaHEzjMYp_6DNpD5NwsA
탬탬버린 다시보기,UCTYNOog4xiq-rs2EaSmTnJw
주르르 JURURU,UCTifMx1ONpElK5x6B4ng8eg
로빈의 역사 기록 / Robin's Historical Records,UCTy-6Pfkmv5fLTMOm04tw4g
Ui Shigure - Topic,UCU8RtL_Y0DhYBOoPBYaNV5A
French hotteok,UCU8bLZzsMSG-1GXhMgzgtzQ
goosify,UCUARjAOx5Y2V7AOwpI-2g7Q
머독 다시보기,UCUCnZBCJhbllGTfqomgFKMg
DAZBEE official,UCUEvXLdpCtbzzDkcMI96llg
충코의 철학 Chungco,UCUV9bHklegmYbdt091TNvjA
The Soul of Wind,UCUZNK80DemBN3kyxusDLwrA
조선누룽지,UCUabLHvc9nSaRnjppK5zepg
타코츄,UCUf-K0Ja6zuJgJew5BkELDg
유니 다시보기,UCUj4JItmvebxPBfmGcJHsNQ
SoapBoy_Life,UCUmWZRPGceQXrd0rP3HtcHw
나Holo집에,UCV6hovE2iZ6Acr91Ei8Wgcw
고세구 GOSEGU,UCV9WL7sW6_KjanYkUUaIDfQ
chipapa,UCVg4xYUn2IrAqXoCasiTdgQ
Moodi Foodi Berlin,UCVvXaYS5NtryuQx_dqqEzpg
Vtuber cliper Glitch,UCW5I9M_Xb6v0uybuiekjxgA
神楽めあ / KaguraMea,UCWCc8tO-uUl_7SJXIKJACMw
Ken_にほんご,UCWHgsEAgjaglHkV6QZ11KpA
大食い主婦 もぐちゃん,UCWLLrUNMEYa8pgs3IgWJmkw
Junky // Clover lab.,UCWLoej7Wx1hoEPVxhufZQfw
루나일본어,UCWOtbOqIa0haMCp3XGEwIDw
Kanade Ch. 音乃瀬奏 ‐ ReGLOSS,UCWQtYtq9EOB4-I5P-3fh8lA
Tensions,UCWhd3W7cdOPgtvCfuTxYmLw
뉴스TVCHOSUN,UCWlV3Lz_55UaX4JsMj-z__Q
ちのなぎ【手描きホロライブ】,UCWsLqcvCBBxYLCT7Oc4hIgA
한경 글로벌마켓,UCWskYkV4c4S9D__rsfOl2JA
스콘부A,UCWzx411dL_aN0emy00177qg
면상호[NoodleFighter],UCX1iUx9aO9d57NC3aNU3qlA
테리챠 (Tericha Holo.cliper),UCX5IoMRoH2xHdFBK8oyagRw
MrBeast,UCX6OQ3DkcsbYNE6H8uQQuVA
실전여행일본어 にほんご 日本語,UCXJY8lLfdfOQOTJEJ8BzXPA
superpotato,UCXMjFmTCAYQqLL4MXO4mkfQ
이게 뭐야,UCXQUuW-aqVGG86O-P9xIZOQ
Shion Ch. 紫咲シオン,UCXTpFs_3PqI41qX2d9tL2Rw
김지윤의 지식Play,UCXql5C57vS4ogUt6CPEWWHA
큐큘35P,UCXy6lGs-i0LGEwlREJP7fxg
Wolf,UCYJ0Ucu9jPX5kn6SeDcNaIQ
여우무침,UCYVbNFh7KOpn7QHZAgiOWRg
Yerin Baek,UCYoNPLKd1kXh4v3bvIx1pTA
불개 Bullgae,UCYpaWoGhsKK2sgzlKYmQ-bg
별별역사,UCYuiS1EYw54dEJVzseQSYXw
Ujico*/Snail's House,UCYxBY8mhJ7R2rMIcQ28H_Zw
텐코 시부키 TENKO SHIBUKI,UCYxLMfeX1CbMBll9MsGlzmw
시대생각,UCZUp6YrYVFvtwQGTLlV7zwQ
치론 Chiron,UCZV-LskF88NdWnFjSUd1y6w
Kanata Ch. Kanata Amane,UCZlDXzGoo7d44bwdNObFacg
JerryPop,UC_9UV8DCYh-kZUGRtBPTo1w
Hareem's kitchen menu,UC_RgAd-muSCoL2u88tABdqw
기묘한 밤,UC_SgaM1zbb1Mibnsp6J0fJA
SIGANAI【しがない開拓者】⚒,UC_XUO58UETV1QvWHWLJvDiQ
NoCopyrightSounds,UC_aEa8K-EOJ3D6gOs7HcyNg
네네코 마시로 NENEKO MASHIRO,UC_eeSpMBz8PG4ssdBPnP07g
전한길뉴스,UC_iT-dQV96rPviS4G4p5b9A
단즈,UC_obLLzEBMtW0CeVsDG5b5Q
Sogyumo Acacia Band - Topic,UCa6truFhb9ke9rlyXa9HkmQ
Luna Ch. 姫森ルーナ,UCa9Y57gfeY0Zro_noHRVrnw
강호의발바닥TV,UCafdaMoUgftag08nDFd6X1A
MIMI,UCam3IAA-nyfxRL8_wDQ35VA
요소로 Yosoro,UCaqkG0ie2f0VAjmv7zEmSdg
SeaWater,UCb8PNZs1GHNSBin77IeG0AA
블루워터 Bluewater Korea,UCbV-ikf5EZ3_xNNxTasWJkA
슴슴도치,UCbYNi5gs7R3MjXpPAw8lpcg
홀로전략가,UCbe0a5hSMbsvTvdC-exkgKw
신인균의 국방TV,UCbgqDFODvh-q38ouzoKKkVA
하나코 나나 HANAKO NANA,UCcA21_PzN1EhNe7xS4MJGsQ
노카중,UCcNjvfdmeJS-qK82CuVLnYw
KBS News,UCcQTRi69dsVYHN3exePtZ1A
무지개맛 Rainbow Flavor,UCcR_wZ0zimC6UT8VO0KcS8Q
오늘지식,UCcRcJzFpanGRr03PQY517gA
지식 브런치,UCcYk_KPZZMLv_bcaSAWSSxA
옥냥이 RoofTopCAT,UCcdlIcleb4oIK6of1ugSJ7w
라이크,UCcf-YhxITal7c9gjVShKwbg
윤석열,UCcl16CxYqlbKQJVCfdhSJVw
대머리요정(bald_fairy),UCd1Wzbp2IBE0yUig1crRCkg
지식횡단,UCdIWdtRDfmJfTMk2Yw7iNWQ
Peter Pearson - Topic,UCdKSXIqUJlWN590Gde38fFg
페코라이트,UCdO8y6DhIAuzlPdCgpUuViw
지누네 모자공장,UCdOqpJ2iQBjvgCbR38rKsPA
Japanese Food Craftsman,UCdfhVbZsOMwRn4A0LO5k0ww
시에라,UCdgal97r2_acDY16z_WlVnw
북한사건파일365,UCdjpUonPkp6CicVDkz2ZTZg
퍄퍄킴 역사,UCdjuQV-tsX4eJsQp2qT-NKg
フブキCh。白上フブキ,UCdn5BQ06XqgXoAxIhbqw5Rg
홀로라이브 키리누키,UCduSx6CbtdUHSfcjOqtn1Ng
올냥이 AllTopCAT,UCdwyTJbOy8xK2hPoe28o7Fw
나롱이네,UCdxuGQUbk-SeJlZxMtLGzAg
Noel Ch. 白銀ノエル,UCdyqAaZDKHXg4Ahi7VENThQ
대한아재협회,UCe8CABve3sLOr1bV4Vp6DiA
맛집남자 foodman,UCeEd6KA0gOX63vIEvsQDS0Q
Patra Channel / 周防パトラ,UCeLzT-7b2PBcunJplmWtoDg
AITakuSha,UCe_V3oqavk-xl2R4WjgQfjw
しのけん大食い,UCeqzO--saSm3FxOYxceZzrA
미트러버 Meatlover,UCfL5CDh6mpG5s_uXV8Lw8BA
써에이스쇼 sirace show,UCfU5N61VKvMJUsUzfaqk0Hg
ERIT,UCfV5sBBUS-2RRzmiYtVmBPA
TV홍카콜라,UCfmicRK2-WdZMVQDrfcitLA
tzuyang,UCfpaSruWW3S4dibonKXENjA
Channel A News (Korea),UCfq4V1DAuaojnr2ryvWNysw
ParkChungHeeTV,UCfr0yWMQLjNaurRFrw7rcwQ
joa goyangyi,UCfvYRHAzmDQQ3LCcOlnySQA
nyamura,UCfx6aJPWrOFa8XkxoqEx1YA
Toka,UCfxoPGo9ozvfGKm5lF6EWqA
마이씨앗,UCfxp9zBq6h0xX-6NnvigtPg
Orangestar,UCgBPuTX7crv_2jKAkH5z7bA
마뫄,UCgEo04TieA9BEmiDOhYQUGw
オルゼキア,UCgpXdIUVH-YomqhIB7I2s0g
말랑한 덴동지 Tender dendousi - 홀로 clip ch,UCgq9snuouUjCh9Pb0AOhTHA
홀로멜론,UCh8sARHfzqxpiV88cTc81cg
Korone Ch. 戌神ころね,UChAnqc_AY5_I3Px5dig3X1Q
홀빡이,UChGG7Lxjp707TLL5nAsmbHg
조국과 민족을 위하여,UChUVTP5kL5Jn_OQg2cHCGJw
야사시이 니혼고,UChgrnAEF7jFfcdVVh6gA3sQ
 YTN,UChlgI3UHCOnwUGzWzbJ3H5w
이렐킹 IRELKING,UCi-0jmyw3x6efk090BAVfxA
지식한입,UCi9Sl8GnFdYoqEVXnojBPJw
歩く人,UCiC39EEYn6DRi1nVd93eX7w
픽셀,UCiMq04sS1ijeM0tda9OkuQw
윤호찌,UCiWcXU1zYrEONKQtNVGr_Jw
유즈하 리코 YUZUHA RIKO,UCj0c1jUr91dTetIQP2pFeLA
요극,UCj3ZgaJkVyyFlJ6fVej8fCQ
연합뉴스 Yonhapnews,UCj3_t5p4L4aFsvdW3uHjnnw
WILDERNESS COOKING,UCj4KP216972cPp2w_BAHy8g
포항키츠네,UCj8Da7apn-DMupPV5mGIYyQ
홀로스터딩,UCjUUdf20Jh-QEOqktHiA-cg
Youtube고차비,UCjZy8afeI-58sPLgJIOmecg
YUI OGURA おぐらゆい,UCjoIKN4CybsJyv0pWwAUJ5w
사람 박정희,UCjp4zTHz6Hp11F6t3Key9hg
츠마란,UCk5chYNIGaGT1OJYX6AVYsQ
허니츄러스 HoneyChurros,UCkQFRBUPh5mcF1kca4f_DvQ
유맛,UCkQRkuNtkfOu66sywD2OKtA
꽃핀의 꽃꽃꽃꽃꽃핀핀핀핀핀,UCkW_xF9V-Rv6911EqClPGGw
Yuka,UCkex1wLTvYFnF0hfLXGE1kQ
qnabox1,UCkhvB3jetiwS70ZK70mBWBQ
SBS 뉴스,UCkinYTS9IHqOEwR1Sze2JTw
月乃 / Tsukino Channel,UCkyKFiCLAsZL-TLk7psDggQ
TommyKay,UCl-9FxBYUjsIsC_FASvhymw
MTN 머니투데이방송,UClErHbdZKUnD1NyIUeQWvuQ
멸공호랑이tv,UClNE30TVfr_pXQRXOoLqltg
Delusion Drivez,UClQHihybQUkz8yvsr8RBCqA
War Maps,UClRdPI_hm5DIl1G1SNh9oMQ
GROUND C 그라운드씨,UClUlAMZGEGPn8mKemiwOjzg
아야츠노 유니 AYATSUNO YUNI,UClbYIn9LDbbFZ9w2shX3K0g
세신사 - 세상의신기한사실들,UClwaYTScBFBfaDsU-4dcV9Q
은지의 독학 일본어 교실,UClylJALvNYeGYugKrR0eBpg
끠끼,UCm8zVSs713MmZ41X4Z_fP_Q
YOUNHA OFFICIAL,UCmAT2nOQB0ofAhlc7_2P8GA
쫀득TV,UCmCNgLHdknmCdQelpwxQvvg
더들리,UCmJEpV4hLzGWLU5rrdOHMhQ
양아지,UCmMxEFwIOMGGoThkmtZZOvQ
뉴욕세끼 NYeat,UCmOEGwUwgU8aYxhkUjof0yg
Vivi Loveit,UCmVBQOrRjDRuh6_dSKU3KWA
Himemori Luna - Topic,UCmVlAo-FXC7zNjKnWf8ulaQ
nayuta,UCmhtmUBjkXOAetnaDq-XJ1g
優莉つんちゃか,UCmk7xiOWr0RvnmFk3g9XB5A
마이니치 일본어,UCmodM-DNcqiB7xjqtqvW0Dw
TV대정령 다시보기,UCmw-shb8rWBcHclHkmQ4mFw
린 다시보기,UCmw0eKk5uOv029SScRRRfqw
KBS Drama Classic,UCn0nlepACCBD6rxj-GUwn5A
신인균의 군사TV,UCnCYPnqTbrpJWbve8XFHv8g
카마지kamazi,UCnIi8DR2ETSZzEBLqEssiBw
도쿄사는 로즈쨩,UCnRnXCvMMOf75L5ohaFeQiw
로이보스,UCnZrkI3lx4TKuhIcALM9EGw
크래바스,UCnkILhOFb5dBSIJ_A_N8i0A
매운만화,UCnklHOEftnEsSBMPf_7UZUg
가재맨,UCnkytUgy0CtWd06up9CjNxg
히나 다시보기,UCnnR7k28ItzN1GAYx2rQ1rw
adoring,UCnsFR_LAOSKOtzuCB6LmxHg
평양 24시,UCoE5d_qLtr7O1zBbpfsQxtg
회사랑RawFishEater,UCoLPofyAZuuq6v4EWrWRguw
Eat with Boki,UCoLQZ4ZClFqVPCvvjuiUSRA
雨衣Official,UCoPUMQH-DiKlaJu1E_Sloqw
Gawr Gura Ch. hololive-EN,UCoSrY_IQQVpmIRZ9Xf-y93g
Mio Channel 大神ミオ,UCp-5t9SrOQwXMU7iIjQfARg
둥그레다시보기,UCp1eya6ybe3GIPeXD9LaExw
논리폭탄 LogicBomb,UCp5cDlDvsLUp6wjl4ELtmNw
SoraCh. ときのそらチャンネル,UCp6993wxpyDPHUpavwDFqgg
tuki.(16),UCp74ruKv2sUiI2HqEhH8pRw
T1 Faker,UCpJw2H9KKqwCCGQKRh1Bf2w
ぱく家(박가네),UCpK0ae9lWdtyDi9Cdc1Fqeg
S25,UCpVVZ4TXTGqhpkrcfJYhsdw
김진우 다시보기,UCq28elVykGNrPdOL2RdPlQw
뉴스핌TV,UCq7af5lj-gUy1qeN9DlNI9g
DDM ASMR 땅규,UCqGZm-olwtL1i4_1xmeeyXQ
Madeon,UCqMDNf3Pn5L7pcNkuSEeO3w
SwinceBall,UCqSl9EYLGN8okNaavs7kmVQ
Watame Ch. 角巻わため,UCqm3BQLlJfvkTsX_hvm0UmA
潤羽るしあ - Topic,UCqozWN6dG6ciUtBWypwLkqA
토미의 도쿄일상툰 トミの東京日常まんが,UCqrZPgBYJpDaMXg-DxtkYnA
UKON,UCqzwimL_GVGjtJaDk7Vbfwg
ayamy あやみちゃんねる,UCr9p1ZjLKgfaoqNorY7PiWQ
동네친구 강나미 [Kangnami],UCrAhzG4rf642oTUCpdyo5Vw
Sakuna Ch. 結城さくな,UCrV1Hf5r8P148idjoSfrGEQ
Colonel Cam,UCroRq_2nLagprhJBMuNeE4w
HouseRulez TV,UCrqrBumBpW56JGfNZ3YnLkA
La prière,UCrzRVEJbO4_aEDgN4WXo0mQ
VIichan,UCs6EwgxKLY9GG4QNUrP5hoQ
Yasigi Muk-Bang,UCsNVs68quFJMaDmR6frfUsQ
osaka544 TV,UCsNfSIKbJ9QBAegU-2BnlXA
Kurzgesagt – In a Nutshell,UCsXVk37bltHxD1rDPwtNM8Q
정형돈의 제목없음TV,UCsbNh54XE17pOZrdqW3VyXQ
音鍵めろ / Otokagi Mero,UCscLA6_oJpVQyV9fkjHneKA
しぐれうい,UCt30jJgChL8qeT9VPadidSw
매거진동아,UCt3YddAGOURQyG4rifm56Bg
카에데클립 KaedeClip,UCt3a-OKVyCMvuT1FxeGO5mA
홀로그레이스,UCt5iWySH47xZqrbSHV0uvkQ
Clip Devotee,UCt5xIxe-ieOwLEm5fZJBhZA
FUWAMOCO Ch. hololive-EN,UCt9H_RpQzhxzlyBxFqrdHqA
역TV,UCtNoAN4Ift7uYpkbkhfDnwg
Warak - Topic,UCu1JT5mSykkNI3uVRMLEjbA
SorAZ - Topic,UCuBGv7lV1XwcG2ThRHjJTXQ
9am-KR,UCuECOpmVPcUoVPLGwRxtkGQ
나카모카(ナカモカ),UCuTj9gMJwAQrz7VKIpEUWIA
Gosu,UCudNGAQXzpE1sMfoqPs67mQ
うさちゃん🐰,UCug2a4C6HVZsF4cGUFKOSzw
A-bee - Topic,UCugEnlqzTqh3oc_TtfCs9xg
Holo Sing,UCuyu-MXg6eKzhahr3k0HVAA
수민센세スミン先生,UCv9lfy6nqNOt5oAsdb9M75g
Flare Ch. 不知火フレア,UCvInZx9h3jC2JzsIzoOebWg
livetune+ - Topic,UCvN901VRHqf_ooNu0PeRgqQ
あべ晋三チャンネル,UCvTUlYhJ6p_O0SpvNSyEgKQ
Okayu Ch. 猫又おかゆ,UCvaTdHTWBGv3MKj3KVqJVCw
버거코치,UCvfhgTwKU9RSo4aJXW0Xy6A
까치,UCvfud8Iyi8-p9Kny2QXP7AA
코렛트YouTube,UCvmHDocKuL6MVx1qRgqLV9g
NNP 뉴스,UCvqHA3yqrI17oUkYggRHLUg
지이도,UCvvYGVaJxlgg5hOKx_RcmGw
Subaru Ch. 大空スバル,UCvzGlP9oQwU--Y0r9id_jnA
LCK,UCw1DsweY9b2AKGjV4kGJP1A
ずなちゃんねる rizuna ch.,UCw787N9PPpGRNZGrXVreYZw
JAPANESE COOKING CHANNEL,UCwIqx0eWKDDzs-hm_Y_FyKw
OSTER projectテスロ&ロゼット,UCwMJFtRyZtDPupoqIYwn95g
엘리트 조수,UCwVfQzMDgcM2nrh76_G1CcQ
김진우,UCweizAaKFQrSEYnleVOZqTA
LegendofTotalWar,UCwgoZXczzKRm4eurUNL9srg
LOFI KEEP YOU SAFE,UCwqMCMwQrzGMSZ-jpZqAs6A
키리니에 切りにぇ,UCx07vkbHV6i0pNw9hPp7OTA
AluminaDreamMusic,UCx6gOE9J8wotsmipR5xbWEA
하루일본어_haru_nihongo,UCxUGLGE5IiWeU7PuLy6bDeg
중국어로 [路],UCxV6HwAqpzkAN1J2s9LolgQ
MoonpoolsTV,UCxXCn3GH3nQaUfigugLEAtw
Bob Ross,UCxcnsr1R5Ge_fbTu5ajt8DQ
머니인사이드,UCxfko2YOD6DODYRGzeOPhIQ
Oc momM오씨맘,UCxg6JvIwZgLVbkqS_yUXPgw
mentaldisorders,UCxk25bne74FaS7LRCzXOJLw
みんなで幸せになろう！,UCxz1Y9My0S-rPVhGcRM40ew
일본식품비밀노트,UCy5dqCyaaLRnu4TBmQnCghg
hatunemikulove,UCyGnTVIX67RXPu23fqnRkrg
HinoHinoki Ch. ひのひのき,UCyJc8i_LSS_0W0iaLjOYRtg
Lofi Café,UCyK1ELLIgDYMbc-gm_jmAWQ
알짜리즘,UCydABcs_Zos67J_VIt0ZoaQ
귀여움은진리,UCyeuT1dXHrTn7E9Ea6T95QQ
wavve 웨이브,UCym5538xAEEppbridXozfgw
삼등분의 주인장,UCyu7fZdZOJ8NE5HpBMrQyFA
로딩,UCyz8-nIRVAJGZ-1QrvnN46w
Rica Ch. / 花宮莉歌,UCz4jhqrCfthF8NnldZeK_rw
먹지식,UCz8_KIhIc4fDDrHzwl2grJg
Blue Guppy Ch. 青グッピー,UCzDrrIchQkUeRKDOOCY-nsQ
네네의 당근,UCzNEFRHQERRRmNjR-Z5duag
일류의 게이밍 메이드,UCzQLpIzFsH3q012e9c_rrVg
Mosquito trap,UCzQyugvPXLhvWZLes68cZjA
Dave Kay ASMR,UCzkbhfa_NHRovWW1LA0ya4g
세계일보,UCzwT19hkdAkZIil8WdgzdgA
