psychicpebbles,UC--BMyA2X4a9PGAo3lTuopg
DDS Webmaster,UC-9-SZvXtauhegTgv7JmtPw
Steve Forbert,UC-El5phbU0L5DpdflsAGTJg
PewDiePie,UC-lHJZR3Gqxm24_Vd_AJ5Yw
Sargon of Akkad,UC-yewGHQbNFpDrGM0diZOLA
Cinemassacre,UC0M0rxSz3IF0CsSour1iWmw
JustDom,UC0PI6NnEAbdqbn7JwvspJAA
Egoraptor,UC0gEw6pgNkLkkzMwzX4UtHA
Cynical Reviews,UC1DCPS2j-o0bvfIilkc8RSw
Vengaboys,UC1ZJB8MepA7B7zQE8TmzQdQ
Karmakut,UC2B8TOklu2rSDULqAzwn5GQ
CGP Grey,UC2C_jShtL725hvbm1arSV9w
Blorg,UC2YJX8c4zgZCgoOfJV3KFvQ
Master I.T. : Zero To I.T. Pro,UC2Z25Xk9sHpIUv9eNC9IKVg
KnowledgeHusk,UC2_KC8lshtCyiLApy27raYw
Chiseled Adonis,UC2cGFgeCTc1MxNEzPNcxvaA
Channel 5 Ratchet News,UC2f32KhM1j2U0-I_fVPATyw
Karin Smith,UC3381QzS1QP0Y6tPrZHc8Fw
Square Eyed Jak,UC3E-kYEYiF4PDcGttEzGeew
michael jamison,UC3SIm-UNl4Ou381-PYKzU8w
The Film Theorists,UC3sznuotAs2ohg_U__Jzj_Q
Disturbing Trends,UC44MyWfBiXM8v8ZSl-Zfpuw
Hungarian Folk Tales,UC4IHjMTbstJlt5vO181UWEQ
iDubbbzTV,UC4USoIAL9qcsx5nCZV_QRnA
Delivrd,UC4Ugidoti2R9mVcwdcFdWJg
boogie2988,UC4_bwov47DseacR1-ttTdOg
Stephen Walker,UC4v-ukSR5kKMTEfzCe_D8zQ
Michael Franzese,UC4xuh0pSLRLhzWGUnpOlvXw
Simple History,UC510QYlOlKNyhy_zdQxnGYw
Noah Caldwell-Gervais,UC5CYeHPLer3lbEhgonvbbAA
Casual Geographic,UC5Yo88QF-chdugJbAnB2tUw
The Outcast Owl,UC5bLeoH2IwRZSEwpRyVSa2w
LionHeart FilmWorks,UC5da4UST5wrBydwPoYx18bg
The MDK Project,UC5rg-jVH3ppPk5YteyOdGSQ
Wisecrack,UC6-ymYjG0SU0jUWnWh9ZzEQ
Brave Wilderness,UC6E2mP01ZLH_kbAyeazCNdg
Tech Triumph,UC6nz-iV9Srrm2_-4PvPuwtQ
David Hoffman,UC6wBro4B4pf9xnBh9Xi2zcQ
twelthofadime,UC73wPqM8gfQMRL1ZqdSMdfg
Game World Narratives,UC79s7EdN9uXX77-Ly2HmEjQ
Markiplier,UC7_YxT-KID8kRbqZo7MyscQ
Living Ironically in Europe,UC8SNsIS6XZ6WaEeEPCSVaQg
UrinatingTree,UC8a87KN4-w-ExcGufTeX9KQ
The 8-Bit Guy,UC8uT9cgJorJPWu7ITLGo9Ww
Jewboi,UC8x4ZLRP4FKpcrxsP5NpjAw
MeatCanyon,UC91V6D3nkhP89wUb9f_h17g
Intellectual Exercise,UC9Rpcc3P0jGK7LTMC9dR1xg
PsiSyn,UC9orSxnBRPy-fBLgv2JeWKA
RGT 85,UCA5RGaQc-a8tIX_AqTTmWdw
Audio Books,UCA8Bg-tQKShZRZhe610SC-Q
Devin DeShane,UCA8u0OZ0kF8o2phfqAXCGCA
IAmLEE,UCAKBqkOat3Y7e3zEj1TBIVQ
Steve Forbert,UCAZVslkkoO9BRVoX_wXBDTw
HaHa Davis,UCAgzu2E87ewGKK-DiWfnTrw
MilesPerHr,UCBBf76weOf-4p_cIzOd71hg
Avalanche Reviews,UCBRdH7MGiy3EmNG1GndsdIg
Prestige Clips,UCC-uu-OqgYEx52KYQ-nJLRw
The Cold War,UCCGvq-qmjFmmMD4e-PLQqGg
Code Blue Cam,UCCKkuXux09y-TCg-BQxCjNA
Chris Stuckmann,UCCqEeDAUf4Mg0GgEN658tkA
Dâ€™Nieka Marie DOPE DISCUSSIONS,UCDOWgKgUCjz8JYandHlUFxQ
Philion LIVE,UCDQpWzcJvmH7WGWMdVHzuFA
LostInPlace,UCDixsf3UTX0xVPV4lhGn5Rg
Spotnyk,UCDoxiQLPLMkO4nYYRPsxO4Q
Autistamatic,UCDz996l_rUM4Euut3-3a6xw
Bubba,UCE5X32-GnwJyAkRboclCQMg
MetalJesusRocks,UCEFymXY4eFCo_AchSpxwyrg
FPSRussia,UCEPTp5WMAzjh9mOrKUwRLmQ
Patty Mayo,UCEYLdM2bdhmw-TS3c0TjFNw
FirstThirtyMinutes - Police Video Games and Mods,UCEaEuwKjrE2BtvKErBPQAUw
speedyw03,UCEe076nFuVobN0bAsXK7ICw
JibJab,UCF7BkFpipBQ-BPV5XBI30KQ
dilbert,UCFAf_3pypi8zGancBpgLzPg
Dr Shaym,UCFCnavulDXsrIHGNZpzY-Ow
Nostalgia24.7,UCFJbvTPJQbmcW3mMTTwzNlw
Khaotic Politics,UCFWHiNJhsQV9iVDYsM6x9ZA
Joolz Guides - London History Walks - Travel Films,UCFWqceEDVxifaU3ljzMH5tg
Joey Swoll,UCFaceGf_DBYuIJNpmNHKEqQ
Rags,UCGLTvOqJOcbIwBtX0Rou2gw
officer401,UCH8HxtIoKOmG4WekL8u0sAA
Feature History,UCHdluULl5c7bilx1x1TGzJQ
Nathan Kessel,UCHr43HOeO7WHmwQ_sij6ezQ
republicattak,UCHunBH1FCnxgfgBwFjIHUDg
Randy Newman,UCI2zfGHCt68rzyGepRsr7wA
Valuetainment,UCIHdDJ0tjn_3j-FS7s_X1kQ
StoryCorps,UCILamLkehRwaRRBjhNIw_1g
Abigail Devoe,UCIV_ez5buXDWKdc0ISZ2o8A
PoliceActivity Archive,UCIWB3NBKEr9xDOk4uDH_3bQ
TheJollyGamerJoe,UCIdrim4O5bF-jjh4zdWDb0w
lionheartx10,UCIeaxRCoSLFLHvrCInghqcw
Vivien Richman - Topic,UCIibkF6lPAyoPnq_PzmPYuw
Dean Schneider,UCIsz3XD8_E1ebhE4YScWeJg
Salty Buttered Bags,UCJ7PTm_rwId162SvSE7fWCw
MudPit,UCJDFXCSfOvPiSobD4dds3yA
Snap Strategy,UCJK4WRLF64hpJrRIjIkQsdw
Gaming Wildlife,UCJ_jVt4hluDZzhu8WRkVxMw
re twelthofadime,UCJdK3qYc2iWgbuYy32-eOww
NoodlesPoodle,UCKLdBp6hNISfBqDyrZndSBA
BlazeTV,UCKgJEs_v0JB-6jWb8lIy9Xw
Law By Mike,UCKmmERguliWTynG9OIoDhDw
TikTokWolf,UCKrRm8fbHtcHwtfsKJiKoRA
Prince Vegeta,UCKz5ehRhhI93NPkvH7bNPzg
DarkMatter2525,UCLhtZqdkjshgq8TqwIjMdCQ
Slick Goku,UCLp0O2NXaQVaHNPwx7c_o6A
shenryyr,UCMK5arl0o25zXhFk8xmm4Zg
Kings and Generals,UCMmaBzfCCwZ2KqaBJjkj0fw
McJuggerNuggets,UCMz7JFeTmiO2oJgtmYhpUmQ
Angry Cops,UCN3rhkHmloHwqgat8LHk2yg
Pyrocynical,UCN5xN8gIljvWYnsj06V8WbQ
Arpzy,UCNPDGNxE8aQiYMFxjbk10Yw
Langfocus,UCNhX3WQEkraW3VHPyup8jkQ
gameranx,UCNvzD7Z-g64bPXxGzaQaa4g
Al Jazeera English,UCNye-wNBqNL5ZzHSJj3l8Bg
neza,UCODClPNwXETL9pJPjPi_FYQ
Pixel Pirate Studio,UCOEUMTl2uE4_-DGU659UaMg
Anastasi In Tech,UCORX3Cl7ByidjEgzSCgv9Yw
RealLifeLore,UCP5tjEmvPItGyLhmjdwP7Ww
BigScreenOSTs,UCPCoMMMeaQ1TnY64awsBkyw
Graviteh,UCPLyt0s7Y4fhEkVyAvY2bNQ
Steve Earle,UCPPWVL3JnDB1wfdviNoTPBg
Rampaned,UCPWnrCdM50Cg2RdiUs7N0eQ
StrengthAddicts,UCP_7h6Okp7iGtrjHEFGfrTg
Drew Durnil,UCPcABVoFfCK5gDfX0PY1KGg
McGruff the Crime Dog,UCPlwhtmov3g3iogtiCw4HWA
Suibhne,UCQD-0MjUbDBwm2UTVYr0Dag
SovietWomble,UCQD3awTLw9i8Xzh85FKsuJA
Bodycam Files,UCQLxT-gl_u3KDuexkEGLOkw
Company Man,UCQMyhrt92_8XM0KgZH6VnRg
Colleen Brown,UCQjJ4O88Kaq5CmnbKRKcBuw
LowSpecGamer,UCQkd05iAYed2-LOmhjzDG6g
The Shogunate,UCQw2yMTqk4AI6QDN_3qZYpg
Draughtfluff,UCR4CJZLjXwuV9z8NOqogZOg
Yusha Thomas,UCRUKjtoKGAHFWfME4R4cQsg
I Hate Everything,UCRbOPaGDB_xOQkVM8Rnn62Q
John W Hardin,UCRht34TVg6GzqYMDxIBOwBw
ScorpioMartianus,UCRllohBcHec7YUgW6HfltLA
The Chainsmokers,UCRzzwLpLiUNIs6YOPe33eMg
NHK WORLD-JAPAN,UCSPEjw8F2nQDtmUKPFNF7_A
Squirrel,UCSeb5KSN6BC1c0WwEjUzM_A
JyDelgado,UCSkgNGCGltLZer9tKMbEjQA
Above Average,UCSpU8YsKgJ6pPRmbuCnPRoQ
Task & Purpose,UCSq3p5NKEtyp5Rjd4ctiEbg
GVMERS,UCSuhUzpdXg9jme6eN6HA_IA
TooDamnFilthy,UCT31um1Ic8KweVWEMBC1K7A
Omeleto,UCTMt7iMWa7jy0fNXIktwyLA
TortugaPower,UCTczc_q3GsL2q68pv45mP1w
sWooZie,UCUKi4zY5ETSqrKAjTBgjM-g
The Great War,UCUcyEsEjhPEDf69RRVhRh4A
Deja Smith,UCUl7wE0nGkuzt4WqZWmG8hg
Sam Aronow,UCUlmlFBHBd7_LADceRz66eA
Joel Haver,UCVIFCOJwv3emlVmBbPCZrvw
Kirsten Joy Weiss,UCVoZWNrLlwl7Gv_2ji9Csng
AlphaOmegaSin,UCVtEytgcL5fZcSiKx-BjimQ
TheDevildogGamer,UCW07alAefFXWdo7RgEDtBcQ
OtterlyNoah,UCW6c0HzYntbeEOAHr-ydYJw
Savage Life gaming,UCW9N1iyTK0B-1YGZ_tmiTnQ
Wolfpack345,UCX2rH9OfjaRlRdbONXlRtKQ
StudentsForWesternCivilisation,UCXEiu2qv0sjRB9KuHjT6YUQ
LegacyKillaHD,UCXIvhdNOzEdpdCSxTzsJm6w
Nico Leonard,UCXPXfAAo-yV6Y-0PZecwBLw
OfficiallyDevin,UCXm9SBe5GM46NLFkubLqjGw
a perfect combination,UCXmIvFJrgCpyNVK1hIHBQ1A
Pittsburgh Dad,UCXy7f-o2lGoF1PZ-FKeDtSg
Mark Rober,UCY1kMZp36IQSyNx_9h4mpCg
DevilArtemis,UCY6jCIeGB3gklUOPfmY_GCw
Papa Meat,UCYF1kiTFCcYPqGTqXKt3JJg
big boss,UCYGDiVemmhY_Q1M-hKp4fvw
Sgt Ducky,UCYlzNaOH_i8tSQDEQJfaZmg
Biffa Plays Indie Games,UCYzO4HZxgXc2UJQD5bIo8AQ
jacksepticeye,UCYzPXprvl5Y-Sf0g4vX-m6g
Bar Rescue,UCZAb8Vxp21vGvs5kofKtepg
Larrys Lounge,UCZApDB9BW7ZjNcPb3Wu7rRg
No B.S.,UCZNk7Jjb2t8EuBdgn4Zj1cw
Fire Department Chronicles,UCZbWCodPFwH2QQn772QnUxQ
Business Casual,UC_E4px0RST-qFwXLJWBav8Q
Yung HVAC,UC_ggVVZ08PW9v9KMMHlLPGg
Vince Vintage,UC_kH5ltlZdtFAY2qV_lp2xA
HeelvsBabyface,UC_zmPqauxanOAGszXfdipEA
Tipsy Bartender,UCaDY8WjYWy36bnt0RVzSklw
Todd in the Shadows,UCaTSjmqzOO-P8HmtVW3t7sA
SteveTheGamer55,UCbItyvYa6cqvqtwlU2E9-wA
Steely Dan,UCbSAYU9A4L4JbUkGmy4BN5Q
Kenny Paas,UCbioFUhRX0dII5aVrILAS5A
Audit the Audit,UCc-0YpRpqgA5lPTpSQ5uo-Q
JonTronShow,UCdJdEguB1F1CiYe7OEi3SBg
Bruce Hornsby,UCdbr9Mbph36vplDKqEeNOHw
GoogleDoodles,UCdq61m8s_48EhJ5OM_MCeGw
InRangeTV,UCeUNM9NqJqZXfRNeuW4_2sg
NBC News,UCeY0bbntWzzVIaj2z3QigXg
brewstewfilms,UCepPGz8AVCbggMl3BvboaBA
ThatsGoodSports,UCew5br5cO1ZKO7Z_F1WA8Bg
Drae,UCf2ocK7dG_WFUgtDtrKR4rw
Guga Foods,UCfE5Cz44GlZVyoaYTHJbuZw
The Infographics Show,UCfdNM3NAhaBOXCafH7krzrA
Squire,UCfwY-BIInmUEtz6YnntsKzA
Roger Cook Reports,UCg-ENR_wTfe58MRXS_UrbKg
PartyElite,UCg3BiSs8eBE9hA9EWYTgtAg
Scatman John - Daily News from Scatland,UCgA9YTcEghT1Kx-9g0ItpZg
The Animals,UCgXfS0QdhrX55_rS4npXDow
Gabriel Traveler,UCgZM50Ig7STDS0l6f_QnrXw
History Buffs,UCggHoXaj8BQHIiPmOxezeWA
kitty0706,UChcBFcAWmGjN4DJdnnhz2mA
element14 presents,UChturLXwYxwTOf_5krs0qvA
laowhy86,UChvithwOECK5g_19TjldMKw
DasBoSchitt,UCilz3PTMR4URfxq6UeRRL9Q
Watcher,UCircJf-FlToBNjuy9xG-i5A
Bruce Hornsby,UCiwLXd-mXNArd1LLq-ri9Kw
Cracked,UCjD2KyAEm84yVH8cTilID7Q
Pumpkin Potion,UCjTMLOpLz0T71ubPs2SEMlA
DailyDrivenExotics,UCj_ARBxhCoF5JxUItcEUs7Q
TacticoolBrucey,UCjayvxf-tDcENi9ByzQTHXQ
Chicken Smile,UCjb5ROvHqcWUeWduTvXv59A
Jon Bravo Films,UCjipTO_tLnCpEJ3fTc9vwxQ
TVFilthyFrank,UCkitABalXafr-NqceQdDXtg
mayoredkoch,UCl1C-jPg7L4nsHg6EVgAXvQ
serpentza,UCl7mAGnY4jh4Ps8rhhh8XZg
pwnageshow,UClCQI_L-iS5UvO5BC1HDFtg
AlternateHistoryHub,UClfEht64_NrzHf8Y0slKEjw
Biographics,UClnDI2sdehVm1zm_LmUHsjQ
NormalDifficulty,UCmN-phi2fLNt3QSJ0hVQsbw
15 Minutes of Shame,UCmNPBFm_kagXS3J_agso0Pg
Martin Goldberg,UCmQdpinNGIOP8kk0wifyuLw
Mr. Beat,UCmYesELO6axBrCuSpf7S9DQ
Geography Now,UCmmPgObSUPw1HL2lq6H4ffA
SheriffEli,UCmphn3myFA0mSurrm5-Gu4A
Pigskin Paradise,UCn3_tXPQ_OqIYvXfZHdvmMg
Lance Quintana,UCnTSACVtgVkBtFYiKF69j2w
Joey B vs. the World Clips,UCnV9TgxOgC6iv31OFwxvWvA
Gaming Historian,UCnbvPS_rXp4PC21PG2k1UVg
Diane Hidy,UCnwyetN-g957fVlWgHzT4Wg
Yusuf / Cat Stevens,UCo0pv-U5bTDLlfdROjmCCGg
JayxRailBuffx94,UCo1lopC2DRyd6DpOp9qd26Q
Jake Tran,UCoOjH8D2XAgjzQlneM2W0EQ
Raptor,UCoOmgnp3Ao2laZHtvRGdceg
Luna_the_pantera,UCoQ1bnerPAwoRaHQ-6y5Eyw
Overly Sarcastic Productions,UCodbH5mUeF-m_BsNueRDjcw
Mallo,UCpZXIj_LnrRCAgy7O8cq7SA
The Chainsmokers,UCq3Ci-h945sbEYXpVlw7rJg
Discovery,UCqOoboPm3uhY_YXhvhmL-WA
SwinceBall,UCqSl9EYLGN8okNaavs7kmVQ
Reform Party USA,UCqYurdYHoen2-V08wH5MA6A
HICKS | UNCENSORED ,UCqm2ZzTlPUOzM50lv_y7uNA
Scatman John Official YouTube Channel,UCrW3wr4Xau3UssnByxsHdCg
makemebad35,UCrtZO4nmCBN4C9ySmi013oA
shimo,UCs-brcHDxKqrOGU9cEWuCMQ
Alex Clark,UCsDmESjqNPukDmVnuneLrqw
Warner Bros. Rewind,UCsQQo8qb62ikp9kc954V7eQ
AngryJoeShow,UCsgv2QHkT2ljEixyulzOnUQ
Twelthofadime Archive,UCsnbZdVIxEeW8W-KZcDNuLA
TED-Ed,UCsooa4yRKGN_zEE8iknghZA
Doug DeMuro,UCsqjHFMB_JYTaEnf_vmTNqg
Decker Shado,UCsxn3qKFpbnD-8f1d9F5ipA
steveo,UCt54Hzhj7RpCWOYpoFJLKAQ
NationSquid,UCt_0qjzmxopG3leL3OuvlFQ
Kendel Reacts,UCti1K3TUfDg8Go5iqtRevCg
welzies,UCto1VOXm8m7aPq2XWNwMpTg
Dazed Canadian,UCtqYYMFnWrzjNGHRKZ9VnpQ
Kitchen Nightmares - Full Episodes,UCttMm3hHlDSqXGYmp7tqrEA
TyAmongAnimals,UCu0tbUASI-lUZZEqzibdQRg
Anthony Brian Logan,UCu8ebUHoKbhVY0tavNdhwvw
Straight Arrow News,UCuL3xV8AqD3sekKOhhyZqOA
JablinskiGames,UCuriCa9loP_OsH75_5j8M5w
Scotty Kilmer,UCuxpxCCevIlF-k-K5YU8XPA
PAUL McCARTNEY,UCvGnJy9RnXX0kGSnDPKCZzQ
BlueJay,UCvQ4C0f9_OWRf1uyobwqOwA
Steely Dan,UCvnGL-FVjYVe_0YJKxLlwqA
General Discharge,UCwgF2LlzxD5CMZkO5WIzC-Q
Donut Operator,UCwkm_Wcyh0pc7UUmZZfL-6w
CaspianReport,UCwnKziETDbHJtx78nIkfYug
Mannix,UCxvE6krmQKUsfekdbgvzuZw
Yukon,UCydcPiZWnDF5RpODpQ0w5vg
Peterscraps,UCyiIPtd-GmZBWnZ86hXPeaA
FlippinDingDong,UCynOtYRwfduX96wAa3iz-_A
Brandon Rogers,UCywhnhPP3dAw7huG_y0hdEg
Rooster Teeth,UCzH3iADRIq1IJlIXjfNgTpA
GAMING INVESTIGATORS - HUBSON,UCzOOj0KTSVUWVHswnP4W6nw
This Guy Trucks!,UCzZMrtN5Fk5-tlorAtLBhYw
Vivziepop,UCzfyYtgvkx5mLy8nlLlayYg
Shirley Curry,UCzkY7wa8Ksxv4M5NyUYgTmA
RuinedLeon,UCzwC8RhUh_r4tEYGLMvVjog
