¬∞Seira Mocha¬∞,UC--0RDITf9itWhOnNtYfTZw
MOTAXY,UC--CIHWgV5hEq5yp2h9f6tg
mangava,UC-1aW2_megpj4_cFr3WAnLg
Hikari_Art‚òÖ,UC-2VjmFJQgwUnMTP2PGJ3OQ
Marvel Delvino,UC-2uA9dgx3eVJtKbTWV8f_A
Juns Dy,UC-4Jta2WiE0BHXjomEz1p9A
fractal161,UC-5fATPHnwCmelz5_8kEZ-g
I C H I K A,UC-6TRHtmGBUe-fawILBpS8Q
Jon Lajoie / Wolfie‚Äôs Just Fine,UC-716wgP94vhil91RVJwaIQ
SugarDue,UC-A-L6bYXicAU_VFlGlDQig
Tyrecordslol,UC-A2WBfHTnWkhNvehNo-MaA
Calon Sarjana,UC-ASDT9n-sUPwA7uUPN0OoQ
LatinHype,UC-AlofdKECUdhXrbJQZ6iEg
HomeAnimations - –ú—É–ª—å—Ç–∏–∫–∏ –ø—Ä–æ —Ç–∞–Ω–∫–∏,UC-Bc-4nV2-Tk4Af2rqrmrjA
Foxxy Deer,UC-BxoVSvjFe4NuEx5756mgA
Agus Mulyadi,UC-COGRuIfGtzhC5SlugQt_A
TAMAN HIJRAH,UC-CTTesr2ChcWjese2dZikg
Uncle Dijon,UC-Cvs33y9WKyRuwmzBL6Www
Bang Sat Trio Official,UC-EI-rLsYY3_ilt4LaA7Rjw
Malikisme,UC-F0Gt6yh4-CnUtfx_0P9hg
Artha Agastya,UC-GiNjITKr-S77KirLQt7qw
ùîæùïôùï†ùï§ùï•ùîºùïïùïöùï•ùï´,UC-H01CVnp25VESIz86CrQQg
üíô SasuNaru üß°,UC-H_mCAhh4vd_D13g8nEAjw
Tsar Bucks,UC-HxoRbSV4WPR-5yBnxSxwg
ReidBoehm,UC-JWdrbVdIkk7_gBxfZX2yA
Hearts Of Iron IV,UC-Jqx-UvWJrQ_TiVZjI0m7w
Wahyu1039,UC-K9-Dut7WBOEUwFZKKWPSw
‚àûRespect,UC-MGxIyWrcPPzuKJV2IrKfg
Kokiku,UC-Mo44Nwj-q6Og_bQqMuwfQ
LemonFace,UC-Mwh6CPMnC45ck2BNV7PiQ
RAYAN Gaming,UC-NJKZPH_s9VJSfYYDnkWRg
Carlotta Plays,UC-NcMpYFd3GXzfFRzLTmTqQ
Romie Channel,UC-OClVnCh1-dfWJ-KEYOy1Q
Rafa krinj ü•∂üëå,UC-QiTTdllCVWVJ6o5HopoDA
JOEhuh02,UC-Rn0s9LHYgNl3Ypow9m33g
CREATIVE EDITz,UC-S1eKyaGaV97kfe493PNzw
Charlie,UC-SuqZdWy-_oi0hoGKSRzkg
Dumori Bay,UC-VDfQNL-S44eZscGlXI14g
Zaytsev Uchiha,UC-XEh3D3r1y39anpU-0pNQg
milyxsüéó,UC-XYpcO9kCD1cZc9Ud8vE1w
Yoggami,UC-Y4sB1ZXLTHF-YK2BgeBRw
GalaxyGuy305,UC-_6OKe-HBBHQuVnSmPM_Nw
Enerhgize,UC-_fjEaJWigeYdxYXGkDc7w
JaxPlayz,UC-dBL5X4dd0apE-RHZ21tvg
Felicia Natalie,UC-dFJUAFommZt-m3P2IoUVA
Wind_Art,UC-fbfa2yKMGfnq37BcCT7_A
EYstreem,UC-g_O9HWb5B0rVDG1hLd5Hw
Frannesi‚àÜÔæâ,UC-hyZ5tgR6qH8ReL5YnjbEg
kitty ayya,UC-iIxnm1Z9ILxox1GGRhdXA
Vocal Pineapple Academia,UC-j70KQRkvG8ncivshIyvHQ
GiantSagas,UC-jM4-FQywbICkgIK3R-6Gg
RemanRHN,UC-k9YuHccYMQJ4BgMKWuYEQ
‚òÜùôéùôùùôñùôôùô§ùô¨ùô®ùôÅùô°ùô™ùôõùôõùôÆùòæùôùùôöùô®ùô©ùôÅùô™ùôß‚òÜ,UC-kTdtVFfkom4LDraTV5y1w
PewDiePie,UC-lHJZR3Gqxm24_Vd_AJ5Yw
Desva wardoyo,UC-np1E5VAsMxHm8-f-JyzaA
Vanilla_Moon,UC-p4nvlygAAzp_jOv8ROkxQ
Homemade Ecosystems,UC-pg3pFDy7quyP4PZW8vT8w
mars ñ§ê,UC-pykgj27jWq9qhXhpfKPvw
sataxcountryball,UC-qocgXqlUN1lmme4yJSlKA
Drefucior,UC-rLJQXVxXePL7fJM8pYZkg
Âèñ„ÇãNealeNotFound,UC-sQ0gcLp1_wO4OOSlT21pA
HT Creative,UC-sYu8Yc019FtvuOYVpnFGQ
‚ô•Moon-Family‚ô•,UC-snaMlOdK2ZOomQ_eFRxeg
Babang Cinema,UC-uLv_LZcTXai_nxQdvRpCA
Evasf,UC-uQzciQ7amMykgB7P2SUHg
(triggered gacha),UC-wI6Y9yVzBV5IBtzdpDTFQ
Country_editüáÆüá©,UC-x92kj97MHXdCMz1rfSVeQ
Momen Hidayah,UC-xUvF5yYtb2lq0R9N0-uDA
Browniesaadi,UC-xtseWq_eDKvSHXpG6yXzQ
Anhua Da,UC-xy0Gjee5j5t7E0N_kCR3Q
‚ö°Ô∏èNOEL ü•Ä ,UC-ybxZfyM9tVCApke1HPuGw
Craig.,UC-yxLDpAGtAMUXkf4J3hwpg
Randi Haryadi,UC-z6vnqSF2KEwxG81AvVqOA
Idnad Kun,UC012ZfVdFxUxiVJYod4732g
Voice of Muslims ,UC01iC1N2y4Wk54hLdg5x8ag
ZZZ:),UC04-uiHVop7mZkrZ4gtDbBg
Microfaun,UC059QhhyEvyltnAU4vGSbjw
Yunyun!,UC05KYorki_5Maot5tYIGJqA
oh! naru-ÊòØÁöÑ!,UC05Zh7kVQhtbmukPIB_HYhw
ad,UC05Zty7O5flJFuBVdVKQXXQ
ùô®ùôöùô£ùô®ùôöùôçùôéùôùùô§ùôßùô©ùô®,UC08gYn5HQhREZqL_uIAWQew
Renatadarck,UC09PDkqYQdGXJXJU-M2qOJA
ÂΩ±Â∞èÂ∫≠ TinStory,UC09nHP866ieIVBR7bH6qTHA
Bamboo Art,UC09yLJNAnvqmGDqJ-z7hZ4g
S√∏b√§ N√∏√∏dl√´s,UC09yqgsMBwlwlIboH7iNYUg
Element Animation,UC0AE_22J0kAo30yjasaeFqw
bobacott,UC0CxleerqkHYVcJieek39rw
Yuu,UC0D0RuIr6ji502hqVqVvBgA
Blueflatkitz ._,UC0DB0BYC9_fZ508eobU69pA
Vin»õ Fabian,UC0E43tjBh4dyRH45ATvTncA
Tomogui-Kun ,UC0GOA0Q_mCblrtZq9LFKOfw
Karen Lorenza,UC0GUYUU1fMZdBZiYT0aA_Pg
IdkSterling,UC0GbKJaeEN9k5CG1NLbN6Ow
Kosak,UC0ItOcZ17HzoGTeBLCgrvxg
BKXN2,UC0JBfKaqjHYSY3PUKgMgedg
DR SHORT „äù,UC0LRUgAgki0Fjk8P6Q8ORpw
ciko_kit,UC0MHH4UZ8KsjlmvsejtWpCQ
SnowStet,UC0Nc0AvpyTYprOLxvpuorDA
albert_cancook,UC0NkSnlCOhoODbykzZwpiDw
Memez,UC0OW4xk1QaF_q0yq9wRzsbQ
Luis Urrutia,UC0Pa0bQ0LU-NL1v-B1Eg3lQ
ÁæéÂå∫,UC0Qf8b8wb3sJ0AczYqd7f2w
Candy!! ,UC0V1NjIQiJi-mG_7Lfnw3cw
Command & Conquer Vietnam,UC0VAOyI3wDzQvp8FWye-tZA
‚Ä¢ artemis ‚Ä¢,UC0VjCU2kABPx8EVmLOqRA6A
‚Ä¢·¥ã·¥Ä·¥ã·¥ú·¥ç·¥á…™‚Ä¢,UC0VpW7Bq0syDpb-cAFgyENA
CornishFamilly,UC0VspG9VXFCksHiM8QwfhPQ
Sebastian Tedy,UC0W4MrJUvXdt8IbH-sDwZOw
PANDA BOI,UC0Wju2yvRlfwqraLlz5152Q
OHIOBOSS SATOYU,UC0XwmKYoAkybFU8lw4veZrw
theStorys,UC0Y-vGSRdoipq8WPNxHhqww
Mikeur,UC0Z5D744u0PkK69DxEWv_eg
NO SIGNAL,UC0_CRyn_VYZmN3HWs-_e5nw
‚Äîùêáccniibu#Ôπí‚äπÔπí ,UC0a2RsFtYQfga3E-7mHoBfQ
Dragon Bluüêâüå∫,UC0azMiDYHKRkslT91Qnik4g
FortuneWarrior,UC0azhGxuaUd_aUCtcYE2QyA
F A Y A,UC0bnaMbkc323NEOTE1UHioA
GachaVerse ,UC0cHlvbGlPqRicLT0k0yBJA
USTAD PATRICK ID,UC0ceFN49dWY1rzrurQLRdfg
hwghwhwuw,UC0clsEJtCd6QHjPZcRO2O5g
Cash,UC0eLBYhxW9HC0P9PXQ73mpQ
Valefisk,UC0eOlAEMdVgpmThPkpmR-qQ
Poly Banerjee,UC0gCV483K7ZezXdZcWuHKEw
TheVillageBeast,UC0ikT8S6lhdLQ6osTKWialQ
Raven Gardens,UC0ikcDpp2GnAEW2-mEIbBLg
MagicCard_Edits,UC0ixdTExFq2DVulXN-6_HGA
‚Ä¢Nana‚Ä¢ ‚Ä¢Smurf‚Ä¢,UC0j6j4JHeu3uTxXwB70KCng
Mr Tanjiro,UC0jY3A1GpB7JXloFZepqTNQ
MrAnihub,UC0jijUfmBdFae8g5NWaWJ6Q
BloodyDandelionüëëüéóÔ∏è,UC0kQtsfBeBEUrpY0JEDtwQA
Exelicks Gaming,UC0kZLL_IUDpAsQfpVxS9FWA
Creebus,UC0ldoR6CLrrJPccW1NSgOuA
BadBoyHalo,UC0lkCn7D--uMrtwAXRj_cdw
eliannee,UC0mjM2otqBhXXlPjDDO2Cqw
‚òÜ ùò¥ùò©ùò™ùò¨ùò¢ !!,UC0nY7BX9SgoHym37PU6orbg
Gemprot,UC0o_PoLZYWMi6NqAlaeQ2cA
MILYHYA,UC0ohl1eKTtlJNqbD-HWRQVg
Unknown Gaming Z,UC0p8likRVSUkr-5vQQUapiw
Momo Muchi,UC0pEQ9ID19jL8Pnj9zmlVCw
Haris Pohan,UC0pPqTrlZpiUFvCeB3ZffDg
AkiR Moon,UC0pQs7ooKe3nHswzQfnK0yw
Kajian Hidup Short,UC0pj9YtSN-V3IdSU8mj9TjQ
amaya,UC0q5pS7NtchHyZTWVqNTRRQ
Paupau,UC0qLe0cqi6y49Yx-OL5Ht9A
Starlight Love,UC0t2___kZV7v722wx3Lkh9Q
Boba_Cookiez,UC0td82YeZV6Rwb2nxyzUtmw
‚Ä¢Brocoli_Boi‚Ä¢,UC0v3ypMRkrCJ2GvB4U3p-_w
notrabuerpan,UC0xYn8TCnfUE0-8hQxsz2ew
Syihab indonesia,UC0y7CnbYjz0CkMGRZ91wFjQ
‚Ä¢abby_Ly0‚Ä¢,UC11FrEPvW_RbmI0ogfmd6_A
AJTHEBOLD,UC12ClG0_7aPLNdRNNl_4zTA
Markanimation,UC12qezbIDmro0C5qBEIdFWg
Vladimir Tsar,UC13CanuZoStEgBEA6nKBZRg
Bellyn_.,UC13KjgAiOrS7uqcRF55LRDA
SystemZee,UC14fB9eWBu579yRWLUhbFdQ
ÍßÅ‚ô°Ô∏éSapphire glitch‚ô°Ô∏éÍßÇ,UC15D6GeshP6xys2m0C-wGrQ
Taro_san,UC15hxRbs_xojqd9L1WFmybQ
About50Dollars,UC15r_ulj8prJ5LuU2gsH8NQ
Critter cinema,UC161RW6bS-NcDzWYRIJWnSQ
„Äã‡ºí—ç–º‡πÄ–∫‡πè¬∞‡∏£‡∏•–∏‡ºí„Ää,UC16T9EESJc5OUGbC8hhau-A
FajarAja,UC16zZKM-K4cYdrvs0Q37idg
Felipe,UC17aFlQym45_HfIxFKod-hg
Alix,UC17mGKOP7D-tdkq_ze-tXkg
missyyxox üç¶,UC18tv__GEAmwQSERgVZ1CLw
Teacher Tommy T,UC1Ax24VdEPbE5p5__EfAX-A
Animators VS Games #Shorts,UC1B3BTMA_XJTPKBc2j-lS9Q
Nax,UC1Ck6ATspVEpMbiF2sSdfQg
Render,UC1DcdTZ3ii4jXd5OU2th5EQ
Tyler Vitelli,UC1EALOoYjviTgAakJ-phJFg
Insight Fusion,UC1EB82wjWKsGKVgUuFzWmcw
AstroCat,UC1EZkdtfOpU0BGvLEnImmog
dudaah uzumaki,UC1F7se4VAhls6TU6xJ9rQqg
Jonny Devaney,UC1G9pwKwx9RpFwSohdkmhxA
ÍßÅüç∑ùêäùê¢ùêßùêûùê´ùê¢-ùêíùêöùê¶ùêö ‚ô§ÍßÇ,UC1GhbFDQEiU-mpy8FUMPB7Q
Nihongo Mantappu,UC1Gmqqs_Myzl2KHIeqfUC9A
¬∞‚Ä¢Dax‚Ä¢¬∞,UC1H2MixjM7zrs0J6zko_U_A
Evbo,UC1HL3TABt6QGd_P857BH_CA
verianez_zzz,UC1HiYEmFXk-SKmdKH8SRfDA
Aa Byb Official,UC1Hj0p09druF2s1bkjtfQ1Q
SkyDashtler!,UC1HkQfUfli5BTdXUYGzJjiw
Bent,UC1IhTU9ZmXDLqfJ2FzxrR9g
AlwayShella,UC1JWg8xBpjzFxjkPxzOhjVA
Vani,UC1L2dMmuQNeMzBxojMtO5Pg
attractive gacha heat,UC1LRkylP2x9Cj2G99UWuMOw
alex the hedgehog,UC1LaDUazO0OE0EYN8q3ndOA
Gerand Plus,UC1P0inqX6J045-u1TpikfGA
YaBoyShilooo,UC1PJsnWRUUyb80UbinGe2jA
Emiel Hunswijk,UC1Q6eGJ40crJg8w09hJtv-w
Xia's INI Creations,UC1QpQg14Z2E3_a-svW9twnQ
V√†ng_animation,UC1S1Ou4Ze0-b9oWUDBnuRXQ
PETUALANGNIME CHANNEL,UC1SRplKRC6RedRL0Jb8JrWw
SniperXplug,UC1SavHbxv1qjaIe6LxkXQ9g
emojitown,UC1SxL7fbGVpyYk9V3H80ohw
RubioVT,UC1TZAZLhCMQhaqS7Lh3yyzA
·Øì Alexa Í´Ç·≠™ ,UC1VfGCQffoYgJtaoRVOMCnA
capiicron,UC1VwgEVLP-aJAkrARElktxQ
Bayu Nantri,UC1W0rvGtMeYdWx8qeGy8-wg
Peet Montzingo,UC1WbRuMMzbzUfBG65x1FmXQ
ROBE CUBE,UC1XCtbAz-xspe8CR5_DtUpg
TGabriellaT,UC1Z87KME7-hscRDLeAYtqwg
Freddy Plays,UC1ZLkSqurgYVs-Afh3Gp8yA
Lena._,UC1_tEq6-ISBqhYq1fz22ikA
itoito,UC1aPivWtY29dgH0cWG4fp-A
-- ùôàùôûùô≠ùô≠ùôáùô™ùô£ùô£ùôö ! ‚ô°Ô∏é,UC1adBji3UppdKMl-ckhSoPg
Mallard ü¶Ü,UC1bDWjOcjqOo25lIEKIFZKg
Farzy,UC1bMOQagIhqUGdmo_wC5u9g
Xolomon Ch.,UC1bRASUTjD5HZE4FAKpS7cA
Droomp,UC1cu3C3XRmGee8b1jifMQWA
GadgetIn,UC1dI4tO13ApuSX0QeX8pHng
‚ô°‚Ä¢Bec‚Ä¢‚ô°,UC1dIhJztyWe9_YnEtbSArxg
‚åà kxnma ‚åã --,UC1dVxmUPlqLH8sfN7lmqVxA
ThailandBall Ch.,UC1h-XjQ_bqu7pkPUWbcvC7Q
üåπSista Roseüåπ,UC1iuS2gxXPNvEJ76vuXY8Vw
Ninja cartoon 2.0,UC1jLAtbojslp94LGVEMOVPA
FlashBeyondTime,UC1krAU67C0jlf6T18CCEHJQ
LISTING GUY,UC1lZKIemcmjmnRZf8lynw9g
{PASTEL},UC1lorPojDsNmWn4cNrP9iQw
DOMOISH YT ,UC1lt_NK--ZhX8ahGogWvLdw
ITZ NISHU,UC1mSDGzx-GV6bLmosX95w4w
MUTANT Khuluqun,UC1nT5TNOyknpexkHhtBFmhA
‚òÜSp00ky.org_,UC1oa1jYU1LgEeL27XO71Czg
sultan family channel,UC1okf3jLelC-6Rys8Pg1Lhw
NabeelMC,UC1oyXZI6BpB3-6Kiv9-DCxQ
MC Atlas,UC1pam-0lJ9vZ1CxTC8r_bXA
Revel Manga Chronicles,UC1qJB4TNpRXmxXfTb5FLLew
Minecraft,UC1sELGmy5jp5fQUugmuYlXQ
Jul,UC1sElcSa3Kxykab6wjetRvg
Yaqin smile boy,UC1uV19bXfzan_gBQBiE7JfA
`[]RS_zoro[‚ô•],UC1vLHea7y5DDQoMA3YqdZMQ
Noah Who,UC1vcC4cM94L6unDiLUqr6kQ
‚úßAlexoj‚úß,UC1wUW16fYCc30-c5yBYbS6g
Fliico,UC1yN0shKKsXnXaUooJon0fg
StarCatelene,UC1yyVfT_AQYKPdLrZc0wDbQ
Sarjana Film,UC2-6-E_ypWnfKQOiG9h5Bqw
_leonoir__,UC2-v3bV855GFevXOcUwP03w
Yongshun,UC20eoCWB6fXKZQaEskX0hUQ
PB The Prince,UC21I6tEyHTeSblJn8WBo0Jw
Ocha Mega,UC22q4zdr4ODcIYfUG4-bTAw
Jais Media,UC232d80SEx5_f2WiSn11jaQ
Sup Toy,UC23lfI0ahQvC6nRnVht6N2A
DramaBox - Stream Drama Shorts,UC23wOTsr0ZZrZoyU2jWk6Kw
Paint Man,UC25RF8vZidRAIk-VYyIiIag
-St√§rry_M√∏√∏n-,UC2A5IYUivNKIPwtjAKfJeQQ
Faqids,UC2B2qLAUIgK_yuUnFvy48eg
eclimatisüíã,UC2DByHvZaWliDyQYqruD74Q
T ‚Ä¢ Yukio_,UC2DW-iwrz9fN1hhUEjGB1KQ
aniolyame,UC2D_U23gfOvngHQiZHi9v6w
SantaiFunnay,UC2DfraGRpJX20n0-KuQdxDg
KNOL,UC2FxMyh2knot5xi7I7ryVcw
CrushonAI,UC2KIGJlxYS6dQRrB4j3ZDYg
Deepvoid,UC2LK2H7exqSJd9yvi4o_Khw
Samuel Christ,UC2Lh42gXZf3vTYoz1gqym3A
Fox 2.0 Gaming,UC2NwtXWaGsBbcXt0TSNx2ig
Aƒê Ktol - C√°ch Ki·∫øm Ti·ªÅn Online,UC2O788CfSurSlQenKj3XZSg
KhaiiSaja._,UC2OPPQoFSorD_tB_tlCwpEQ
SNAIL_MOVIE Animation,UC2PIL2VcPhya0FHW83rVnuQ
Doctor Anime,UC2RLQt22igNttaYcSiaHuvg
ùòΩùô§ùôóùôñ - ùôéùôöùô£ùô®ùôöùôû,UC2SuR2IPIVJ3UCeRoqlK0WQ
AESTbun,UC2Ttb9J5hSmCN08M805LJkA
FOTEX GAMER ,UC2VSU5UqPhzvOvY883-Nv3w
noire,UC2W6ri1xQM9v0Mmv45LD_DQ
Natsu,UC2XGecJMCdE9w3xPSqLwJBw
Lilly bee,UC2XMD-VGGzIl_4eDOkwlIPA
Tarkisiaball ‚òÜ,UC2Z-YIDiOPBheF0h4qaDaAA
SpiritXPPÂèã,UC2Zpnk2l-6jblosoKwzANmg
k3lpy4,UC2_VURH6fFXqtCEQZVHgPXQ
Zalwa kids studio,UC2aaEp03Ae4xjH5TxbQcTkw
XENO: BIZARRE ANIMATIONS,UC2bSzvy_PM11dZ0eJPlPfhQ
Thqme,UC2c9Un5h7rVpbMz5aC3J3-w
ùôº@ùöç3ùöõ0! ùöÖ!ùö£ùöå@!ùöó0! ‚òÖ,UC2cKSysx1HypmE87KmP-Tuw
Alumio,UC2cUbEBHaGXtBR7W45uNFZg
‚Ä¢ Bruh :v ‚Ä¢,UC2cbOrjKGx8XAl6s_41q1jg
Uzumaki Film,UC2dLGdL05GTMbamPe_-FAhA
Life With Lincoln,UC2e677g2VyJQzOTIsLGdGbQ
Blueriq,UC2eqcFnTAtF7x45MAMReRGw
Ice blue17,UC2hA-hmou8XLB1tv_6goKKQ
Haminations,UC2hm5rD_IrfYRMfq5YQudgA
‚Äì ‚Äú Myxerva`Reacha ‚Äπùüπ,UC2iINErEhwSm7r-ek0IdHPw
Brewok,UC2jkBX2Tu6vyLsXhh9aQbVg
Bedil Casting,UC2krqr4G6X3iiDVvorWw7Cg
Joe Vite,UC2ksCKw_b29MUgvUaBf9tng
‚Ä¢‚Äø‚Ä¢Leichi_Sama^_^,UC2lbJ3S7UJEuFyRuxaEBcyw
DayDxeam:),UC2m_qyqo5nANY0hEPPpaJbw
Ginggaming,UC2okwxrWJAg_8euam0S9Lbg
RADIO MALAM ID,UC2p5kDeVegBiF6KF4qKFXDw
Asheley baca,UC2rEfJDswnrnL0-mmiDVtnw
Mobilidade Game,UC2rr9kCLlqCjC93U2u4HoYg
Misuaa,UC2sQbaDeLho_OAcslHY_XzQ
Cyall,UC2t5FauQxMJdQpvOl3QMSuw
Dikira Lucu,UC2uW9g5By9zv6A7NOiQVjoA
Kostamoinen,UC2uwKk98o5PMRQvQyiGTOog
CodyTC,UC2vMcREUqxGHRXO3h6dhn1A
SuperFreddy64,UC2x0Ubk4ZBSxFvXPHD_je4A
MoenD,UC2xGZztr4EMUTR48ylLmFfw
margo,UC2z-HO94iFcDlCRuZa3GMaw
Chewkz,UC2z8HLrUbudYX_fTyLzpptw
YESOAHAMASIAHCHANEL,UC2zJX8qNi3I_KlXzyfd7YIg
Casper Capital,UC2zVhoKml5z9cGsiptWxCgA
Blockchain-Web3 Builders,UC2zmgq1-d1dl-ykhCMlMNHA
Cl0verr_,UC3-KNTdLtmQVq5u4pAgRFnw
enkoxz,UC3-ogWNPTcChURlxgi2Ik0Q
Zoe,UC30a63QYaoPzEPSB8shUpoQ
iamLucid,UC31GyoVAjRLLK9Nh4298PzA
Leinnn,UC32SZAdYdT_XopcujQlQNug
Real Roman Vice,UC34RB3Ym_yJou5tzF5ENR5g
"~Lynn_offc""",UC360t0BO53q6SboJC7O_xjQ
Y3LLOW,UC36F-l9pUINFbdVRuz9yu5w
Evomove,UC37EgaUfgzJqILVh2kG2DVQ
JzBoy,UC37JdJiD6GykkB2HtNLIsRg
ASTRO TOILET COMANDANTE 23 ,UC38QKS0NJbSrdHUFA-FiIxQ
coralkelp,UC39DQgRP8jx1QLHO2Yg41YQ
CanyonTopia üåô,UC39Sos7rff4aasAHOSf22Og
axol,UC39XuoRWNr_clzreEgvjU-Q
Merrick Hanna,UC39he8ro-KtBHkq0NXOFyQw
Leezion,UC3AB5oOjT9IVaF7SNJcejtw
‚Ä¢ Yuki-kun ‚Ä¢,UC3Audt1UeQtYLgjk0zlIW9w
HELLMasteRHEYTTUBER,UC3BDSJ62jctJ2b5771gLl8w
c h a r _ i s l o s t,UC3CWqfBYUh_H8l7pwyiGiNg
 ö‚ô°…û‚Ä¢KITT‚Ä¢ ö‚ô°…û,UC3D6CGgWss5hrbd09fHmrHg
The ú·¥á ú·¥áHACKS,UC3DPELUHQR47aV9EKRaMJlQ
Hyperlight 10,UC3Dtfd6hZtGCEJgzuCtbRJw
Sh√©ri.,UC3ELehEBe7AdlEFiFK1wCSg
LordPv,UC3F-m65WpcsAgLuv_7egw6Q
Kisiseku Studio,UC3FSb5RbgqDd3ZBzyMLuKfw
Sarryu,UC3GLw74YLwXW1C-iiw5sajQ
YourFavoriteCowpoke,UC3GN31oi8hfdhWUx5k7X0lQ
YUSUF 1077,UC3GYDIrWYoLV3WKlwclPWNw
Petisco Clips,UC3Hv7HZE8mMFd_-6ih91F-Q
‚Ä¢Realiby‚Ä¢,UC3IZlz-My19UD9Kcv4iCDbw
Lord Endo,UC3IdTW-A3djepW3tRE0A0nA
SeanDoesMagic,UC3IjgjgWtpLTCrR0shGXKVg
[‚Ä¢lucky bearüçÄ‚Ä¢],UC3IkInA2iLlUgrklnb4T7vA
MiawAug,UC3J4Q1grz46bdJ7NJLd4DGw
A. A and Mikey ,UC3JcE4RNcYVZP5b41twlf9w
√ülue √Öngel,UC3Ji3F1gfi95e3Q6rjbZiTA
Knox,UC3KO9b0diRGn7C1uDs7s0fA
tlo_oly,UC3KpOXsDSoxK7mPr6RcSbPw
ItzMae„ÉÑ,UC3LcXT0PWWOg8BJ4-dJetZA
¬∞_Astri_¬∞,UC3MDAa-zrEYygC48eCmy6mw
Spice King,UC3P8f5TZu7yjvXcEcD7PHrw
ItssIMANNN,UC3RdqvbXG6rFXWewmD1ZF0Q
AommyBlack,UC3SJ9Lw_bfDXQd_djCI1ugQ
Dimol Official,UC3V9SXpswtW4M0aZo8NT3Xg
CLASH with OWL | Clash Royale,UC3VP4IO-XInpcfAfxp_mdSA
Hikaru-Edits,UC3WUu9Ek0CascAF4stJeCSQ
·•¨CBL‚Äã·≠Ñ,UC3Ynh-mqTONoB2Ib6iIOVZQ
Squidii :],UC3_paLIN9sKe1DzHW_KzGxQ
paneran z,UC3_wwyLBFlb95mX6ibgb_bQ
PEGAWAI JALANAN,UC3a-d0Kd2d0HjaQT-yfpSlg
Matt,UC3a3Vlg4nWB5Lm9fRYigOUQ
Paxdora,UC3aLZZuVV4yY4P4YBvrfUwQ
Kquier,UC3amFEkx5O8OsMpYAYVdUTQ
VeloOxyde,UC3b_D-l5-o3_3aFg4YA8uEA
RTH CH,UC3c-5A14bSP94ahaYRiMccg
Shonify,UC3c-zxLQMTjYSHsuLtbIeUw
NuMonster ID,UC3c1eV_el_cgrMiettdohhg
FarhanGamers09,UC3cCsG2Gdqu3pG33U1s5mxQ
larxy,UC3f5fnSKQWyk6LCBqe3Z0Yg
„ÄåÀñùôºiùöóùöâùö¢Àñ„Äç,UC3ggrvvWKuZLUZgEhy4LvqA
itz._.bxnbxn,UC3hItCft023dLZz5JIcKv2w
SlipperyT,UC3hxaxOapp8QWCYFnO2j7-w
darkviktory,UC3iF5mmDlaA7kq9zGgLAyUA
The Mannii Show,UC3iwxKMRg5l2aDG_8XK2nSQ
yugi chan~,UC3jH7Q0BhcHgaDDsOMBTgAQ
qwerty,UC3jLWj2cLyH9uRQ9HAnVgNw
no one....,UC3kRf94GWTm8Y2-7W0mv9pg
Meme Zee,UC3mB75p33VLYk3nv2SOVrmw
Warren‚Äôs POVs,UC3ng1OT4yADdzTkb-N2oKng
Efe Yiƒüit,UC3oHm16vZc1tfHji7mCbaWw
Jaze Cinema,UC3oPy4QGH5q9txrra13FjgQ
Innocent Xeero ,UC3ox6ZIqM6RONszMdgUUyQw
Ewing HD,UC3p_eXknBdGus6jbajYMqVw
Hikaye legon,UC3tV51HBVIDYZNCJF6ccCaA
Makai Maverick ,UC3vCTXw7I2NchunRGpFH5wA
Knarfy,UC3wXNek0WLlrsirz2oz-UEQ
Lexus,UC3wh6kJnaNkWaR3r63EvL4w
Skip the Tutorial,UC3xZYc4SZUGfRERIvDRGqDQ
InvisibleStarz,UC3y3EyxxpkHG_P1swnfbzUg
Pika No Farah,UC3z38GuExqrYJ1QSgjmyi2Q
JONI WASABI,UC4-5a3QBCP1krCZxxVsPRNg
MrBeast 2,UC4-79UOlP48-QNGgCko5p2g
Donut House,UC40wRy3UrOZgCBpiqGY_j7w
Alphanso,UC417kKiearSYRZu190k7SUA
Chili Pepper Cooks,UC41_biHIgtw2A1ayCRM6fyQ
Mamor Manhwa,UC41tjExw5Bc2O57repf4c0w
Bader Al Safar,UC42AMmteep9j7RAR2FuV4bw
UDKme :D,UC43RXU-CbLRzGhthvu6EAQg
NepMod,UC44uZ8rXrchR5_3z0QmAbfA
‚òÖ Œπ ã·Éß ‚òÜ,UC45a_u0Htn5KxnjAECA3mXA
Sophist,UC46Pjj76Up5qJVlKK1HL0zg
SleepyLeo,UC46tWxQ2OA2yVUyMW4IJetQ
Ero‚ô°,UC47iBkqErXCHVOrg-EVnGLw
Eva unnie ,UC47sPPGuFvMNl6719ZJN86g
kageyama's milk straw,UC49ckIMbavjp0oAQxSjV39Q
The N-Gage,UC4AlxXDCppxJljPrbAfkwxA
Brinkz,UC4Anp9y2TU-d5blFUf7wCqw
ElestialHD,UC4AwCWdalD3fuePtoZj3Wew
Football>life,UC4Awh0mBqCgq5Z7kq_kqHvQ
weka,UC4CRNE0Ak3SeXAB6jI-QSdA
Aldrahill,UC4CmJdaG6Vq5IFe_RUPsiPw
FREAKBAiT,UC4CoHBR01SHu6fMy2EaeWcg
JOMBOSPICE,UC4DD407XYCki7039ZcKLw6w
Albert,UC4DPbPyLl6M6E9P47E3_IuA
Moui,UC4ECsXOHNG4FCWjmr4Z_XfQ
Dragon Edits,UC4EirTcst43suXZgz3vXQBw
‚Ä¢ Skye ‚Ä¢,UC4GPhveZTjrUMvppJ9Fh3fA
S4N CRAFT,UC4H0nXWysfd0ZaEbXwLnVDA
IcySha,UC4IXhiDUQ898aMcBVzBZ1RA
‚Ä¢‚±Æ√¨”Ä”Ä√¨“Ω‘±√ß’∞√¨ çƒÖ“ü√¨‚Ä¢ ü´∂üíó,UC4IcMDV6aZ8UbsoN3F_IvkA
L0v3,UC4IrFaJB4jEY3BWgcqqwNpw
~…≥ŒπŒ± Is Here-!~,UC4K0T_x2gQigphW9CG7Pbxw
BeastyMan,UC4KNaxI_BPZM0exdYHnrY7Q
AmiPlayzD,UC4LuqS3wZV-th2v1Jrqdhug
·¥Ä ü·¥áss…™·¥Ä,UC4LzoooXDHYU5Ocbe2WOV2A
Croak Film,UC4MbrPTMp8js2YQepmd7b6Q
ItsNotMika,UC4N4JdEH-e7FKgwnejFjxdQ
Robs Manhwa,UC4N7-BWVR_0pGFCcHm3g7Eg
Yuichi,UC4Ol-GDFKRIc-n9jVCSIWUg
Esat Sa√ßlƒ±,UC4OoIUKW6VKHEHVnD7ZY-nQ
pipocaVFX,UC4PCRlU0_0vk87lAzVX-H8w
Night Phoenix,UC4PlGfQaDloigEOpmWaEVug
Gacha~RosieChan,UC4QjzzUFIjUeU6jDQfVHuKg
Mirysita Bloxüíô,UC4RLp3isuuaBtnmlf6OJ32A
CaMHeaD,UC4SK4c9aRSxHSJPgu-c2PKA
Brant Acklin,UC4SfJzncLFGJnaXP2h-5Cmg
Derpster,UC4Tp_kFTmi45Mafp8Ji0HeQ
TrixyBlox,UC4UNqGYuB2q49GzGD_CBIVQ
√óùôÄùô≠ùôöùô°ùôÆùô£ ùôáùô§ùô°ùôÆ !,UC4USCpVX6LzwEADEqF61F3w
Aki0_dem0n üß°üíö,UC4VEHEsY6IGKZhSdl0D8R7w
painfulset,UC4VGTEefYBslfKAGfJ_NA1Q
Max Purple,UC4VQp09N1txGgy4LYHy_Ayw
Gumilang Jati,UC4WC1i2QhN6UP-et5WtMzKQ
WahyuHt2002,UC4_h7_m9cAa8XjMUpuj6JxQ
GaroShadowscale Furry,UC4_zKNqS11a2ap6sGq16dpQ
StarGod,UC4a9alouZ-fUq-Rv6gngAWQ
*MAXYU*,UC4aNu_2wzLwZqvCLQbNbi0g
ALAN 5751,UC4bY8VfE_aLXKN8VUPYVu8Q
Opera_cb,UC4bqMpF49ebuiF4TbJvFmyw
üéß ‚ÄîMhxtthxs ÊÑõ ‚Ä¢,UC4byaqKwnX_H7D4WzlwL9-Q
Bapak Bule,UC4c_ykkx-QUf_tBw8mqVhbA
@ALI_EditsüáÆüá©,UC4d6SVWvDsaLy_SVsNhag_w
Zh‚àÜnR_,UC4dDzSBIqzx7CWUwJ-z1Enw
Danang Giri Sadewa,UC4eKESMUTUllLZYcMtQ61tA
Andy Lukito,UC4f40QAzkqStDAx6zcZcj4A
ùòõùòêùòïùòê_ùòíùòêùòõ,UC4fAhmRUQu3KECf92pM8eNA
Frost Diamond,UC4hGmH5sABOA70D4fGb8qNQ
Clara & Javi,UC4i-tqL15w9lNgtTxbYmLyQ
Andru,UC4i8nreSQAnFG16ODwuxUwg
KingScienceShorts,UC4jBoEBDEhWuDIYBAOaZ-9Q
Killer Bushnell,UC4jIQYPkFUrHvBI1xM_O77A
okkyjem,UC4kX-3qbf9bru_PSmxBF_xg
Reiishima ·Æõ·Æ®·ÆÑ·ÆÑ,UC4lNhx5-iLDWUBvUEbMdYGg
MACK,UC4mKEJ2S9QxGdxUtwwiBRJQ
That One Plane & Train Dude,UC4mKdwQVMLLXI5I9XIvoEaQ
Kloits,UC4mzHY-uicnFkiNznP-R4Fw
DashPum4,UC4n18-2VOfPDIHB5BUTOtng
Vania Delicia,UC4nBH7jDqia8A9V6OmkZM5g
MemeMania,UC4o9EJt6MtwGWiXBHbQCeRQ
Epun,UC4przH8gWbEkaJASuA7s22g
Ransack's Decepticon Archive,UC4ptR2uIq57B1TB7pyq_lTw
Speed McQueen 2,UC4sKyXS2iwJGWlvGKdDCLbQ
Bitt3rSteel,UC4tWW-toq9KKo-HL3S8D23A
Qofed player,UC4tZ1QMMlhP0RKSa7Ye573A
AGUSSY,UC4tsqkMBHt5Mf4k1AK2in9g
ZAA REVIEW,UC4tv-qGFD0b8a4Ap3wYmNUw
Moneytips,UC4ukq--KwuB31q3VyNs_BdA
Amankan khan,UC4vpx9ucVq_hc3CqyLfAEXg
Shepherd,UC4vxkK6_Sen4mDfuoYfevow
Wack.,UC4xcPw_ni26C8lmGC25oWew
Shya1,UC5-fS8CibTrgqacZX5U_dNQ
BeaconCream,UC50LmJxoKQGpeA2e-0JCY7g
OfficialDivine,UC50b74QQFPVwjxQ9ROAsTRQ
Yuda_Yutub,UC51CqhaaFFk3pT0dC3LbuIA
links,UC51H7JAvwK6bIfFDRocJ5fQ
SoulReaper,UC5257mDjJ1Pob9gYiux096g
√Åm√Æ_Fand√∏m,UC53u_qI3CWSrqCKi1KfE-bQ
[Sakuya-kun],UC575HiuLtEDH_l6cW9JEwnA
Da Gacha Fam,UC57pQNa2ya1zzTxtvdA7RiA
KOPLAK'S Channel,UC583-FUymFnAMXqQ9KkXKww
ÍßÅSra.ToddynhoÍßÇ,UC58IpGjr5zgFk6Hx5i5jI2Q
Cezamy,UC58mweZVEld4Q0RuwyPpl6w
Gazer,UC58xLsmNsSnexgNnkPqXJmg
Sam Cornforth,UC58znoFTA2_8qnXIkOC75JQ
Hew Moran,UC59Ied2j88dZUw7PzJa2-YA
Leon Studio Gaming,UC5AIPNhVA_lmdtG_Fwbc8Jg
PandaCotta,UC5Af32Hu1Ik4NNq4kBq3dDQ
Icicle Prince,UC5C-8yL-KuX9Lj9cHR37vFw
7-ElevenZ,UC5CMNWLupGXtuVGD00qEWPg
Mimi Mei29,UC5Cm-6dThvTT_vZ9d3BD38A
Darling.DooTwT,UC5E9CZFFL6xAQAzvRfU58wQ
ReMovie 2,UC5EXW4r-s13fkH48rEf5vRw
kiary,UC5Ft3UbEbmIwCOhzDs4TxEg
Koon Mage,UC5HjVFBFCn0srWGp-CGjPXw
Konichi Senpai,UC5HoJgvzIIKsB1avR8INq0Q
animasinopal,UC5IA7MpYcbhbA28RgyQrV0A
mell ‚òÖ,UC5IS73ANIDw96tfn1-YKbQQ
Abby,UC5JY6mp3yFxMXSdJXiPOICQ
Shiiz-,UC5OB6pQW6wsxC4Ez9qwi1pQ
Jasmin and James,UC5OVPGQqCUm0CCyVzELGITQ
Sarotsi X,UC5RLcUMn6TqvRJnhBTtzWUg
ÍßÅùïµùñùùñìùñäùñëùñéùñåùñçùñôÍßÇ,UC5RRMQXneYa4l5ZLTg9D9Ug
itsuki,UC5S3tCWdXl7GNFjM8DsDGfg
Mualaf Channel,UC5S5hIKWWModp3SF-bJuiqg
Gacha Ferri,UC5S7P6bA8refxqMTgECDTgA
Ncraft,UC5SjVjNWrmc3qE__AIAC81g
jepitot,UC5TcPK7zbTCAW3X7o9TEdhQ
Alexandru's Gaming,UC5UVKcIXBdwGAHqtIEqMmaA
Mefelz,UC5UoVh9QwnpWYykyvREFkbg
Amarynn„ÄêAKA Virtual„Äë,UC5V04t-yK32p0ljhSIUwgOg
GHN-83,UC5VzbSPYk_cePWzCd2Ra42g
The idiot squad,UC5XnT4WIoBwIwQLkxWnTZtg
‚Ä¢…™ ü ü√õ·¥ç…™x√É·¥õ·¥á·¥Ö_…™…™‚Ä¢,UC5XpM05oN-6AEk8TZupDBaQ
Tambiofficial,UC5XtQyjqsiSvc5Hhuehqc-w
primemonkey123,UC5YDz8c-uR3vCEQe61-9VXQ
Teresia,UC5_9nXrsKbz38FbUhvwGv8g
Chris Da Artist,UC5_Cbtyaox2ZPqRPwj9GUoQ
FaizAkmalR27,UC5aLeMfTXA_0uz5T8iYhRig
BbMNami,UC5cHWNBHOP-j2TY2jwmR0qQ
bestfriends4ever (QUIT),UC5cIsn9dRzQZCr04LQVtD3A
Galaxy Comis Chronicle,UC5dhJsoabRUGqH3NQZF8PcQ
Anak Baba,UC5dn7LhlusyGKbucsqexx6Q
Neytirix,UC5e3Q5ydbj30UQufBZm5wHA
dsand,UC5f7SMkMhIwMBAujIdt79zg
Taki,UC5gAd5yZL5aSADKycGTTyVA
Gerand ‚Ä¢ Shorts,UC5gHEJ9_WX3sThNuluWmqaA
–æ–±–∫—É—Ä–µ–Ω–Ω—ã–π –∏–¥–∏–æ—Ç ,UC5gVOHXaxjOfYi9KY8OYhGw
 ‚ãÜ ùêæùëñùëéùëüùëé ùêµùë¢ùëõùëå ,UC5iYGfdN-7JzuEKzttUcPFQ
B√ªmb≈Çƒì B√©ƒô,UC5i_2vN378pxZJEOUgYIXtg
Forgotten,UC5j9fC3d_q55dCP4KhDzCaA
George Lopez,UC5kUaUbWirobgMWH2HCZWuQ
¬∞Deep_Ocean¬∞,UC5o3p0Eraugb_PifZEUZkrA
Madison Gabrielle,UC5o5AceHbM7OQM1Wr74DLLA
Renren,UC5ot7F62EURweGPwD3EahHw
TommyInnit,UC5p_l5ZeB_wGjO_yDXwiqvw
zahra cream„ÉÑ,UC5pc1Ax0pkQZC1NmcJ2YxWQ
SI CELANA KOTAK,UC5qMDrF9NOVpfqHH18p3ZkA
HaikoEmlyn,UC5qOzUET0b9ynTWVbONERRw
ÀóÀèÀã„Éª¬øMARUZALYN?„ÉªÀéÀäÀó,UC5r8s5hYUfEQqwAh8xoaYhw
DougDougDoug,UC5sc1ysFs7RfjjEFMuQ3ZQw
MrafliM,UC5tfc8_d64key4qYn3hxfxQ
Paternity Court,UC5w5rFxcZ4UL_IJSOFWo9OQ
azure,UC5xmuHCiRnG7usMts3lITAA
ùì¢ùìæùì∞ùì™ùìªùì¨ùìæùì´ùìÆ ‚ô°,UC5y2nxs0qT_h0GHR_JeZaYQ
‚Ä¢BumbleBee‚Ä¢,UC5yG-jmqRy89RbCGrvlWZ9g
Chalexa_15,UC5yU_oWfMQWp4dv83yku4WQ
ÍßÅùô∞ùöïùöéÍßÇ„Ç∑Ô∏é,UC6-OOWHbKuWqV2_gTjsgOag
Akemi Ch. Áå´Áî∫„Ç¢„Ç±„Éü„ÄêAKA Virtual„Äë,UC61iJVuFVS4YsnPkZe5EmXg
Lapiz,UC64-5gHYkWCB8YYENBGBR7Q
PicuClaze,UC64orItPX-1ga5bSOTgsTag
The Silent Gamer,UC65YFdyEeTrEV5jc8RJEL0w
‚Ä¢Nain‚Ä¢,UC65z8pcUpF8pQB7wFjne4SQ
WarBlox,UC66-3H68_FuwcASlGXhPtpA
Shooteo,UC673AU-wNWnLmncfGWBMrKw
Ryan HD,UC68zG933W7D9V9H9TLXBPZQ
‡πë…¥·¥Ä·¥á ü…™- ·¥ã·¥ú…¥ ‡πë,UC69UP6R9Ey3PX_Ydb5cc0Rg
Black Shadow,UC6BaMfZ3pESjbUqKbTFoIgQ
ùïä‚Ñï_„Ç±„ÉÉ„É£,UC6EdFx5sgx5qXO4l22sJbOw
Nerd Chan,UC6EwopFEIer8mq9uLPlNsaQ
Monkey Manhwa Recap,UC6FApW7Dls-T3NfAqQot9kQ
Natalie Carey,UC6FO3pQnyyt6soPkCnDppCw
John 's Manhwa,UC6Fj81aY7z0X8GUF_agdVNw
Timur Cartoon,UC6FrZMzj990PgE2ARP-qR6A
The Faithfull Life,UC6FtRKOUMFcwB2NX60jWghQ
·¥Ä…¥…¥·¥Ä·¥ã·¥°·¥Ä…™…™,UC6G2lGYM9zU8XivCGMagasg
ShapeVerse ,UC6GZbO30_qSWQR1f-yF0S7Q
Dimension Director,UC6HrDUkhRfPIkpdvfv1wBkA
Palito,UC6Ib6lJwjfHT1hIoIwrHeRA
‚Ä¢-Itz _Devilx-‚Ä¢,UC6J5Op3n9y6Ko1I84Wj0a1A
Elena Here!,UC6Kqx5wk9snp9JdLX4hz4Aw
Conkerkid11,UC6LHMHmhTu_J98oGQkdmDcA
‚Ä¢ neko-sama ‚Ä¢,UC6LOrhwugzmuplVmOm-cKtg
U.S.A Music | Pianissimo & Fiero,UC6LpGqeReqjURG5zDCxih5Q
I Am ‚ÄúTHE WARNER‚Äù,UC6Ltxzr6oRbZ9uBQYY3OXrg
Histography,UC6LyRXD915GDOFM_5unRfxg
412live,UC6M42DYKiviM_rSM_QDqlWw
Pesulap Merah,UC6MPC52WuxbE2n7QQ23qvjw
Pokyedits,UC6Mv-d-HSzrqPnIOOB2ss7g
Lictum,UC6N2JOJsMZBHirE4qQv1rkg
Medy Renaldy Shorts,UC6N8-HIEvJtXP6ASqdH13Ag
GreenMc,UC6NEsC7fXzWshU1VOr5XASw
HAMBA PEKOK,UC6NJM2yqZ3yY-0kOP-tHN3Q
briman2000,UC6NoEi4e96zIDXGWNZPdISg
Live Draw Mang Cuplis,UC6P2lYluZCyy4detwnS-sEw
Kevindikmanto2,UC6PNhTGGMHy4Kt5Qq3ARgrQ
Shark movie,UC6Q03GO_sg_N1Joxgtas2tQ
ISSEI / „ÅÑ„Å£„Åõ„ÅÑ,UC6QZ_ss3i_8qLV_RczPZBkw
Escoffier & venti wanter,UC6R8plj3HKAHZp5lzpzTiJw
Tobs Manhwa,UC6RUVkRxvDGAswPx4fIBh-g
Site-42,UC6RiHFLxsdcUWQZsfDi1oOg
Saitama,UC6UGwDmVKnZjCUPs3byD6cg
NichLmao,UC6VAIqNQBc7ggiqvsOHOBqw
SchoolCity BG,UC6VGf8bGbHL3K2cmEgSu9jg
√ônst√§blƒì Gl√Æt√ßh,UC6Va4QFdkBKOfFy3EiQvw-A
Cringe Reacts,UC6X3d2I94t2OeKRiNJZmjGQ
‚Ä¢ùêøùëíùëí,UC6XECKiTR8OaW69qw99R4eg
MineVersus ,UC6XYmT90Wveazdpk5JqY0TQ
Megane Sensei,UC6Yoq_MyO8-nkrvCj7USqzw
Clarissa Christiyan,UC6_DAF2NUWLG8SCjbissOtA
Ayanokoji'sWorld,UC6_gzUrs1USGic5PMI2n7SA
Daniel el verde pro üíö,UC6ePQEVZ1A3PGFcYayugLnQ
T√ºrkNoob! #SAVEORHAN #SAVEDILAN,UC6eo-HxKA4qlWEgVcZqiFvg
‚òÜTalainii,UC6gZCWcMlLYgjxUcaWsM_sQ
Meltberry,UC6gpQA5IEKMx82AFcmMi36Q
BChungus,UC6hTmuCnroRL_DTbKKUlYeg
Peach Raccoon,UC6hXaL0UwqAQVF3aY3PEZ1A
Ashton,UC6i9tJNzyu7-uChv-nciF8w
ùîó0ùîµùî¶ùî†_‚Ñåùî¶ùî™ùîû,UC6iULfg7zX2SXy_7x56gNfA
Pintu Teater Tiga,UC6iXynxDzzEm-HRiN87-xZA
archxng3l_,UC6iqIgTV553vnYs1_-ltMeg
Rukavov,UC6jQPnAI4Y3bAUURzlxpr0g
Brandon Conner,UC6mboRNUSgSjumTsQoRwsVQ
FreeQuranEducationIndonesia,UC6oKCWoU1h-cosifExjMorA
SMPN 1 Pagu Kab. Kediri,UC6pQObVly012g5lUVD4wHdA
OMDG ùÑû ,UC6rWKDVCtVAsIqSI7QCISvg
RagePlaysGames,UC6rh8LB2fg1BB2qq6u5Zm6Q
midnight the Fox Nalu fan,UC6rhBfprCFj66Tqyo-6vjXA
Yuuhynüåë,UC6sgp85s64goqpPlrMY_hQg
Bruv Shorts,UC6tR8wF79u5Ds4nj7-36QqA
Keylock_‚≠ê,UC6ueh8H_k6Izb1r4ujObTFg
Johannes622 Sangalang,UC6up1D97vKx5PMHcKOxDQTA
‚òÜ_Nwoot_‚òÜ,UC6ux5vKP8d5Va58K0PF-dAw
Tidak Gelap,UC6w76CliV0hkBsqhhoYYB5Q
PlayWithRega,UC6xj7olbgyKuZ0hFSaG1WPA
Its_CxldKid,UC6ytw5o2MM0m-46lpVajjkw
Laura Rabbit,UC7-LDnavo4sCKsaM8zfvReQ
Alsa Honggo,UC7-itzafhGfHdhO1CtgVgVQ
Koguma Keiya „Äò Yume Reality „Äô,UC7-rH4CNst59je-r0D7ZWpg
deHakims channel,UC7-sh4gtS5oJkwqOyt8s3CQ
Preston,UC70Dib4MvFfT1tU6MqeyHpQ
Blueislife‚ô°‚ô°,UC70RbSonqiUSQcUoGQZ7hAg
Eri-Chan,UC71JG1OMb4_oP6id_g-KYKQ
SPOONZY ,UC729rbIeFYiGLYj_gcEVIqw
ibxygy,UC72FLi_wtJJYDguh7M7FHOw
mishka,UC73jaeHIE9rxh2nXI_PZ1Dg
SolarPhoenix,UC75IbocqqQ37ZRs8SRiOIfw
HamoodeG,UC77Fy5PwlSnon_NNoCYSQEg
Clash of Clans Indonesia,UC77IKln3aB-2JNdHkrhUd8g
r4w4n,UC77MhlgeFgUlRctC0u9ZQ2w
Christopher Escalante,UC77qRaPwzOTuvvj0eU3dcPg
Jaden Williams,UC78mJyZPMa_OG08KLHjhODw
Haris art 8 short,UC7A8Ahmqtjv8mAkScTzUzeg
Dnorm,UC7Bdj9qiTt34nbaDjDZ30Tw
Hoopfinesse,UC7CN9NnWOUdgQDqGWLJTlZA
MentalŒ©Speeder,UC7EYkEWwbL_uxVEB3lqDGUw
mxrtinx,UC7GainYqJ8B5ZoQK76CgFNA
Arvan'S,UC7GgXAVbG2nsG7S_u5seXUQ
‚òÅÔ∏éÔ∏éHANA_CH‚µäB‚µä„Ç∑,UC7HTaq-TONrgzm-bMyu9ykg
REN OFFICIAL,UC7IG6GdA_j0uhCn8flpvCtw
Blucubed,UC7IhM3-G1k1ve59wK2dQPBw
Avi Dixit,UC7J2wk4tQVkhhp-IADNdcJw
Kawaii UwU,UC7JqVE4bPsOFNToWzLftsqQ
History on Maps,UC7JrMLRDJLUh5BPBYykMcrQ
¬∞Itz Kunz gacha¬∞,UC7KM7ZK6WSsyznKxqjsBB4g
·üπ ‚äπ¬†Íûå Lindo Íûå ‡´Æ(Àä ·µî Àã)·Éê,UC7L2gHRZQuTTmhqPjxgIaFw
Rikoanggah,UC7L76YEqriOJsk269RYNt8A
Pencari Kebenaran,UC7OqJaemgkJuxX_ZcXHPG7Q
‚Ä¢UmmxirxhÔæâÔæâ‚Ä¢,UC7PwDXc4J9F1QwlRTndkC_g
Mykoreandic,UC7QpulteHAxk4S1AASzCjvw
4D STUDIO,UC7RI2aSETPjluevuL7lUiGw
TheHolyPeanut,UC7RcQvNpqdKfT3-gW30Rp4g
courtshorts,UC7Rl-9WkZ2yMIQJzGXmh9TA
Da Mohngas boi :3,UC7Si1dp9SFhZGnU4UGaTZ9A
Ruined Mapping,UC7SnWcrF5JYbCpVrdbDF9OA
No TikTok No Life,UC7Ue_Eh4IkuMxRN2WMCxgtA
NightD,UC7VT_xaWVmq0JvsTvCFACIg
Devonte The One,UC7W6soTa6GsUB6O9IyqZmKQ
Ahmad Fauzan,UC7XoJA-Wzo_2QRPv715pWiQ
Minecraft_StoryMode_0722,UC7ZwEUy4rWn3OFXh5KPcHkA
ùêçùêàùêìùêÑùêôùêó,UC7_Srygozd66rIiwuqY5oUg
Markiplier,UC7_YxT-KID8kRbqZo7MyscQ
s…™ ü·¥†·¥á Ä,UC7aQoCTFI6KV4W91Z6zxnBQ
Adi Candra,UC7bNk_FmUb_lPfxhnCAIInA
steak,UC7c8wbA9yQjzxkj2uyrHrkg
„ÄéFaMoDaughter„Äè,UC7gT6_mMNa5ouPecvxAk10Q
Zero Hope Core,UC7hALfj5HGZNHr0yvB0b3Ug
Dydder Floutin,UC7hiFvCZVvVnt_wYte_0WNA
‚Ä¢{ Mezu }‚Ä¢,UC7iVnefrXQp_R6GLvsR0-Ww
Exotic Error -U-,UC7kENIsqRikmdeG74_ccXqg
Fan Gacha React,UC7mveqoORdr6A84Nl2sdskQ
Boiwifey ASMR üîû,UC7ptFYPG_0AGioGTxoeI_jA
Pushpek Sidhu,UC7qUbTJ26pWtqpIMqPpMX2w
„Äå mioona „Äç,UC7rklIznCkUohQTfBIA8L9w
HR Gram Studio,UC7srZma-PMMCelRGyFpRSpw
‚Ä¢ Dark Gacha Spring ‚Ä¢,UC7tIzxVpXMyVI8DbvZkIuDA
Vanic,UC7tnCFPF6lM-BVSkBmSg02Q
Íï§ Eirlys and Kisha Íï§,UC7vDj-WBpK_0tFBPG6Fnrag
D0mmyss,UC7vlFiNzMAw7RRPRp8w2Nrw
Coolkat1102,UC7wS0lYS_WRtgNcoKyaawAQ
Clashed PR,UC7wvDM9avjylOCiZ7--b60Q
Science Fiction Station,UC7xPT515jS5MWDe7EfOvfcw
Manga vs Anime,UC7xjMabw2UGbVb76NioMEUA
biji_onta,UC7xnmRf0Qyzv1tqyOBo1ERg
Raquel_Afton woman,UC7xsF2DVY-ExWrZe-Pi10mg
HumanBuddy Indonesia,UC7zDTP9n8B80xX7J9VTwANw
GRASS INDONESIA,UC7zKYhRw6MICrK2k1IztLxg
Mx_your_name,UC8-Wb8xqDx36oSrXNNN2lxg
Suryadharma Dewantara,UC8-Wf_HUKccdarAjzZ-IahA
SimplyTasha,UC8-qVif2ALGPs3C1yem7XLg
FACE TAC,UC8-zNngfThyk68RPuwqDcJw
Zilla gacha,UC815vf3XCN9d29KCq3LdUMA
Blob √í3√ì,UC81bn9loK1x6eE0frZopf8A
boburnham,UC81hVmI5eEBIt3s3HQpJd_w
vwampii,UC81jFadZHxG2bRi-g1FDRig
JHK Daily,UC85DKp9OhjllgrDbNH45z6A
Elite TV Man,UC85fG9IVTf7LTu6G5sqiKow
No Time,UC89LdDnbGipnpVLOy_9XkpQ
BrightKillerX3_Prztx,UC89jECWrHFzSUC_VTzDZWTg
üïä Aubreigh Wyatt üïä,UC8BfUCFVFUXCzXeBTuDRDeg
IMMACULATE ,UC8Bvs2nY5r1mnKkKgxqpF6w
MORTEIRO,UC8CMzdzbmrwx2VLK-onrWqA
Lovya AyL,UC8DTlRp6DZ1AGJUxsgPfwog
‚Ä¢InkyR√∏smary‚Ä¢ [On hiatus],UC8DdbiSxxOb2XRoGWdy5hTA
pregnant little nightmares 2&1,UC8DhIMWP6alnsyjKH4_lgFw
Swosky,UC8FafTmZ15vnz1AkFg63BYQ
‡ºª‚Ä¢¬∞Kazuujin-san¬∞‚Ä¢‡º∫,UC8H5UR587AYz_pah40tqGOA
Anuj_OP,UC8HCJ1leBj6aw6RaaDdrAOw
Beacon Cream,UC8KtoFwI8A3O7LQ79bIMz4Q
~Fra_channek~,UC8LS8u1zv62QfXn74csGoWw
SMG4,UC8LcA3grYZg0GNpxlXh8owg
[‚Ä¢Hikaru x kun‚Ä¢],UC8LgQUPxGbEjyeC1mFZwTZw
Itz Michel,UC8Megolpetm4nEXqBSlBsYA
Jessi & Alessio,UC8OqJ6qmoxMtia0DBHYCH2g
‚óüdol1i_.korgenau‚óù,UC8Vc_fZdS6pgad2QNtJGGyA
Liam_VA,UC8Xx_T_FaZo3LT6WZCD2iyg
Aroya angsty,UC8ZAXoWegfvLxzj3AH6IEeQ
SpudBros,UC8_XVLTYEig0UNxuxIirRgQ
Narusasu99 uchimaki,UC8_snJiRvxPRqi7jpsjb7Bw
The Jooomers,UC8aFSTbi7yYWFhcNKuey5kg
‚ô°–ú—É—Ä–∫–∞‚ô°,UC8aViQ8Jsn3ZYvSv9umi5-g
Zachobuilds,UC8b-bA_uLbZHRretA5FK_JQ
Wis Mesu,UC8dGfGkco9T7JGFxtI2LEjg
Matt & Justus,UC8dVW9u_aNeGVl1WQnNh6yg
Rudolf,UC8fdUrze-2eCw3b675s_uuA
Chum Kevin,UC8gjizFBTTmDXbIfxpSTxmw
Basically Rein,UC8hLL0-h9WKDTSE112vBZ2g
ùôÜùôêùôèùôÉùôÄùôâùòº ü™Ñüé∂,UC8iLD7AubXDwB9Bmvzr-5mg
etan,UC8iLSNdfohso2P8zpYO8cXQ
ùì•ùì™ùìÆùìµùîÇùì™,UC8ic2wrhWn4FLxZJ-DvhIHQ
Chlolicous,UC8kYMEeG3Vs-6CLko8OcbWQ
Floom,UC8lyqfw_fY_fsvAWQnOP2tw
DeerFromOhio,UC8mvx3AOZwAnw2sF3YTe4NA
KUSRIYANI,UC8nJznGYarduLnSPjh-f6NA
Reyna24,UC8pHItBYjLIw9zx74cFcG3g
3velyn's_Remnant,UC8q3VldW8OH_5cmPhdVpflA
Mohd Amin,UC8q8YAwOQW8CjpPKxOHNlYA
LORD RANGGA CHANNEL,UC8qBth3zj8qvU5fYfsyAR0Q
Hanae .„ÄêEstate„Äë,UC8rAslbAGlJOrQg7DHep9rg
üåπ‚Ä¢Pxinca‚Ä¢üåπ,UC8vSPsD5cZLnRETidzIar9A
Droopl,UC8vqPmAnT5-JzMfGj14L-ug
[Linda_ studio],UC8wJ3MI2vuVM3XgMBdA99Gg
Rabbit Manhwa Recap,UC8wdnRG3cDkT2MtWulqAeVw
Genta Soul,UC8wj0m3g_D6KhXB_toB28-g
 ú·¥ã·¥ú…¢·¥ú·¥ç·¥Ä …¥·¥è è !,UC8x1ll5K3HdaA0YBSSWtCVQ
Marvlie_melviano.! üç´,UC8zAAEblSrxc3RpfwNxdm0w
Andre suhen,UC902RpcXmoTre5u-b4jv6DA
maya,UC90EXmoOUcAGGB5ffxqBb2g
Ali Habsyi,UC90bjmVWXhtV1KJdmp9jHlA
JCS ChanX,UC90herrGCwAI5dQWFZQwerw
MeatCanyon,UC91V6D3nkhP89wUb9f_h17g
HollowBeing,UC95Yqy6c3hZN3who-_WABrQ
`.„É£‚Ä∫jutsxIca._.Caca-!ñ§©Àñ‡£™,UC95dKcV6l7MrZilYv1dqNWw
Ramin AW,UC97JPxdNfNVPbgUvwaXQSVg
‚Ä¢Gacha Sprinkles and Wolfie‚Ä¢,UC97rhoOYih65SytQuX6OiEQ
d4vd,UC98WsFnuhfS3uT8PwdYCjbw
HaVoC Gaming,UC99fa54IUf9RVpEHaUTxQ9w
RAMS,UC9AVemV05JBOPyrUg5bABNQ
DrAmber,UC9C82hTuO2ovPIbynGXG-3w
DerbyEdits,UC9Db574LUq30G-u9KxAyJoA
Forgotten Idiot,UC9EMjTNpdaeskZtlxUTtWJA
Tay ,UC9Gfo_gAPfX2EXWI1WQdn_A
 ô·¥á·¥ÄÍú±·¥õ è  ô·¥á ü ü·¥Ä,UC9IhYWBNtmUU4SBOZjt0vmg
Kero & Harlo,UC9JzJLoJSFBiy9MJncJAMKg
IcyPot,UC9KBkvSwgINU9gTG0YARETg
Razzan Production,UC9LIH_Wd81fK88qDij8EffA
üíïbaku-sakuüíï,UC9MX1DG6o9wpAmK78wNnE_w
Hyaena,UC9NYNOaTOD_5V4G7MFqYWXg
Seanie Dew,UC9OucCej3Rx7tS3O7df4ReA
Basically Thai,UC9PivPyE4oHRhxYtsPAtOug
‚àæAngelic‚Ä¢Stars‚àæ,UC9Q3Z4kYAd-cz8CMPZEt1iw
Clueless,UC9QFsdhSRTKwPqRoUwfTs0g
DJ-Demz,UC9QHGOqwX6CO_vQzcVe3qGg
KhloeWasStolen üéä,UC9QNQEgbfe_MhLNyaQT5A_w
Jeffry Hulu,UC9T3MVD7D4plBjW1WhidCEQ
Cxxt,UC9UKobDfVPbUK0xiZtDCWcA
kingtubs,UC9Uh9-JoGEOKLSRhpoqIZ9Q
GoMarco,UC9V7LGtKn0GJdtvfAJhRGYw
DJ Precise,UC9Vkr0WmRzVGxxIakJM8kQw
Pupka,UC9VudB5Wn1QHuacdeqdXM5w
The Expert,UC9W8WSl_UpFxHr8DCgbulfQ
Gacha IS BIZ Goldie,UC9WTaQDPJZpMbAOOefRmVaQ
Kay.xoxo..,UC9Y1rRfhBk3l0vN6ADB-xdw
GEMINI HOME ENTERTAINMENT,UC9YXCCz-A28lxhMA-ArfBaA
blueberry,UC9ZwKc69pjKm8paGUiDWOpQ
DerpDurCake,UC9___LZ8KMA6WrnpeG3Kh7A
Um vTuber misterioso ,UC9aCOqooP6Nf5gracCudnQg
AIRINITA,UC9akup1J7lsynBigkanEjjQ
üôèùô∂ùö¢ùöòùöñùöéùöí ùô∑ùöíùöñùöéùöìùöíùöñùöäüìø,UC9b9tEEMR696aBnO2m9LHog
Animenation,UC9bF-BqXxZ_4B-N-URA7i3Q
Clouxdyyx ,UC9bT8vScb7kcIFew6AKGpEg
Dream Team Gaming,UC9bvUn7x3IrZ4yMANYjexUw
Simply-Yulia,UC9cgu0WEZSbJ8e2hCOcsQsg
Vincent Maledictio,UC9dJv-IoVt6tUtAbOWyfYYA
Cresendex,UC9dSTX7QKwtH7hqR4u2tyUg
Ultimate Ghostfreak Uchiha Shorts,UC9dhy_geexEbihthstWo65A
Caca„ÄÖ,UC9eTwaNKUwC8ExttkECA0CQ
Neyrolix,UC9ejV2UE9AcLQTlaZSAmD9g
‚Ä¢‚Ä≤PŒºf1y‚Ä≤‚Ä¢,UC9ekSMdW3kYOi78L1Ai5_Qw
Jinxed,UC9jzsEI8WNE2vp1SnCqxB9Q
Wild-Cat,UC9kctBr5DNciL7vjZEkTEOg
Toasty The Fox,UC9khbJUEp4wnl3G5eSqBm1w
_Monkey.D.Luffy_,UC9kn9OvZ_57oonAjYM35hnA
Pak Kumis,UC9kxwI_p_5HPQ3X6O0Vg9Ew
Dira Gaming,UC9l7TaNirsS5CaK7cgmGD1g
Islam With Idriss ,UC9l_ojUMp9FbpGtjgVwrwpA
Cringe_gacha_videos_co,UC9llsl0fqCC_Iyghag7wy7g
Fulday,UC9mWFyZ012ttTrws7LLKuMg
LAZY_CHX,UC9meMQP3tvq_8bssysiBHfQ
xX‚Ä¢SoftMocha‚Ä¢Xxüëëüéó,UC9n-RYl8lq6_4fXYW02lwIg
Topi Sihir Animation,UC9n3IgleIaFrJrp2hipGQpQ
Fivh,UC9n80k0k6cjuvlLGwnO7nlg
Gacha_ Raven,UC9ng2tWlTuYMQuJD6oEO_Iw
Whimzee,UC9nxFCZRk3hu2RNCKf3I6KA
DRHOBS,UC9oT9kTjh7_rcS0Ld9LOETw
It'sme _,UC9ogzTxta02o9WotJCDuwNQ
Sobat Moovie 2,UC9p4vmykOXePP5rtLHURCHQ
LWAN 01,UC9qJZDpeuZg16z2BqSPE0Dw
XxR√∏seNM√∏√∏nxX ,UC9qNcsKgBvCIbYxTnDSH88A
Kapal Nowtalgia,UC9qjtTNh0XaIYVxR1ozCx-w
mika.,UC9qo88rlDz7BuZxpHEMz06w
FunnyTumblrVideos,UC9rR2WiyL1Vr6C3rfZ4mRyA
BRAH,UC9sS_EDkR4y-aa93Yjc4mxw
GoldenGully,UC9t2RlHUshAARQNGe3tfk0A
Boom Toons,UC9tH2k5a4bZV07j4h9_xCEw
Dimucc,UC9tYJpGCSkzDt4HkPC4BtkA
Billy Samuel,UC9vKBg57CQ0jjZtaPsXBL6w
Cyan Ch. ÊúùÊó•Â∞èÁõê,UC9wbdkwvYVSgKtOZ3Oov98g
happydancefloor,UC9wrOn7NWgi7stAB9gC3OpQ
Gachawastaken,UC9xwsPC9oCJIlvArRIrRSog
D–∫¬∞‚Ä¢Tiro„ÉÑ,UC9y3NmP7R-tflupPBWUhovA
Ian Boggs,UC9yadlAEiyOUNa3y4dnuYFg
impxrfxion_,UC9z69cL0CCfJ5ONterA-TeQ
Hilmikuzenk Alz,UCA04NjTjz48KjlPaDapTGWA
thriller,UCA0Bv_dI_Sk5DeTRW3zzvHQ
InkyCh_,UCA0oM9SeKGmoU-2_27kVKIw
OPA - Ahmad Aufa A,UCA1rKUnrVrJ8oc0jYLkxEYQ
GeorgeNotFound,UCA2tt9GSU2sl8rAqjlLR3mQ
Tripiepel,UCA2xcVNvwL0Kbggppg4LY_Q
Kirara,UCA3pUrM8CCd8ss-5mu8eynQ
Hapico,UCA5D0APm36rLUxRDPx4FHGw
City Income,UCA5rH6eNriAVGuUEdcBKvTA
Mr. Radioactive ,UCA5wAQnw2Q3LAPkN47Fbykw
Dyn Crazy,UCA6A4XUvCoO2vbziy0Of9HA
Pisyang,UCA7qJ96O7KnLUmvc3IiKy2g
Jayxxi,UCAAGrMnDeU8-UhRquzYP7dw
Londokampung,UCADZVxC_4omYiNDLcsDoCeg
Gacha queen Sunshine bright,UCAE5OmuCRRgWSD9l2CKrxcQ
Jackie-kun,UCAEXbVD-acZ23MZZ2EvoqMA
Mak Diligent,UCAFNV-G3deNtEPUZciVJNdg
SKIMO XD,UCAFhzONPyTZCIFoSNf0WJHQ
motivation miliarder,UCAIqgut7KI-JVqrt37dgm1g
_Mr. Z_,UCAIyfVTlRVeLqq7OjasC59w
Gazzele Zer,UCAKFGcVFSxt6_19xBkqx83g
sucro„ÇÑ„ÅÇ,UCALC3zja4nI3oQLhVuCwTVw
+. VipersBite .+,UCAN6LlOYdcRtujMluaobeNA
Papa Jake,UCANBW6ACWi9huiCfbKk1pbQ
Giga Cheddar,UCAPSbji97w7sTw2aFe53LhA
Ka√∂riWasLost,UCAPdn-u71MzzT1102ODi39g
Headshot!,UCAPhpVlKpJjc3z9eqMYwliw
Fitri_star,UCAQD71gNNc00Yqxq0C_e9cA
mike,UCAQuT5lD3bM0PLegPvIwL9A
Fnaf_Edits,UCARnkljYxX0mAgNnf3wsgsg
JJ,UCASB0ALAejjYLlekR9flpUg
Tyrannical,UCASZ-KbpKEfASF_Zzgkdwgw
ÏÇ¨Í≥µÏÇ¨,UCASfMqgvKDfdTvozY0nOcvA
Inspirational ideas,UCAU7HPCak2sPpKvu1EgAoig
Shadow Roblox,UCAVSugzXl0tYsuhgxsJNzlw
Lyrical_Zx,UCAVcxyApFEejshVy_HnmtTg
XANE,UCAW7Qd-C_M7CHxfnTet8M0A
aubrey extras,UCAXEpVlStCvEQnzad-bqzoQ
MushroomBoo,UCAXKAYXBeUuMktnN34dBJfQ
I‚Äôm not dead guys,UCAY7xj4owd2Cgdx2WgBIlTw
King_cactie,UCAYIIWTdGFS_R2IMVRV52kA
PinterPolitik TV,UCAYy9wFKi2YnNAQ4xpOrHqw
‚òÜruby Althea‚òÜ,UCA_vEFr46U3mYb1wU3iQuHw
GTLive,UCAaegDUlb7doIKo0Rc1F08g
Angel,UCAbNFWq7pz2z8vTotk20Knw
KYMAAAN_¬ø!,UCAdL4saFp3OWfJEaUvXCa8g
Corazon,UCAdTVLlkQ74iuLjJpUY-kXQ
Pandaz-Official,UCAeJobXZrX5qx726qv6ilrQ
Ceylon Stats,UCAfK0zPBAVO3m7gWgfNTvIA
Pemalas YT,UCAhV0vjhIelCwFpgbzI4DJA
SebutSaja Dayat,UCAhd_ILXgiRtpZew12-VBJA
Happy_Hopper,UCAhkoy0oeDqaUtZ_vpaNZaw
Beast Philanthropy,UCAiLfjNXkNv24uhpzUgPa6A
MarlonDoesAnims,UCAlWGBOj82mHVyvkGsscttg
‚ô°Gacha_Fandoms‚òÜ,UCAm4eZHPdjST1LQKgXxkY1g
Kenin,UCAns8jRaSTKE8kaO32_HtLQ
Ice Cream Rolls,UCAon55hNT6ESbdQ5y1hRWTA
Cellie lock ,UCAprnS02tCeG328vDplt9fA
‚òÖITZ_Ashley Sans&Bpk‚òÖ,UCApshUZoHXGuv6PeYji5NKw
Zet Uncensored,UCApziMZcxHJa-_TGji6GJ8A
‚Ä¢ Sundae Cookie ‚Ä¢,UCAqCEjgU4NB9yeQXZal4z8Q
DAL3X BONES,UCAqwUw74IawYNJWNlASjNrw
ArtsByKev,UCArJoJbKdI4afzB9QiZWPCA
Medio by KG Media,UCAtJ3unUOawwN-Wlelpsiww
PaoPng,UCAtLpSVwRopUpgI1kbm0kTA
‚Ä¢kou_gei‚Ä¢,UCAtV6FCDLPxX_uMs3T_z_Hw
BriannaPlayz,UCAtWPQw_rUROGGjEPSFboIA
TEMAN TIDUR,UCAtbIn4i_0Urxcy9Z8mju9w
Resarium,UCAx3G860hLsZWAaGtvlMLaA
Evelyn Hutani,UCB-Vy4-UoNHzhgntloAhC8w
RelenTod Gaming,UCB-nfn8CLL6QBOSVVYRLVsA
Alwisusilo,UCB-zfADRmqPKpMmgLRJgRIw
ùóèùñæ·•£ùóÇêì£,UCB0Lh3wXSyHGEXJJFTz_1rg
VIVA.CO.ID,UCB1fvlA5xmLJ0tZblpoTuaQ
ShaSyauh~,UCB2YNqXAdzKfQfgGs1o5sYw
Starytheartisticcat,UCB2tVFiqvNId-jFgXSvJRCw
Unnecessary Inventions,UCB4NFn-8oipHct0IfAQBQrQ
sonya-!!,UCB4Yd2STNO0khfYUEKIHvCg
KabarBaiq,UCB4iCzmgevFVQeF0YARCpUA
pirateball(3),UCB5nARsuy8aJOnWTYn603Rg
Dying Voice Dude,UCB6ApdlKLwbdLCxU_2Y5Peg
Jorge Gemink The Best,UCB6DTRSrpTVpuodh3rzJxAw
Rova_Kitty(¬¨_¬¨),UCB6kdjGxMzbuhK2yWJmdl9w
Heresilda! ,UCB6mx0Bv4p4Ex1jUtvXoZaw
‚Ä¢StŒ±r Light„ÉÑ,UCB8LYOpf1witoQ4ma0RJkwg
Fajrul Fy,UCB9R_2iJDxxiLJnuIUDFg7g
[Lynxb_.,UCB9WazgR_BT4npFaC3UQiyw
Jay Kara,UCBAHr3NN2weUj0WE6HQws1w
Emperor Cak Konan [√∑œÄ√∑] MieAyam Gaming Channel,UCBArjSKz4XbyVUjLgWCPWCA
Nightmare,UCBBIOe3KPWEDSbndemXzkjw
Azellziee_YT,UCBBjHauIhrfSnlWfIV4Rm0g
Rapha√´l Froissart_Clarinet,UCBD-scl6O9mJSj21xkjcmCQ
MANHWA TALES ID,UCBE9Zi2Q9JmDEwkL6UicMoQ
Jack Grady Magic,UCBEf0BsJKOcE5hYuDgrqjgw
Simply Drew,UCBIsXYQATZI6NP87j8l9Pbw
: kitkat! ‚òïÔ∏è,UCBLMRsMviruY8uy26-AgrMg
LoreDad,UCBLYapZYrBHlxY9_onANYmA
‚Ä¢Im„ÅÇHealtlyCactus‚Ä¢,UCBLzmLvUNMK_t_A2XKbelEQ
Officialmuhai ,UCBM2frvbQfdEjUros0eak9A
Zikir | ÿ∞ŸêŸÉŸêÿ±,UCBN9NUto3-HXOh8YlQRjN6g
LineChu,UCBNYNA9oZVUUPZvESYg8QTA
Venimee,UCBNzC3X1JYHHcDuM36T9FLg
Aspect30,UCBOXIxGtjJe7InDGh3t9MfQ
‚ñΩArata - Chanz UwU‚ñΩ,UCBPIwLcDfYibP3xEH_q3VLA
Lee D-2,UCBPPq2ibeuzFMciX2LEqzbQ
Cookies_deny,UCBQ-URhQKcf6tY9fqieC77w
‡≠®‡ßé ÔΩ°ñ¶π¬∞‚Äß biscuit ,UCBRfsuDpAlQKoyrr2EC9amw
Adri Shaws,UCBTEOmepzHTMuu5SM6fxK8g
SpicyUrie,UCBUWVufThUDGnSMSKsbjamw
