Flanela,UC-0SHf8gd2mkW9iu-zhX_Zw
Landro,UC-4GeNHvcjZlQr4w8cdFVug
Felps,UC-4iZ6Hq-oSERqZnVbuYsUg
Erik Carr,UC-5RtGgRCg0IMRNFnfZ7tUw
Cap Joga,UC-DDZtrRWiRrRKjtwdJjSBQ
RaposaVerde,UC-ECdB_BOQLaEbU6cV4rDdg
Fala de Tudo,UC-GhFOHQWAP0nUxTMKtjCOQ
Castro Brothers,UC-PjJT0RVURj_L6D8D3WIww
Grazi Cosm√©ticos,UC-T2tVHg0Pi234zHXyGw6tQ
Gelli Clash,UC-Tvz0FJd6xRvVDw_4dc_GQ
Brubs,UC-_Czj1ogmZhctxzV7-pGKw
Oli Natu,UC-avDbSeXrTlHQ1QVzlbaog
Core,UC-yA8YhrAgpFp4aVHRaNyMA
Encrypto'd,UC05pQbIzg2dxw5IqtqqpJlg
Iron Master,UC0AUSYG5r2ppPs7L9CPylPA
ÎßàÏùºÎ¶¨ÎåÑÏä§ MYLEE DANCE,UC0G3ShKXy9CnfgyinX89kIg
Sherby,UC0HqfXYJMPaQzRgmAhLR15g
Toddyn,UC0NC9if2KdJDdaVvJDPurcQ
Uma Calva,UC0QTolRXVF4mnwxfb-kufiQ
TWO'S,UC0V_hb9PoCX1S0djvQRwqAw
Flakes Power,UC0bC92gFO25qcJcECTQNN_A
Claus,UC0o3maqAPEHfFcbn4aZr7Xw
ByDiy,UC0plk8ZbRs_AxIRzQ2lED_w
N,UC0sLCWOocIRBx2G9Eoa-HvQ
Hagazo,UC0thds55Zx_icfe2QyO5eIA
Bruno Clash,UC0yIihwEPGUmUXAptlWkIeA
Carol Lougue,UC10XWgJdVgahMPL999G07uw
Richard Rasmussen,UC13ikrGSy3E2AveqLAI9lqg
Oh Rubens,UC14Z7TixCI8k6DDOXARdrBw
Zez√£o,UC1F6Vh7iRLSjPks3Xr8GjJA
Hiig,UC1TRVdOZcI2_6lYgVvFkfqQ
Sykow Reacts,UC1aHbrWFVAa_mICbfccl8Xg
Kauan Clash,UC1cmFM9fdJIMf5Q5gGVzk_Q
Cartoon Network Brasil,UC1toK6UDXwreacdepXYcyqA
Halmo Animation,UC1weK0PxxeVYdmsFBnGodHA
haramics,UC2-4t2B3XB8pBki3t8dL_qg
Lanzinho,UC22Fkw8sbYh15yyoZgGyslw
Bruno Correa,UC28NhCvMistzR3YxZ9TqSEQ
Gustavo Z,UC2NGZYf6-OivDJnmHQtPmUg
Enaldinho,UC2bYhAHyaqfWlPXWBVk4BcA
Matheus Canella,UC2x37qSXsLmhmftaS-ic_gA
Cyprus Channel BEYBLADE X,UC2yWj1Hg5tkQjMklSZavv1g
Fam√≠lia Neto,UC3FM-Ettk6zPoCEfO9IdB1w
PAC,UC3FuTKmTcnA7byTvJFB7K0g
Janela da Rua,UC3GB6W8SyUw6IAhSuqULdGw
NinnjaNoob,UC3IBxHMIbtoOmP_RERBOAAA
HERO Dengoso,UC3J0_hogO6hW2mZK2547hWA
whinderssonnunes,UC3KQ5GWANYF8lChqjZpXsQw
TimidoGamer,UC3QvVOlA-PQoXamAt5WFxLg
Davwu,UC3jti-PlZJBHlWV08qn9PQg
Centro Educacional Sete de Setembro,UC3koNV3pUQc5TDTOHC2eUjA
Gellones,UC3n6TYf313VJkq_TK9GxUmw
GUILHERME O FENOMENO ,UC47gFPxcgny60qvMji9LQlQ
PlayHard,UC4IMfO_--bwBaNgWeoLxAgg
Mary Souza croch√™,UC4WHGi6TaqRcTw-P0W_-Rjg
CineSpyde,UC4ldI3aqFCzEoy9q39iTPRQ
Piccolo Neto,UC4mvn5NTKOPTrqUz3syYJag
Top Melhores,UC5DfUogHlVdOn43o4vImY_g
Wezzito,UC5Iz74psOEXVMrnJHVCQgCw
Lives do alanzoka,UC5aVIcrd8YUcjlFeRMmJMsA
JeffBlox,UC5mC_S9d0yGeUUY-n3lfyHw
Zona do Animal,UC5mUqToi5CyteNpxm5jzHdQ
MUSSA,UC607Gii1uo93qDqiGR6-c3w
Emilly Vick,UC63iwP6BtIjxB6xn1GKR6Lw
Gato Dos Games,UC6Rb6qy7Iasox_hQnutCURQ
Mayara Stefane,UC6ivJ7VRBz6L3VIaJN1YaZA
Coelho,UC6j7TTfxGzN2k_WeUsWhesg
Jp gamer super,UC6oiUzzXi6yu9aJl_r8UpMQ
Oda,UC6u9oVPApti3vvMFDYcO3Ng
Fernando Adanski,UC71eyP68Y71bNzLuB7_vIzw
Evil K,UC7EnmkE52jbEvtJuCprhrqA
CORTES FELIPE NETO ,UC7F51CoDdGb2qV9H9calACw
Celso Portiolli,UC7GEkU7y5RRD5BLWiZKDeFg
Games Destruction,UC7LwCZ2mRQ1BaToosue_MYg
HUEstation,UC7Q4LJTHExbV4wl8-GkQYtg
Icebulb,UC7ZfbFn-3HRCXgbeepOnG7Q
Markiplier,UC7_YxT-KID8kRbqZo7MyscQ
Bistecone,UC7c0msgggkLeIW6lwJAy-Ow
Brenner Mariano,UC7dN8lVhi2FPM9eZbMDrepw
Reagindo 2.0,UC7eCoOYA5zAmthmpkVb-UkQ
Himaru,UC7fNWeE5vYiedqAWIl028Sw
Enrico,UC7mT9kRtG9NJlJztcZ5S27Q
Ironic,UC7pDp_Qs7R2pO7QyK_JaWQg
Epic Game,UC7twa7FtAsN9KBc_PgXe_5w
L U C K H A O S,UC7yVHiy5loAHanS7strQ1FQ
Mulph,UC7z88ocHpsB1RV-Jn6LPe-Q
Wolff,UC8DA3ySHaLzyhkYHZANpVOA
Janela da Rua Shorts,UC8DvBT9ZWoikVYP1_kskDaQ
SMG4,UC8LcA3grYZg0GNpxlXh8owg
Gabriel e Shirley,UC8f05kF72flEueRPXDU-srw
PRP Dub,UC8zxWhJtDcwcOA--NmkYffg
CHANNEL TOP 10 - Animes,UC9-DGg10DyU0WrpxFd2Mjjw
VG BEATS,UC95vHmKOwOtuPqPhTesTVWg
Piu,UC9OJl3iBUblthVdbesSKGMw
Vitor Player54,UC9O_xwU_dvjzw27E7_nCY_A
Vinicius da Ilha,UC9UPSYin2h80UzmYHgi-F7A
KevinTDFW,UC9UfFcGHYDIwVhdJ66iI6Fg
LBTV Animes Channel,UC9WoKO0L6o_X-1icb1wAeMQ
Epic End,UC9_nijIYMVTvb2ClB6MQ6wQ
Jewzen,UC9_wPbJXaSXol2plCmzgZzg
CineMania - Terror & Reviews,UC9bvDPZmOgx1v7_6d_EG0mA
Pecote Grande,UC9dCEtkAmEICAJazpmkjnqw
Ci√™ncia Sem Fim,UC9djCiv4e85Kd8G--GWlcoQ
Player Solo,UC9ihQvR1IN-Bceu7VD1RNXw
Vitor Bastos - Le Voyage Productions,UC9plxJIpo4vf_EL0o75V_yg
RVedita Produ√ß√µes & RickVedita,UC9q_bdp1iVC8ZyJLXT0qepg
malena010102,UCAA4eBBT2lt4C3YcXMdNOFA
South America Memes,UCAEIZNdLOpnwHFFquEcPVKA
Uma Otaku Doida,UCAOJUX_CAIdlF0v5w8Oa_gQ
ARQUIVO - FRANKLIN MEDRADO,UCAPZD0GZdjGY20X4u7BJZPQ
Olga Do Brasil,UCAdWun5RCSwqE-n1FC9bpcQ
Vinh√¥,UCAggUdtRa55X348VWYf5XjA
Apuh,UCAu_v9w-BXFtg1NAnB-JgVg
SUPER XAND√ÉO,UCAxOgnFDCvILSEtCnPDI1Qg
Mr.Wilton,UCB-fTSouC_0JvvkrLgz2gSg
Killy,UCB252j0vfyUofxHsUrjjMPQ
Alexandre Na √Årea,UCB2PXiUlafr8ooyrEYeVcIQ
MoonKase,UCB6p9lMfq6rczdFStOJ1eNA
Montalv√£o,UCB96MmC7nKgxkCKdXmfhVRw
Final Level,UCBWfasEy9wv-Lr1k8Q3SU4Q
Canal do BU,UCB_FhvwEbFwzq0ZFUg4CNhw
Xou,UCBiRuk3NRX_SxCsp3l3cLAw
Hey Vordex,UCBmBea7IUgFaytgHQ9FNOlw
MRSAM,UCBpInWd9d4PCFlrMHsYJzhQ
GodenoTV,UCBprZAT1R-vmSlFaDPSN0bA
LeoMK,UCC11UqQ7nXUQXrmdf0noUMw
Isabela Boscov,UCC1QUJZGfqrSGwwYXvZhqig
Educadora FM 90.9 de Jacarezinho-PR,UCCEa9iCV6pX3DhT0jEa78ZQ
MrGuinas,UCCFcBOBr7B3ob4JjyTRdTRQ
Falaidearo,UCCJC7YIZytEccbU0AWQIBHA
Professor Gabriel Cabral,UCCKrcO_JfvmpM_QYnbE9wPA
√Ånh Ch∆°i Game,UCCL9QYEpvwLY7A6AVk8aV7Q
Caraca Games,UCCOuQ4dNEva48N4kdAaxrfg
Leo da Hornet,UCCgZZd8zy-OyiVtQ5WeOV6w
SpriteBW,UCCoRtecyRRRbzjeSg_e84nA
MIKETHELINK,UCCsOwxgEIS6Dz9lbbb4E3qg
Treinador Juba,UCCwTMOsyzEKLNAw05M4ajrg
Gon !,UCD1xsGx34yhO-oSh2jOX-Uw
PeixotoLoucoYT,UCD3A1Ashv1iQKZ1fYCqXaZA
Stunt SWE,UCD6WdvnSSt0fSvvMGNW_6rw
SUPERHERO,UCDOTcXLFCu-wDD0uyxI1BiQ
CLEPTON,UCDaM5npyBufSF9XF7XnDlsA
Marechal Pug,UCDiKW_pW5R22l5Qt4IdxtLQ
Segara,UCDvD2UZUDct8pc7hL0Dd1MQ
Elyathan,UCDvKftWJMsDkp49TdJMAnxw
Mario Bigode,UCE11E9uWTK2R0bZV0zwW6fQ
El Bigodon,UCE67EavdEBZXMTaCZFWHqrw
TUBAR√ÉO A LENDA,UCE6yrKCbfZ-C-8Sbl1LoYhg
Gameplay Cuts BR,UCELDBo_a-13zAmV7Tl15ycQ
Henrique Mendon√ßa,UCEUyKlyA1ePwt0cqr24B4iw
Porta dos Fundos,UCEWHPFNilsT0IfQfutVzsag
The Noite com Danilo Gentili,UCEWOoncsrmirqnFqxer9lmA
Polar Zueiro„ÉÑ,UCEcz4ul4NYYPkzLomJmFy4w
Marshmello,UCEdvpU2pFRCVqU6yIPyTpMQ
oipedrodaher,UCEmDI96PRniiegjkSmrpZaQ
EI MINE,UCEodhAIBiv486y78UW5s5fQ
Pedrokys,UCF0yeltkgPDxLc0JZxTJ3xQ
Newt,UCF1IphHXOLIRkEkJbf1cFKA
Fabricio 299,UCF5M3yocpEKLpV04pm5Vf1Q
BIBI,UCF5VmU9N3sqqVe-F6E4gewg
Papelaria Luivin's,UCFBHbEP6askk-RERUn8ZfzA
O FULEIRO NA WEB,UCFNVbo0TFjxhtuF5IEuXsWA
hu3cat,UCFWaTjtZPLt9FwXxQsamozg
Yasmim Reis,UCF_0qpQXDAMCscqiPVSCFUg
Truneh,UCF_Zh3UfjfWFolEEnQYTlqA
SUPER Casa do Kame,UCFgTraDDJbGGmK665419prg
Derponce,UCFhZHkxjgParANyn4L6nTrg
ERA!,UCFiI5zUTV3WFODN6jIE1qxQ
Nina Baiocchi,UCFk6v5VFTO8vUUK8og2eotg
√â o Patrux - Arquivo,UCFl3e3jtVs2cZXA6JafAlGQ
Patrux e etc,UCFuxuoL3wsxEwKzNJRNG-4g
TREVOR,UCFyoQVryRKUxWpROdGpJWGw
FutPar√≥dias,UCGFNp4Pialo9wjT9Bo8wECA
O Victor Magalh√£es,UCGPCO1PVeWZ-egT6F2wKnaw
Jabuti,UCGTPNs0ZEt9HHXlBW9FZAgg
henryzox,UCG_pvrfiDDlfnNUPToFM3HQ
Ine Games,UCGfkhP6nXds5mSls58talBA
JGDublagens,UCGpu3Dr9s-Keag1ciUBw6KQ
Godenot,UCH0-0_0XNqkg8dTLYtFaWRg
Canal Nostalgia,UCH2VZQBLFTOp6I_qgnBJCuQ
K1ngC4U,UCH45gXJ_JeWI5bPLo6kRimw
Kyle Allen Music,UCHS0hTD4x-w5sUHxNhi6xiw
MrSpherical Brasil,UCHYyRtuqn6z1BP5_v8cEN-A
xEnesR,UCHb6TlHa5XCMV7fUjtD47lQ
Yasmim Reis 2,UCHcXdujmrVQMHq55MkN8e7A
Portuga,UCHj8toxy4Ka53hjcRUs6caw
Ycro,UCHxUvRJB7ypxsC_2_8pnXjw
Dibrou Sports Brasil,UCI6xsaYFLb2d9T9z4m6fCDw
Gato Gen√©rico,UCIGmf3KlVW85yeMxFbOHO9g
Royale News,UCIM-0E3UWMM0SuIyMz5vDbg
AuthenticGames,UCIPA6iWNaoetaa1T46RkzXw
FEURIPE,UCIRseertPt5kAzr40COpH6A
Redstone Live,UCIUk4m5KQ-u9igtZYpGSzjg
Jazzghost,UCIXguhHCl8eDTkXpEuiGPUA
Mat Dubla,UCIig0SuOwMuOF2xzOmnpgjw
KrazyPotato,UCIj7XfanhYeZgLMLKc1pbQg
alanzoka,UCIwspRtKNszHhIhl36gREjQ
Portugu√™s sem Enrola√ß√£o - Professora Lis,UCJ5MVM0TffbfmvWyAQ3wzJQ
Gameplayrj,UCJAbkIY17zAmCTNQHH0bQoQ
CheffOtto,UCJfc2mKSqVmlXTR3wBTwTrg
F0RT3,UCJghDJNal-zPexzOI2gNxuQ
MANDR4KE_46,UCJh18C3nLzVSegOCOgjbjdw
Alan Walker,UCJrOtniJ0-NWz37R30urifQ
BillyWhat,UCJviWODVzI-uP9YVjGdBWWw
Lulu Santos,UCJwX84TxnxhO-lAnIbLdoBw
VoidXL,UCK-JQMI0RPPc7h_tkUfnfAw
Souzones,UCK3NkZPs0BurxabhtnSDa3g
Tigre TV,UCKAdZfnAhMY9RFSD4qL4KCQ
√Årea Curiosa,UCKC0H4sr0uuDApmbnv6oXwQ
Ghosty,UCKLhr-fVtOPxqsSPRPBliNg
calango jogando games,UCKR5j4PWkBMcVPU7Pf8812A
PARTIU UNIVERSIDADE,UCKUL3EyuAEaJUYH_kib15dg
Seijinho,UCKauw8sGYwEAZ2CMmrI34NQ
LubaTV Lives,UCL2N05qbwldFpgIKLoDbk5Q
Gojzer,UCL3Cq-M4RE8M_7IbVjt5fcg
5 Alguma Coisa,UCLAumKr0O_z6r6RPiummR1g
Enygma,UCLF8_zKbdb5plxlpZV2KS2Q
„ÉÑEstalape22,UCLGrW66ZkeOIJBEUZqx3EGQ
Jota Clips,UCLYZq3KkxJ4A2BLPepky9BA
Todito,UCL_D2R49OW6rmpqWj20ZI1A
Brasil Clips,UCLavp4doLzLkZ4ypuHT-mkw
Ei Otaku,UCLdJQ-ag8B7B48rO23CYIkQ
PWA,UCLhSJ9SUOsBm2hEbw9jWA_w
WIIFEROZ,UCLrxBkebCjcomgUjOTwpPfg
CrazyDek,UCM5RqT3BGzIwOe8_sZa6Qlg
JuanDmc,UCM8DKygn-FXFyA_CCEMO29g
Flippy,UCMIGpjyL6H__IFp7emWErlw
Engine Lobo,UCMP9V51vsdqmFO-mJDOYTdw
OrdJogos,UCMQBkmpYBJlxxthLcg_IV7Q
Ordem Paranormal,UCMRaVyexv18FrJu3NiYsbgQ
Tio San,UCMW-P77SEfvZ8Cvyfk-n-Xw
LINKZIN,UCMbYwAo0KbzxYagAZ3BLhMw
Felippe Loureiro,UCMcncIoKuRsv8H8mxYSjUmg
Pokelok br,UCMhX99w3W24yP7VaDJMlbNQ
Yoshihisa Hirano - Topic,UCMq59nChYXlp-8tRvD7ER8A
Drone Genaro,UCMumbm9XKOTLFaVjbLwpcnA
Dente de Leite,UCN1Bno2wZH4De4keUaWmNhQ
Cultura dos Memes Otakus,UCN9chEfehMyWqupJhOl_2iA
Dubladiando,UCNggVsLzlpFGFyaW6hwacSg
Ericck Arts,UCNlhX7ZMImwbaL0bR_NuLZg
Streamcuts,UCNpoKWO1bam0B7V9vPMEdzw
MINI B√òI,UCNtMhRoWh4vL_Kkv6a5HgKQ
Cafeinado,UCO5CmhhdUR4DqqLCKSFdwRA
Rickzlinn,UCOCsSwy7g95KAL3em76LD0Q
Sophia Fancer  Gacha,UCOSQMpYiWl66xUH97VtU3Sg
Aaron Esser,UCOTaQOueW7Va3rVF3PGL4hw
Inemafoo,UCOdTRzlGI895eAJvuBdGgpg
Loki,UCOpNUuMT-sevWM5JVUK1TTg
duckyy,UCOpiNTXihpiV7VMuE3fhmnw
Masked Wolf,UCOs_-Ivo0W_7JlgAIZycnXw
CORUJ4,UCOvLTe_m8rnsYJWma9ty31Q
TetraKev,UCP-Q5k_pBiZpw4wEo4_I2UA
Renan Fiorini,UCPJ6Diqv10p-rOfWdKSRs9w
Gustavo Intenso,UCPUYSRanbuP9_CG0kXFRSAw
Killy Reage,UCPZ91RXMUpGozVsMajvtgFw
Miguel Lokia,UCP_Hxwf6ajGjPsMw0a8rnLQ
AssopraFitas,UCPd6iac_5S-XPz0qwZdV4rQ
Peixetro,UCPdPN6KrzzaYsA2tJ7gVizQ
neto guzzo ,UCPjPNuYlWFYq1CSI-ha-JKg
BETO GAMER,UCPl_3zCQnCB4Iv79UD_i-5A
Fiaspo,UCPmKDdmHl5F7EvJGFoSHOwg
Dearo e Manu,UCQ4JA9RWgJyz6CPwlepyYOQ
CasalDeNerd,UCQR_jO1aqpsdfrZNHkoSjDQ
Mateus Lima,UCQU7K2gJY2gd1ZIGLJmVQBQ
Manteiga,UCQaBi4mxFO87zLw2uM3-6-A
BaixaMemoria,UCQePza1iaabD4VRPDSuS5eQ
Leo Santos,UCQg9mmvqt8yA6KhKFCGHMKw
Diggo,UCQk4YEXbOBjRLn5XlFyrhaA
Clown Games,UCQxhDzqptYRmS3Fve6XsOlg
Canal Clash War,UCR-Y4lWmrCYbr1XavmNMlvQ
NodeHat - Vencendo Filmes,UCR29U-ezWvBb4ZcJf7TbEsA
THZOIDE,UCR5-L9d46QerERKVwHBeT6g
Patriota,UCR6m35Pw1Of4UeVOY9FoOiQ
Matheusu,UCRPWJWwZYkZFkr3sKq8bWFA
Bom Negocio,UCRVJpfvGrEscnqM6oq9ZTQQ
Hi Gorgeous,UCRglkxcwiH3jrORNAvMPGKQ
Dan,UCRji36jNDYmfEnXFOYR8I7Q
Chilling & SoftNoise,UCRydcU1YlO9RLiw0ItSKbFw
Raffael Chess,UCSAo4zvM1oAJ_i4C6q6ejBA
Vinheteiro,UCSE6yilNScIz1SLTNQvrXMw
Rodrigo Leite,UCSIAWT8oZhVED1oR3mU3UwQ
Gal√°cticos,UCSIvJlTooXYKFK9apYBaS_A
M4RCO,UCSN4H2L1EfqONn5VoARQtuw
PalitoLandis,UCSO59YRXoPiOS7YAkRGMN-g
DARKMA,UCSSJindZRATh7Ay1lw5ebGg
JuaumCraft,UCSaCznm1POqLP5piCKIPilA
Anima Tudo,UCScsWvCrj8bJNHvlTTIdLzg
Vem Crochetar,UCSpm4vSDzKT76t3q_Hwoq_g
Opera√ß√£o Cinema,UCT-QobdGYczKTSuWAQbQFAA
jose_junior00,UCT4N4RTVMzv1ICeqdiz33lQ
KaikeFlex,UCT6llggvwmbSxpIfHpHxV1g
 NUEVO ,UCT7QPu7PgSGgauwDRGgUHiw
Toshiruz,UCT7sUh1Spye6kbBAMZPCsKA
Canal MasterKing,UCTKrRCFtVYyP-QiU2sv0dcA
Andjobe,UCTRKbVsBIAowTvU4B4yxJTA
Storm Zueira TV,UCTfJgVNaxZIUVvY4gSx-JDg
Gamers Reagem,UCTjaqOpDphHMt5L4XgC_UjQ
Suavemente Comentado,UCTuG2eD352_F9hROwzBdqzA
MANYACRAFT,UCTugjE76W-cSLohpbB_NRLA
Kel e Laura,UCTySfohoki7xN4ShoDwSGEg
Tubar√£o da Bolsa | Luan Onofre,UCUAqQbPNrc2rXx1LRWl5Q2A
The EdwardTrejo,UCUJVEuJn49zBcTjlPGXovZQ
Maiara e Maraisa,UCULzCZWkkOb9dW8rr6dguQQ
Ricardo de Salvatore III,UCUNO0Gfk_hNNZ14YMDC31pw
Vikazz,UCUewj_90TqwoqAl6puBU6PQ
Lucas Clash ON,UCUouM5ZRqZoFNzUvpDeYNGQ
Xzit Thamer,UCUwf9tuytTCVP6SzMaGwDVA
Felipe Neto,UCV306eHqgo0LvBf3Mh36AHg
Luis Antonio Rabelo,UCV31k2SHel5Dwawt2WGn3RA
Gamen4Bros,UCV4zbZvKu6qsIbugOND5z_g
LubaTV Games,UCVEZWhEbf0DBiSyLKRl2u7Q
Seu Pimenta Tv,UCVIja5Pe_zflIDue13FUrmQ
Duncan Laurence,UCVMEzOpEtWtS9-krJPbf22w
Bispo Bruno Leonardo,UCVNouUw3d3l5JYVCxhAQXKA
Jooj Natu,UCVVksn-TMGmkwvirl_neMWw
Juaumzinho,UCVgBrXR9eLnuIftnOGuRu3g
janine freitas,UCVilly5L3Ax0qwGSv7CgUmw
GOODBLACK,UCVnEbsIMToQtGCjT5xZMgEA
Tayr,UCVqu6t56HPxgM78WB3KtajA
MrFall Games,UCW0D1HqxLJRSMJhlQCKO_vA
Xracing Videos,UCW3oIxTLllTLK3Vy9jzdoEg
Maldo Asecas,UCW6XX-zLLW09MDDW0tc_l-w
BRKsEDU,UCWKtHaeXVzUscYGcm0hEunw
Avocado Animations,UCWLeX1gPvS5ooyyytGRufLg
Leo Makizo,UCWgnu7yx8Pq3yn-XM_UquxQ
super99andre,UCWi3PwONxmnA0o6Ahsbrv3w
Reagindo,UCWm8gdr6HUOGfC0QoMaPO6A
Clash com Nery,UCWmA1pPhzmW4_K7vJED2AlA
Rigby Wilde,UCWp5y5wj-8-pTAshBNNwf7g
IShowSpeed,UCWsDFcIhY2DBi3GB5uykGXA
Stick,UCX3dGU5U-yCJqqDLOh1BYmA
Universo Narrado Militares,UCX6DjOoxXoB2pE4dCmdbd4A
MrBeast,UCX6OQ3DkcsbYNE6H8uQQuVA
Guigo Garcia,UCX71Vs2g9Ew6VgX277nZYlw
Spaghetti64,UCXFZULMYjXe2W70TQwQJ9ww
GG Games,UCXJGjC9RMxAQVEL1BEyqI4w
Juliana Artes em Croch√™ üß∂,UCXLn5u59mQNTsqRPZPJBYPw
Fabio Carlos,UCXMt0bH_sb_R_z5syG7gCcQ
Daniel Penin,UCXQPvU8tGvWy_mAfPPav--Q
Faviso,UCXYqJsibr8GeGLm_gV_BonQ
Carlos,UCXbQYz50JHvfo_qz_w3t1IA
ItzAnne!,UCXgaVuv4bjfp7qEQ6Ss71Yg
MAIKI021,UCXhDFaOPG2zhiYm9eXuMKkA
Animerecords „ÅÆ„Å≤„ÅÆ,UCXqwc7c6qw7YUA7jdgCANkQ
BatataComPepino,UCXuBTIseGBO8fjSOhQ9CJTw
V√≠deos de Cl√°ssicos!,UCYA2y62j5BK-LSd0BqYY6Fw
LubaTV,UCYALxwppPJjYyTMEwwEcNCQ
Minguado,UCYCnGi1DXHvHlffFY7pEDmQ
SUB4RU,UCYN9N1Jzyy6iOYeDrfAYizQ
DONAT3LO,UCYRkBMILbV6-5hn8nxS5xfw
Meowthemall,UCYbggI6qVceWa1_1dfH0hMA
Eeiris,UCYiIgZVotTS9K3eb7nine0g
Kleyns,UCYrCkbOB-NEIgfRZvVbJALA
Katy Perry,UCYvmuw-JtVrTZQ-7Y4kd63Q
Games EduUu,UCYzp8-P162Em-3uZnCuGJOg
jvnq,UCZDVr0SsuSUYiq9hAOfoIfw
Escola para Youtubers - Caique Pereira,UCZSgdos4txBF1LtaAktpWGA
SrPedro,UCZdeBrO1HMUlgP1-tnE1Cxw
Caz√©TV,UCZiYbVptd3PVPf4f6eR6UaQ
Chipobre,UCZk4cmLtLZTBL3OEymdGzMA
Elegas,UCZp-YSzXk9sbRua3jT7dF9A
Dicas de Cosmaker,UCZpI6pG_5CWf7oHQALECbFg
Nycler,UCZpf9lriDpkSp9r7D1eNWDw
mathzz fps,UCZqjaOwfMCktolIOomqDoCQ
xMarcelo,UC_-WQuYUOasNYkX-L_jHgdg
Icariaball,UC_2WbOWf6K_-6tX8LiBfHqQ
SpaceToday,UC_Fk7hHbl7vv_7K8tYqJd5A
Player Tauz,UC_NVYGhfkd7aXYqp-4rLFWA
P√¢mela Souza,UC_PYhOJzRLNitsvtnQcdOFw
MashiroMary,UC_SAHD3wZrEgZHMxl9mxhyw
Byakuran,UC_T_ZJhUX8OVx5mslt7Dq6A
Gui Nobre,UC_XGgRFoktKUXZVD1_tp7EA
LUCCAS NETO,UC_gV70G_Y51LTa3qhu8KiEA
NIKSTV,UCa5cokfr1dLN5jpEmlgzr0A
MEI Memes,UCaAL5DlVkc8wb_6nuSDhpUA
Combat Warriors,UCaLVFyAc4g28Odr56JSuiqQ
SirKazzio,UCaMYfhdKrlqqEpkynPvgVQw
MaxPalaro,UCaYZLVwOnGzmKXvM0SidHtg
Camarada Josef,UCadumAmL3I-IWnihsMcf5KA
Brother Game,UCakQ5CqB9Et0UZyqqtTU-wg
GeovaneSZ,UCax1e9P8tEVmARlUIFy3N_Q
Lives do Chratos,UCayiH2Y5JBEOSubqoQhufDA
Luking,UCayvzhpIEXpAvRUBVzwqQPQ
Dois Marmotas,UCb1pt6jgOlPxvpLb_BCLJwg
Mateus505,UCb6Nvsq-0PmZvvHDVuGxNbg
Drawn Mask,UCb792SuaObwn3k8IA-vhFQw
Fatos Desconhecidos,UCbAiIkPobUFy71zlmwVw3jw
THIAGU,UCbGz10SizzX-EZr9HZALoCA
Cadelinha Mel,UCbJzymTQZq2z0jXcjvmYnfw
Alan Becker,UCbKWv2x9t6u8yZoB3KcPtnw
rezendeevil,UCbTVTephX30ZhQF5zwFppBg
Nerd Sensei,UCbaTZzTo2mN6org-84CTflg
DrekathSenpai,UCbcxG9tefLj2UVTqFVK69FA
J√∫nior Cardoso,UCbgCuoQKvQOge6YBfIXKo1w
Peter Aqui,UCboK4EZXs0YRg_YVASzO-vg
REVIROTTO,UCboxFzr0fjaypieZnv0LjCA
xBurguer AMVs,UCbpEI7W2SNQz8ManTf4O7Lw
AportuGeese,UCbw_AAU452c-_rDykA_dj0g
 Dr. Christian Aguiar - Sa√∫de Singular,UCcCq86XXw41aU4M9GS_9kdw
Smufy,UCcCvGkfzka0pNvFxXoCs5ww
√Årea Secreta,UCcFgREmujdPHvA7I_VOmgIA
4Play Mobile,UCcVbjyXTEDfTYoecd5CcL1Q
Unesp Oficial,UCc_BalmKxVHClamEGb80ung
MID4S FF,UCcbdgCPE-mY_-QNVs43CODw
„ÉÑde tudo e mais um pouco sobre games,UCcgU5NCp5tUsNiiqKRkyisg
Akarii,UCclbO8NNwmlVRIW_qk1iUZQ
Jo√£o Borges,UCd7zLLf3IKktE76_-Frba1w
JaoAfk,UCdFlUqkDixEDgVfMbw8qJIQ
Mr Boney,UCdI-Qneg5LyEAZOjM0mzM8g
MoriMura,UCdK_G8bo0X0kVwxiWoIUfwQ
Inutilismo,UCdTWvzwNIeZxSNZ_oWvnBbQ
Sky,UCdTh0sNWfr_K7ijhZ_59U6A
GabrielGF,UCdV6WRjIx3wYCEg4VmVT7KA
Senhor Leoncio,UCdYqAQhd5UiDUf41rspLThA
Goten,UCdZPPmTU5H8OZgeSl0_Np-A
LUANGAMEPLAY,UCddN6tViXZMEOfvO-rqfbNg
Parafernalha,UCddYq41_tZ1FnLlguLT6-Ow
VenomExtreme,UCdm1fwk5iqteE0MVOBUuE8Q
Madara Milgrau ,UCdm3mq22RfpvMsH4LEGPhhw
TecMundo,UCdmGjywrxeOPfC7vDllmSgQ
Theux,UCdsjDBJ2LjwDT6HpybwXTJw
NT Noob,UCdx_oHEd0xpTkEPvb6q1-VA
NN_FF,UCe3e7fmmftPU52ClvBXh6SQ
7 Minutoz,UCe6pKugTDyOPT1Md2DTybbQ
Charges,UCeCNJFVFZrbeQA-wfTMchqg
HERO Toniket,UCeEl6ounfAex3hHMSUdBk_Q
Z√© Renacho,UCeN6RkVuPjUhCk9hutpdULA
cellinke,UCePn2KUfc01JHwaU9e8XVzw
rebecanemer,UCeaIsVzEfE5wqTjv7LD0PSw
Xeronyte Brawl Stars,UCekxpV9klWHVdRg6CIWOblQ
ZYG4RD3,UCewHXVa9v8Xona55zh4V7ig
Jiraiya,UCexaxaj4QzEirjgmPCBdhSg
Tauz Oficial,UCfDPkUx9mG3IHBxYuPqgqAQ
Vivian Borges Psicopedagoga,UCfdtUT18Pow_EQsHM3yox-A
Kodak,UCfjIvAnnzVMa3xSVQX2UfhQ
Treta News,UCfk5MMR4k6ulPmvvzkGe5kg
Monoyuii,UCfrgs4bZDmMAyBlwdZ6J-7A
TV MAPER,UCfsA8bKhEFbgoO4ZL5GvVog
Programa Panico,UCfxWYi2wFh4ma2uUCcH7VKg
Vanessa Viana,UCgIdRtInZvz2zHUfULvuZbw
MrBeast Brasil,UCggERuskO1F6XKwor-Pvkww
MrL3O,UCggidszp0bvtDTm2UK8kGuA
NeuroSaber,UCghJZXv-Cg90zgdeTZCt_-A
VMZ,UCgnKIwH7COU1ellkhepcvEg
As Aventuras de Mike,UCh4l6omypmE1hZ9JjUg62YQ
Renato Garcia YT,UChMJkHCD2wdvSO7CMOuLR-w
Thiago Sem T,UChYDGwrRUNxJ4Mo543CtbQw
BREN0RJ,UChly4JLxUacQ-LgT8yR2DgA
Rep√∫blica Coisa de Nerd,UChmOR1T5ZNnbRUba3lHRTOg
COOL CLIPS,UCiDJ8p4P5nQ1eDmvRKfr97A
viniccius13,UCiIZY89KwQkxAW-4Le7U7zg
LeoExtremeGms,UCiO4UNkIt5MHZxCK0ovtVJA
PuhlaSteve,UCihB0-vEOlX7X3bYYSdZWuw
Canal As Id√©ia!,UCimlCfHjHA3kOjiAwaM8egQ
Reino 30,UCip2Uf8GP5R89UxuCwJwOpw
Voc√™ Sabia?,UCj0O6W8yDuLg3iraAXKgCrQ
Prof¬∫. Facion - Comunidade Norteando Condutas,UCj3ypi_5q_HmTOlI6JzE03A
Podpah,UCj9R9rOhl81fhnKxBpwJ-yw
TazerCraft,UCjBO43ykxlSs3j7F7EXcBUQ
Chuuni,UCjZENsZVfb-KuZtS0b722Rw
Mariana Alpha,UCj_abK53mzyGNZaSXPcDfHw
Kitzyy,UCjbXwdi6dpcngo2RG4dJn2g
Windoh,UCjlL3AqX17cYfq0tfN4ygMQ
Eleotan,UCjqQ-u1wEy0bysVFlrB-cQg
Canal Intenso,UCkFMA4vJ1UjqN1tykyTS7WQ
Alucard,UCkX7006vGS7boRV1yMimzkw
Domingas Croch√™,UCkua6DreIf7xNdKqYCnxHiA
SlEGHART,UCkz0lh2OAjlEB-iLA1cdy0w
Zissy,UCl4EMNokrRaRKb4Jma1pFyQ
Lolis BR,UClXlEJc93DazBuyqGJq3THg
Jack Rutz,UClcmH5aqjgt5Nwc7Bczd2Qw
Master,UCldnFz9injS0ezlQKtVFrpg
Bras√£o de Armas,UClg2quzZoQeV38Vx7JFACrA
Neon,UClqQr4H1HadkCaK_ZrlmQ2Q
Capuccino Mafioso,UClxXDKqUy-jgQQQcycwS1ag
guioss3,UCm5UNmHcsKkolff5-jANaOw
DublandoCoisas,UCm9yWjCa1JT6sqVBQ8q-x0Q
Sess√£o Nerd,UCmGD63MyNLl3niTac686-XQ
Hero Base,UCmHDMcx7JeZzGpCpRPV48pQ
drawholic,UCma2_rrf2FeD82J3OadClvA
Maycon Lorenz,UCmoA2sg76rpt6pD4KKpWJTw
EduKof,UCmrAdc8HKdprnWZ8wsusmnA
Cronos,UCn60JhgE6OijFx-UTVOGSQg
Dlet,UCnGWWdmyZ9A3uhEnFvAYEgw
Chico_PL,UCnNW_BfcatUVFwKU0XpnfBw
Radio Raposa Green,UCnYgV5Lk6mKnG6utNcaS1Mw
GLITCH,UCn_FAXem2-e3HQvmK-mOH4g
MateiFormiga ,UCnv5OYcsDh1sR7SXuILq2wQ
Kirno,UCnx9_IoYYDjak5wmT6xgcLA
Goularte,UCo-SyplR7M1ZC1w0YhwMa8w
Mamute Congelado,UCo3SoV1pJPQPJSDVKdurksA
Zedin,UCo57VeZ2Y4J74jyeU7B19YQ
TigerGrow,UCo7s6aKE5dSVAJOTstjYdUw
qSMP BR - Tradu√ß√µes,UCoD_cvBHf7E_iqa_BUUuJYQ
SweetCraft,UCoJrJ_VPPgyDr2TymgRRptw
NOW UNITED,UColnnUYyz7CWjhzpF1kASnw
MaxPalaro2,UCovNEZk2cYNSR4Rku-lRiMA
rawdumb,UCoxhnFKe4kx59UQ2WT2U-Tg
Noex,UCoyH1b5H0j8RE9dHNWWegVw
Pirate Cove,UCpDlvrDu1mh_jwvxpwrhjoQ
REI DAS SERPENTES HAROLDO BAUER,UCpO4OkovrHwacjTeihmi9xg
DGP Mundo,UCpUOeYt0WxxHYgF__UgOWww
Portugu√™s para Concursos Professor Rosenthal,UCpZ2D0QOh0mmbaUNg8V659Q
Snowfox - Animations,UCpbyJVKL9MHtQzGw61Y0n0Q
Vi de Tudo (Vi Marchetti),UCpcV9MVHWSqxBySuX7RczBg
Juaum,UCpg51gHHBvBYsMBhihx5goA
gold,UCpnj3SBB6uZRf9sduFpE0-A
Joker Execution,UCpvtm00a6LIOM0u4u1d8fhw
Paulinho e Toquinho Games,UCq8-6HDYWuwbTE3U6iYYsYw
Cueio and Friends,UCq8y99Unl5EYye_0Rltllow
Remelo ,UCqD2Flh7kUIIzAScFjTU2gA
SwinceBall,UCqSl9EYLGN8okNaavs7kmVQ
Teacher Blanc,UCqdyEJxhIhWSRjKJl3CIPAQ
Renanzo,UCqqHSfZrJKGvGAAVsFGBgmg
CastroGames,UCqzW1a1o_G4SigYr3ihWPMg
officialnoobie,UCr4Ewp0K16mmjQbZLEr0OGA
AM3NlC,UCrGnb5RdHA9M6WGmBGYo4ZQ
Davy Jones,UCrKXYE-Y4saxVFPI7Fuuzyw
Novatroop,UCrSi0uwl1SPyd6-jrLkIVhg
FortFlix,UCrbFq7GwrBZ9QctuPCO1FFA
Bora Jack,UCrfnKmkK4FQ9w-e1HtASeQg
Lobloc,UCri_nkg2sFoW7V3mNTyF-CQ
porkinbr,UCrty1Tce9UBFwpkAF_f56Yg
Matheus Silver,UCs10DjAwfuvwsrUwi6LwFjQ
Febatista,UCs2AZhOnCTX0P4NtyNpuetQ
Brisando com Ruy,UCsDMQS_NmSXEfbOQHQeQDNw
LuLGamingg,UCsSU09qRPYHpHxWDuOjlhpg
Tinbot,UCsTpIudtHQ_SYMNhc_AQD1Q
NightExtreme,UCsuHTmaYOim2oHxjyEf4nAg
MRTOMATE,UCsuI64Pyu_Hx4DiG0cryu5g
Sr Pelo,UCt-GOpCw4dOBlIyqL9A1ztA
daviro4m,UCt0ZtDDNkHdijXlFud1hioA
Storm Top 10,UCt92NsrYTPqqzLMKKGQo6Qg
HW5567,UCtJqaNF7McbeDB1UJZ_nWJg
Davi,UCtKndmEnQyqkhOQfpi5CgvQ
Plique,UCtPl3514BvY5B2DYxfJ4TmQ
Dragon Espral,UCtQCCMaZcLMoNjBpaxkOCEg
Ele Mesmo Haraci,UCtRA1j4hJnKk9pvaFkBCWzQ
Ei Nerd,UCt_4wzTQqmcUvemNkeO0plA
BATALHA DA NORTE,UCtfKAZSbAUmCeCIu-TLa0-g
Scourge_LDK,UCtfjy2u9GtVoQRcMgmkcFTw
MaYcoNCOD,UCtlKBrsNn2YU7GWPK9RBOnQ
Cad√™ a chave?,UCtrjFP7i92_30uv6IehwE5Q
Pocoyo,UCu0uobOg9gePugrXgmeiiZQ
YoshiGamer,UCu1NksnFbeB2J0JAltAKOZQ
Dray,UCu1cw8oKj4SLwGL0NWi2K7Q
Black Diamond,UCuBHtFKS8npM8UMQ3oByEyA
CapiNelson,UCuDREB2zOxM58GrTFflbgCA
Kaka Craft,UCuDufvMqARdu9zPPkQEWJUw
Sr. Nanco,UCuVyA64b58aIiJIGNxu_ldw
Leozinhonho,UCu_QQHIfN27yRSQ_n7Jm0-g
Hello Lyana Kitty YT,UCug126CfoYkpP_vmHd7q0DA
Error,UCuiICGiQTmwvSMnFnnJCchw
Tv Casagrande Educa√ß√£o,UCukLxT4fwYbtbKCS5BCbpYQ
VIDEOS SATISFAT√ìRIO,UCumGZNwjUlkowVVNSCmsz0A
Tio Sombra TV,UCumThE8nuXFnu58o3CcHVww
Cannaestia,UCuqw2XCsKEuzOCktBE0_EuQ
Coisa de Nerd,UCuxfOdbKQy0tgGXcm9sjHiw
Miura Jam,UCv7kyfkg3G5XaddEnCuGaYA
Igor Pires Voigt,UCvA8biGiQIaQnGvOGSAAgbQ
Roan Gamer Br,UCvGYJm2_DGasHDZD76ZVqEw
Capitao Hunter CA√áADORES POKEMON,UCvGveV2hw0wwCIBGyANytJQ
Noob Builder - Minecraft,UCvH_CzsPqlSpmOgRkFNdo0Q
Matem√°tica no Papel,UCvMdTwY9FYB3cskV9f9djoQ
Gustavo Par√≥dias,UCvQzqiZc4RXGODrIbSwMseQ
Hit TV Telugu News,UCvSqB9fz6SZ4dwi7jReSd0A
Rick Softinker,UCv__8WnZ2REFGlDzKB_Y0GA
Goularte2,UCvbK6uSAQE2npbVymmrtnlw
Daigrock,UCvcFK_toa1SFr0UxZBD3IqQ
Player One - Games,UCvnwQSjxm30yZfsq0ToqG3g
Dev Dev,UCvvIW9j5LQHN9hknOuehh6A
Alinho,UCvvrCEqzqxbppFIpt6RMvkw
Cris,UCvxEWWqnwuW07kJRPahgF6Q
Batman4014,UCw2PrdOWEfcxIlT1bzj0YXg
Chui „Ç¨„É†,UCw6Ij4N_Rq1foteoPIhUGmA
Jimmy Maximus | Guaxinim Studios,UCwEKoAVizrI4AeQayO5raiw
melthekidd,UCwGLqnLG5AsDYxbIq5DSviw
Boquinha,UCwMiGkjaLWcQn-XXvyQtW0A
Êà¶„ÅÜ„Åü„ÇÅ„Å´ -Levi- corniznh- ÈÄ≤ÊíÉ„ÅÆÂ∑®‰∫∫,UCwPzbii8-ukwqwR8gqG2pxQ
Kiryoku Senpai,UCwQPve4IF7rx8Mhi2SwakYA
PlataBush,UCwRohIVTsUkC23qRZVBbS0g
Andr√© Guedes,UCwS-7_1aHcx4KrqOPhTU-IA
Professor Noslen,UCwSxSJqGpSRpEsq5-YUbM8g
mistechi,UCwcFDP8hgkC0mKEDLzaH9kA
marcos piangers,UCws74wM8kyNp9r3sZCgm_qg
Viniccius13 (Shorts),UCx-FM1XLcIxfwqRsQkRVDVg
Spok,UCx2tsANnhacjiqisNmPnl-Q
Pampa Gameplays,UCx3H6_cWXU_T1j4c6njBp0A
MENOR SHOW GAMER,UCxO3zZInCt9X7ulvewTRfYw
DidiGPX,UCxRQMHttaUUTWzP4JOoY_qg
VHTheGamer BR,UCxS15tW33vInzsJFCnlTOMQ
Leo Lage,UCxUG52pM8g7hGzQNEhkEr8A
Cartoonizando,UCxireDZly78N_cSy8cxrq6g
Gera√ß√£o Power Up,UCxoXTZdivJ5zLmN3XC7g8RQ
TUBAR√ÉO LDG,UCxpp98tl8xruy_c7s-IxagA
Saiko joga,UCxsqBxW8l7JT_sgpKnwx4sA
BisteconeLive,UCxu6ptkyCUoZj7rsrYYB0GA
SuperVerso Brasil,UCyCd7_a5O3JQJlBFmkgx-dg
Mantovani,UCyDxq1X2OqwpMFoZ164jXOg
Gerson Albuquerque,UCy_B3QVULbWHKkuHzi4t05w
Galo Frito,UCyb0T6J6nL5ibo0HLRMINKw
Ratesneto,UCyhN3LPxeNFVEo4J1NJw-RA
Gabriel e Shirley - Games,UCymE80p2pHiTP4Xye327CVA
Jc Buller,UCz5o_2SLJjo777Oq3lFlUcg
Loucos por games,UCz99ECPCqonBx-7pV0by33A
Kaby anima YT,UCzQtk8cuj53-yTtGJpResdQ
Paulinho e Toquinho ,UCzmfQwPcjXGOvTLnGJQFUvA
