3xotic07,UC--HglPJgSdxVq29wy4wHig
Jack Stover,UC-2PYbQnLK3jAgZIr6INWvA
JordyBuzz,UC-4TgGw2iYMrFQQ_qmClKmA
The Sewlo Artist,UC-AhBSFJBZ_tLP-v1HwRMEg
Wahyu1039,UC-K9-Dut7WBOEUwFZKKWPSw
Old-fashioned Agnes,UC-fwvbGUBN0np3Pt2AHOPCA
The Geo Discovery,UC-kYUHnyckZz8vORiZTWDdA
marvin acme,UC-kpkAxWP_piRj0oWr1dQNw
Senzoku,UC-l0Ose5-_UtI2qvYD8Xnrg
Liquate,UC-nm8Wj5kcZATJTKqO9z7yw
DinaricSlav,UC-xA8eNn7pX6AkJJyyL2sOg
Elitelupus,UC00M4ztrpj2rMwpG6nMlM8w
EnGraVo-English Grammar and Vocabulary,UC05kZYupc60xvBfmYDlYLbw
thecashmerekitten,UC0BsRIdxop0TMclXRb7adqg
Buried History ,UC0EhM4_yWDbRD7QRHnr44ew
IdkSterling,UC0GbKJaeEN9k5CG1NLbN6Ow
Depressed Ginger,UC0I7OF7PU6V5iKy1DOql0tg
Green Soldier Productions,UC0KczG4sPsAXBQbOACX-wDw
SeniacTWO,UC0KxdtZUmdroPZXkC8AcUUg
Wondernat,UC0VCq4iLee7eUe-32Saa-mg
CCA,UC0b1Udsxar9JRghqEjw9fTA
The Scary Cherry,UC0fWyGqW2XovKQ8rfZjpBZg
SheThePeople TV,UC0oAMF79rcx6bqvzp9A4sSA
Best Viners 2,UC0vDTIi5YP1IVT7gZo0afQA
Megaprojects,UC0woBco6Dgcxt0h8SwyyOmw
Stats Media ,UC10X_pdYvhTG6YE7CnJeF7A
Lord of Conquest,UC15mxOHCA0mFvt9ybURPm2w
My Rah Edu,UC16Ofvlzz3aDTmoyz3e36dA
Music India Entertainment,UC16_PbAgvZWV4E15xsAYTiQ
ABS-CBN Star Cinema,UC1D36wr10qyCfisHulZ5G8Q
Safiq Rahman,UC1Hl9CtRTZeQl3oIu5INp6Q
History + Geopolitics,UC1LtmfHIUPLSjIfafLYZrWA
Kelly Edelman,UC1PfMFGws_LVHxoBnxzRj8w
andrea romano,UC1Prrgck1S6abc3yPWhc7Jw
Rule Britannia,UC1S52AThrl81VXmZW4wJNBQ
AquasCrew,UC1YxpNM4gdZayQSMe7A9bRA
IamSanti,UC1bvwNRnjapoytkp1LDk9RA
thrite,UC1gYgaHH-KJcMzchkjVyuEg
HyperAura,UC1je_9IH5_z2knS1tNPiHzg
GameCheater803,UC1kHDTVHEpukpt8TiJhgt7w
MC Atlas,UC1pam-0lJ9vZ1CxTC8r_bXA
Saru,UC1uDu828begrsPcT3glVZIA
Blunnity,UC1vEzAkZ91CgS5nawsC3fAA
Preu√üen,UC23PTLW3bAVU2rfZy0XH8Kw
Faqids,UC2B2qLAUIgK_yuUnFvy48eg
jallerbo,UC2Htqysy2Z7LL-lCdZBcajg
Pavel Kogan - Topic,UC2KQjCulhiewBdu-UGTsPBA
zakurouiii,UC2M90TpQUBYFeaF3lOpC_lg
KhaiiSaja._,UC2OPPQoFSorD_tB_tlCwpEQ
Monumental History,UC2ZkafQ3cCuJYI1hNk7eW8A
Live Speedy,UC2bW_AY9BlbYLGJSXAbjS4Q
MadMaddiePlays,UC2cQI6qA9v_k9zC1kef2-Iw
Loviq,UC2n-UO_olHogKAe_ZaI3MUQ
Global Exploiter,UC2qu0P1Uzlp9ewx_uOWheVQ
Foxy&Drone,UC2r6T_ospgWFw68vV9okkJA
Dive In Gaming,UC2ttPYY1p3F77TpOov9X99A
mil1330,UC2z0iozEfgc-RqpzQ62VA9A
Nickxar,UC3-SAhrk6C9AF4Klf3d_vkw
Loppy,UC397QYXRvXzNqH0hxQLk9cQ
TrickyyDF,UC39Q2dPqNAsTdix3PBdrXkA
Tobias Lilja - Topic,UC3E-Ime1PxcJcNKcevv8VrA
Animax,UC3K0rIc01U8ZsJ7dGM9_EBg
Colossal Creations,UC3Keb3135XgGH8XhTm_5Nvw
GeoMaddy,UC3UzwFE_hgYqrNVw1Z3bg6w
 GeMaLu Stats,UC3Z_VhDMUCLhMZL2o6ah0cg
M√∏rgz127,UC3_wBf47QDdcok6FSxvbqdg
BaronVonGames,UC3qSqrIqiwgAY4LE1YHRv0Q
Nviek5,UC3rDrtQ6-tDNbOMndYycwJw
Hypaholic,UC3rrV0Vhg5OZLhFhpgH58Zw
Dear Donald,UC3rvwjqFe6dzlY4Sg08RcIw
It'sejayy _,UC4-k0PkDMXlNqarDPDCKrTg
Anthmix,UC4-sEqWs7PAW5lvZz4gIUsQ
Cleo Abram,UC415bOPUcGSamy543abLmRA
TG:MUSICORE,UC41W3dpyBcqmr-itBitiWvw
Dimus90,UC47UpBsmbAeSLfL2T1ObcSQ
ONCARS15,UC48zMHqyTXoi8CS6_XYwQuA
Feeding Street Cats,UC4Eqt3jI2inoD4TIcvuctYQ
Hungarian Folk Tales,UC4IHjMTbstJlt5vO181UWEQ
Quantum Tech HD,UC4Tklxku1yPcRIH0VVCKoeA
KessiYessi,UC4VMLuVJo4hd16ywvKbAw7A
Co Vines,UC4WNEEzWfK0fJJxxjQ4EYeg
Some Dude,UC4XmlqYtCfXRPir9G3KrRPg
Minute Debate,UC4YiI44ph1hmdyPBsNZNdpg
PurrPleeHaze,UC4ZsPmhxWjanlk2mgUQM7NA
fooly_grulee,UC4arQjm34o25Iw7C3ZClgrQ
Blue Box,UC4cZVbT1TsvRSRfXhdp02og
King Of Dams,UC4f6LLE0lWEBvkWx_5BdbWg
Plot Movie,UC4h5FRhZXCtuHfRP5nvTy_A
Exclusive  Luxury,UC4lhKR0Dz92EFFkIrRelZnw
The Geography Bible,UC4lnpEse_SnqheLmcbbumig
BRIGHT SIDE,UC4rlAVgAK0SGk-yTfe48Qpw
FoxxySphinx,UC4uX1xJzYbdzia-M3CY0BOg
The Actors Academy,UC4usaktVRWJNqKgkgGtbD2A
Its Nenaa,UC4xUCQBIZWcm31htrQHzZiQ
TeaAndPython,UC4xmkb37YKNlsq66XYYPmRw
Sussy Recaps,UC5--PT9CKwthPkJwmw4EjxA
nxghtt.,UC5-6WDJ0mCQpjfhQTTD0B4A
Phonk Time,UC50Skh8HNEXD5Ir4StWh5MQ
Simple History,UC510QYlOlKNyhy_zdQxnGYw
Futurology,UC54w2TX_xUNPQ0d-3VvbsHQ
DevoLive,UC5AJTq6JTqQ2VTug_2A48zg
History Unleashed,UC5ERzh1ykDNM-mqnfNL8o-Q
FactSpark,UC5EcQrgvXsgGLR4ukxBTM8w
A Wolf in VR,UC5FFkEokZ3eIHLx5agiBN7Q
Hardcore Monster Fan üëª,UC5OsVzUMyZ0sWqEGccjF3dg
Happy Earth,UC5QciHe35MiA_adJZUI-TCA
Birminghamgeo,UC5XLMgP-f_AYpX2dIn_8T5g
FusionZGamer,UC5enhS5tdXhHNbj8s_kdBUw
dsand,UC5f7SMkMhIwMBAujIdt79zg
kaebi,UC5gbzP9NvTvWWZcQhDSgkvQ
 ‚ãÜ ùêæùëñùëéùëüùëé ùêµùë¢ùëõùëå ,UC5iYGfdN-7JzuEKzttUcPFQ
Nirami,UC5vK_xyMGgFmtOvS_DVcLMQ
WUZU clay,UC5y_hpfH1ChKcKx7wUEM2cg
MarioMaster,UC65m-_5tbYFJ7oRqZzpFBJw
OVERCHARGED EGG,UC6Cvfy8FWVSSSV8RAG8G_cw
CORPSE highlights,UC6DsecpopmwecNZIAiLsuZA
operator35,UC6JEaSiEnRUThJltkrnlPyQ
‚òÖ{Lunar_Geming}‚òÖ,UC6K9t-dLnn4p6GPYbUryWpA
Histography,UC6LyRXD915GDOFM_5unRfxg
Soo_sol [·¥Ñ·¥ç·¥õ],UC6NiQ7qzrAxsIcuuK3hk4ZQ
MegaBuilds,UC6TY36Ys_J6UPKd75TpRuUw
chickn_tendies,UC6U4jYU8JAivrYBHHmKMWvA
Hardcore3405,UC6ZOeeV4zlTjku2Y-KkpCaQ
Bino,UC6c3b54LQO5QT56-aJMUTcA
Ollie Bye,UC6gNjP1W4FXWExT5QpYkmhQ
The B1M,UC6n8I1UDTKP1IWjQMg6_TwA
Vsauce,UC6nSFpj9HTCZ5t-N3Rm3-HA
ü™®PEBBLE ü™®,UC6zk1fWVmyyP3bQCzMQIiHQ
WorstPremadeEver,UC7-e4BVU4SueDRU00h48d-A
ü¶¥| ;; lil pancake<3,UC74EqInYY3fCNMyeC0DPlGA
PUNCHROBERT,UC76bzks6aPP2aaE3DtrP_kw
Vatican News,UC7E-LYc1wivk33iyt5bR5zQ
Juneptune üå∏,UC7NuoGP1lELP5CQ7lHM-hyw
Cartoon Tales,UC7OXybIOsMhJk_mFlN0bjeQ
Fooster,UC7TIkH-0TzhP1EmSD9QN3xw
Helpful Professor Explains!,UC7YDNhW3mpoHC5gTK__oe-A
steak,UC7c8wbA9yQjzxkj2uyrHrkg
RN07,UC7dix1yC12PXApsX47ukjcQ
The Why Minutes ,UC7ekA5squ12MDEy5upvpo7A
Techy Talk,UC7iv6NbvkzaXT2BEvuIK2Dg
Data Wolf,UC7jz1EgdNDgPn35sl_DcpOg
HistoryWithMegs,UC7m8ZqvIc3n-arFGHES7UVA
SandRhoman History,UC7pr_dQxm2Ns2KlzRSx5FZA
The $10 Travel Show,UC7xP-m9hfVmFqNLaKGgIlzA
PeterSripol,UC7yF9tV4xWEMZkel7q8La_w
Bebahan,UC82rNcKjcMnllk_P2cxheJw
Terraria Slime,UC82ssRNWqBkfEP-UhCGI0tQ
WORLD TV HINDI,UC86BZp3x6Ii3h4JouD_yPWA
AFP News Agency,UC86dbj-lbDks_hZ5gRKL49Q
Tsu Ball,UC8D2sALCLBgrp8Wv60QZ9tw
Eternxlkz,UC8EV5KwPBnp07F3kHnj6-9w
Archie Kun,UC8FNdx8iRrXCJK8e70N9ApQ
Country shorts,UC8SoG0rSdBgiy6d4qiYvpow
The TopVid,UC8TmnHc3phJLwy7qYwIoydg
City Planner Plays,UC8WAaaW2FnctRI9coYJoUdA
Lukiethewesly13,UC8X8UV-STtI0PR6uYe32Ipw
Danny Min,UC8c-Cj4ym8bmuZwU_5xjPDA
Citizen,UC8ftgK-RIJQnDfvE5XUHClg
ONE Megaprojects,UC8hHbBYkLrd96-besZQz0Dw
CBS News,UC8p1vwvWtl6T73JiExfWs1g
Gabi‚Äôs Vintage,UC8voJ9Sjb9tdf2jVByTKlFQ
Roushan Ranjan,UC8xcEmHtzCuJg5FziuNEoZg
Kryptidz,UC90_PRRIZt9Gal7wpBaiijw
JoshDub,UC9DWJ33CMvIseLlyx6hyRnA
Ridddle,UC9Ep0Y4T5rvUuIfjKN1wqTw
Imperial Statistics,UC9UMUvP43zwBxdv0OpQKqJQ
gavendoesRON,UC9W0pTxiRtYbImQf4BbqE9A
Brixper,UC9Ydz2O-m5NZCuj04_MxngQ
EquestriaAtWarMapping,UC9_UXa8wNK1sR9oRYtVAG0Q
GrowBig,UC9dd08sF0Fh17N9Xv0-8sBA
Megha Engineering and Infrastructures Ltd,UC9gnrZIHAjSSbdaNDMAPVdA
Ley D Murphy,UC9hFaAVPnlpN5OFOvdshceQ
Dreams Music,UC9nBMSyKAzdafIJmLn6d0dw
Rusted general ,UC9r4UxNINa51WmOVsTub2aQ
anectdote,UC9siYW6fYnc8l_OtwpJt9PQ
RIPFILMS,UC9wSXESC2YOCOcZkr4RAS3w
Envmai,UCA52DOcapZa_O1BrRzvIBJw
FunnyBunny,UCAB99KQdbiCGRXTSrWkflYg
Fallen376,UCAKOdkL5gaGFWMsgARIw6dg
Brick Play Replay,UCAKkHPCtWqO12No0lRdjMeg
MeiMei Makes,UCASzEeexcmKe7Jbs8TTpbfQ
MonthSphere,UCAW6P4sYAHbPuwOJQptwDCQ
Mishashi Sensei,UCAXZnO77UXXf7jVTbTNvr6Q
Andr√© Rieu,UCAaX9NjMCos_Qwz3n41eUgg
Axel,UCAdpTiZAc89YcDSuuCpgakA
Euina,UCAhVvZi3ZEgNDSmLKPsKsKA
Mex Germ√°n 2019,UCArXLhRX3D2ace3kdt_R_kg
Daily God's Message,UCAsKibAOQtQw4qjiW-oiBQQ
VideoWorld,UCAtNDRp6OxfjmlHPunjZJRA
UD Tech ,UCAxdpeR-8xr9jWW3gwzOuOg
‚òÜHairyFroglegs‚òÜ,UCAyLLPlShn0J-gt8tedsIKg
The News with Kamera Jr.,UCAynUBIkB7gX10An54eEt4A
DruuuWu,UCB0RoMR2-RPFtvE9rJonPiQ
Mr Geo,UCB2n8HJc5rV_hD_vop5VE5g
Rova_Kitty(¬¨_¬¨),UCB6kdjGxMzbuhK2yWJmdl9w
Spiegel,UCBBmSAI3YtC4B4QJNXhk-Vg
James Is Over There,UCBFpwui0KVWItwxn-7bm_xA
Enigma Explorers AI,UCBKmwRI-m-Wf31sYmxtAw3g
GenBreak,UCBNJPnxNqZU2jf6rqztFKSA
BigGaming64,UCBRQg9kB1hCwajeB1iwHs9A
Map Nerd,UCBcw8L7UiRtb2AAOySWVUqw
PixelZmc,UCBiyI6f-foZrgSsfj8XykhQ
King Of Dam Breach,UCBk1ChHCE4g3Ozt8smOJNcA
Divided,UCBnIFyyBLF1IKoigQMJPcig
Here's Squidward,UCBtAdygf3JK2qCbhFE__Tvg
Rabo9D,UCBtbA8aSKORcOr_Bd5STeEg
Nenaa Plays,UCBu34VuW9ieKvWAUl8Bs29A
Zelura,UCBv64DuuZ8HqWBnoHWprK1g
HardReset.Info,UCBviUkaeHb3SQPdtIRTNtJQ
Sahalanthro,UCC5qug3ftAoz5Zwy5dpBMsA
HorribleGaming,UCC5spVZ3YG6DskEo84Kap5A
Slimefest,UCC8VfJZM_xytq7DOcy05rcQ
ashswag,UCCA0tdsd4tZc6j8HHtmprHw
RaRe iTech,UCCATX7Vu9dpNFwtCRqnnMew
President Smith,UCCAtygbEZHc_OSOSxagxU3Q
Star Abelar,UCCDotW9D0t8a2b-wpJtuvHg
Ursa Ryan,UCCEBBOJXdQ3lwoCtYkCnIRQ
PixelDrink,UCCIWI55Xwn91jxDJwyCTsfA
‚Ä¢{Starlara} ‚Ä¢,UCCJMnyxny5JlZ1s-sk7rz6A
PakPinoy Vibes,UCCJQFgpml5hUgPK7OzWiKyA
What if Animation,UCCJS5Mu0q0BGYTS4NRgHPUQ
The World of Cats,UCCJd3vy4OPW7rVnCSynM77g
Tahvo,UCCQNkmRNM3fPbYeo4XQKogw
cs188,UCCSaQLMqanFT1GkHANX9w2w
JustSomethingNew,UCCXPCdW_5WUaiLZNj2VO_kQ
Paper Skylines,UCCZkeT4u5kRuxp9R9U3o_cQ
Music Game News,UCCgVh36x3hbuRnHMpwl443Q
ZeoWorks,UCChI8hw1CVC1wHT8LFF1ymQ
BBC,UCCj956IF62FbT7Gouszaj9w
Hazard,UCCkLFYdNSIHKyEK1zNfcmTQ
loly,UCCsUAgmcl8J-xt7g-X32WQQ
Danno Cal Drawings,UCCuZ0r9pDMI8DwhtRV1fNhg
The Royal Family Channel,UCCvgLV2Ixb8KCemj-UtXZ-g
maherysm,UCD0jdbYO2aNVaXP7MfWzN2g
Quiet Nerd,UCDA7FMmuMau29QEGMMndphg
Daz Games,UCDBCCMlFD-hArPbWv38FINA
Orb,UCDJr9fXP3j3W6YZz8ODqmDA
Rat Knight,UCDZmaFnd0wA5vDvnWI6oU0Q
VePod,UCDi7Zfcyimy398wKx-jm-Bg
morznek.,UCDl80WVfj_N-c-poFSopYmA
Ambient Feelings,UCDm40bO1iy-q8ACvv1iZ_6A
MICHAEL,UCDqDnWqCzz_X9USEn4p8Org
Map Lad,UCDqQA5QPBQBvLy6TSaG-0Sg
SUPERLOU GAMES ,UCDtXanxK2_u8AAmE9xKpOWg
Release - Topic,UCDwXPzsqwwJqb2s_Kki3Dzg
Nikocado Avocado,UCDwzLWgGft47xQ30u-vjsrg
ABS-CBN News,UCE2606prvXQc_noEqKxVJXA
BarneyHunter12,UCEBbQnYxuW7tC7pY3ZSWC3Q
Mega World Project,UCELbDPGVN2mx6CgAfukGGqQ
VeeVex Shorts,UCELts_uwGFF5uwaHIFSp41A
Spinning The Globe,UCEPG8B0qN6IFj_VP6jZd0KQ
Interesting Engineering,UCEuiOszNd6msGgqsD0f9YAQ
Brick Disasters,UCEvvQnVKwm8QZOfHzQq8dsQ
Classic Mr Bean,UCEwIUtFBhaI2L2PuKv0KL2g
Reed Schultz Geo,UCEwd_VhwoyMnRAu5O8r0pzA
COMMON THEORY OF PRB,UCEww1WNIfS7VZZvFWHVoAlg
Inspirex ,UCEzL_0Fq5RE6k9boIQ3v4gQ
RD12,UCF-qnKEu20UfLaCPb9LGMaQ
J. Draper,UCF0-84qhSDVOq8i2I3jDVcA
FoundInMN,UCF1SHlGyL1U-Rg7n39gKyIA
Not FearOG  ,UCF4zJTKiygEE4wNgee0r89Q
Walking the World,UCFBuLAIDkOyEMHsb6p8AZqQ
Yor King,UCFDIggf2cXLcr-sVxEooD1A
blockblastyapper,UCFGhMdRSKRGIVhaTaFa5i-Q
TheVino3,UCFH3snpCaNQHcopEqz0B-_w
TKTails VR,UCFHUy95T0ftDIkQKFdRZSHw
Prime Recap,UCFIxVe7v_ZuYplz-lLJ5ECA
Lathland,UCFLXUteuWTuXIjxf2OpKC4A
Keyson Stats,UCFeHtx2zKPOqVU_NrCCaz_g
Blindflug Studios,UCFfKnSEUR48Wdv0ZClQ2FpA
Cosmic Hour,UCFgi4RA2Zl9VOaVjdRU9_2A
Countries.Explore,UCFuPMIThvoQ74i-8prgPWaQ
Gabs <3,UCFzSBCdVRVUXEKF-UNmHhAw
SEV Brick Studio,UCG6isPQrj1uq0oEqAtN0FEA
John Parker 117,UCG736p2_1Lx0IG_Io8fqZKA
Aiden Music - Topic,UCG9OmEVk6n-6Bl5B0G24CXQ
News5Everywhere,UCGEbMwiX774cseKvJqF9R2g
Groovix Vibes,UCGHidGJCwywEI54ZSLwXHRw
Claeys Brothers Arts Studios,UCGMlfwfV286edst9FTZqtKg
tiny WORLD,UCGVOF5uXWZGk2MjOMclj9Og
City Beautiful,UCGc8ZVCsrR3dAuhvUbkbToQ
Information Plus,UCGd9I_UKc9qxUqoV1P-Jclg
TheNineCalories,UCGj6nGbuww8Eog71BYPIhMw
60SecondClub,UCGm4mxGV1gDyh0iLZWtU_Ag
portrayed by nothing,UCGnVmfWisyDiwNoWl_vXgow
Sunday Cool,UCGo0VEAAJW0o0FZdQ-wmTmQ
Glimpse Senpai,UCGoE0HynPD7QZBc8A31EPwg
lizard404,UCGskpt_wcVTLltA4zI9zsPw
Geoerkl√§rung,UCH6C2XWyi6uMXnYDwdYGB_A
nobrainjames,UCHCwb6dKt4534vxX3F9OHKQ
DoepTato,UCHDuKhJOV7d552Ib0WFLuyQ
Sai Kalyan Chintala,UCHEuGmM5ymbgl0f6hNC6a0Q
50 FUNNY ANIMALS,UCHOvqvAGd2--6i_2H9jjFkQ
Stop motion creators,UCHQQ7I3qjh4PuQtpGZh0NUQ
Pexy,UCHT2b9_VYMAoAqBgPOJaWZQ
Xplaining Studio,UCHTlhadiQXTLJ7ykXQJzE0w
SmittySurvival,UCHUCVTOT1KcLKEbSPbi5quw
worldatlas,UCHUMBvrFshHGTJazfRIDLWg
GroovyGavin,UCHXXj0KkMdqW8SDOSoftesg
kreesta beatz V6,UCHbvaLa7KferYHYU55IBYZQ
Peter Prankster,UCHcvNXNqOECaGgDL6UWuJ7w
The Chronologers,UCHew1tzCunMpgFCQJ-_yWEw
Best Moments,UCHgtahqfKwifIgi94KX5R7g
Pr1vateLime,UCHmCNLSWfsA6uoHB-3ClP1w
Shrekardo,UCHnrFvnkP6zV20h16j-DGJw
Korono,UCHq4Js5etX3i7zLD_jqevyQ
PC games on Android ,UCHwDy47BzHhwRjHuvyYA3Dw
Deebo,UCHybBj9rTePI4L82RAqtrDA
DANIEL,UCI0iNCrnHhvPRzpI0tkmmeQ
SteelFlesher,UCI2FxsBiMhH7au-6t7pzfmg
CheapPickle,UCI6iuVp86M118Pa2_0NcjOw
Sipover,UCIDQSqdVuNwtfRMKqfX-o7g
David Rule,UCIEcomD6jGjTMD4UCIx1dGQ
India  mega projects ,UCIMJhVOY9phoaqriRBGJtLQ
The Dodo,UCINb0wqPz-A0dV9nARjJlOQ
Chan4444mc,UCITTiYHGwHRwzzyN05PGt_g
BASS BUSTED,UCIU2ytVcADevccaEcoL3B3g
Crystal,UCIbnNGQ6BxGtFYUiTrqWzRg
Jur,UCIcjOb4D3KFyGl2_XoNMCmQ
Rank the World,UCIgGG2tZOJUdHKO12w2fmtA
Doodle Justin,UCIhEYKdLPRpx5wshIaF6pGw
Reckless - Roblox,UCIr7ADwlMksk4IuFFEcVgLg
OhEvix,UCIrEBZjp3WDL8Uy6dO7QxQw
Bubblegumz,UCIwSi06FQziXhlvM8BSuz3w
dojadog,UCIzKvGZN703WXCbtOANr63A
Forceman Bricks,UCJ3lXWXYutm_0au6nr030eg
Jakynol,UCJ8jIKo62NMmTSptXwCTvbQ
Snap Strategy,UCJK4WRLF64hpJrRIjIkQsdw
Frigidous,UCJOkRDGroXT2lcyGbQ6rXGA
Memer Beamer,UCJXZjF1sGDLNAtb7nMhBKwQ
PHD Mcstuffin,UCJ_CjbIHEySj3vvouZMU86A
FadeUnchanged,UCJf1vgH-DyFff0oC9UOosIA
JustNvision,UCJiJibxMdOBlZ4IolLfBzPQ
Nas Daily,UCJsUvAqDzczYv2UpFmu4PcA
Firedyne,UCJuIQCtnB5s9mRJI_kVY0SQ
LilSkriD,UCJuIUYVr_QsB9Iut1k2suPw
Steven Schapiro,UCJv5T2W-D3K3fYO0prgv5uw
AlotVines,UCJzXOglovnHQAdrJtqwnPZg
OBF,UCK1XzxcKXB_v_dcw_tflC1A
Blitz,UCK3eoeo-HGHH11Pevo1MzfQ
STEEL BALLS,UCKAaTrTVmohn1Eqt3t6o8Nw
ISP,UCKEHKGXN9i0djB3tGHbfCZg
GMA Network,UCKL5hAuzgFQsyrsQKgU0Qng
"Puppet Steve - Minecraft, FNAF & Toy Unboxings",UCKNV3C-EQDRhlAKXK_dBovA
LV,UCKPx9dnkY1EX7El-lCrqDlw
1045HourVitality,UCKTEBh1PmVqkIobYgWBB5qA
LazorEffect,UCKTrRrMOaeYltDtM5FdMBYg
Brick Science 2,UCKWi8GxhncYBSSD5Nsb6oxg
Erick Chamu,UCKcePJgVaWn7clYFlcHCX4g
The Military Show,UCKfak8fBm_Lhy4eX9UKxEpA
Looking 4 ,UCKipICKHTWUR9nmkGFUiFgg
God Lines,UCKmOWJsOuIZqTHp0jL1HDGw
Justin Schmidt,UCKpchZ_8kOYrN_-lPIuK6ZA
IGN,UCKy1dAqELo0zrOtPkf0eTMw
Primer,UCKzJFdi57J53Vr_BkTfN3uQ
MegaBuilds Unveiled,UCL6TCceMlajN1xK_h5q4TKw
Estoniaball Animations,UCLFBt97h3wlnSFuqiF5BN6w
¬°Kenji-StudioZ!üá∑üá∫,UCLGZRfKdXy3mVa8YCgHcOGQ
Yt Crop - DIY Crafts,UCLGavkOcCWKYTVh9DsvjYTA
Ghost Mimic,UCLGrGIy3-_21TLw2hhg4uwA
MusicianHashy,UCLJV8aQFRN_ixJMnFC3SWUA
ItzMatheww_,UCLOd7qttJ7m8IcbKbNaeYBw
I am Raju2003üáÆüá≥,UCLP1SJZOyaJzIOukqBJWIcw
AniBox Facts,UCLRGBPzHDwQp2807cEfY-8g
Brick & Gear,UCL_cyG4Jnfw7G16XfHzmzWg
Shulkercraft,UCLdQc5zUbFpM4Y0iKfESDTA
Humek0,UCLe29lXEzWgI0fwgBLwGFyQ
vinrino,UCLe5cXYdHc1GE3chsoPw4QQ
kdsnbdfkfdbkabfmk,UCLeUfp9nXgDj6Y-1dOEubRQ
Sage Build,UCLgz2d1upFjC41CfS_Lkb1Q
PWA,UCLhSJ9SUOsBm2hEbw9jWA_w
chobuildersdogeboy,UCLhUQIYOeCvuOMd5ekiQ5ig
FireDJ_11,UCLjZu9nkVJp_Yv87wbNY_UA
Random Channel Ketelin,UCLjv1v1L9q708UFLbxIcvmg
TheBasicBuilder,UCLlzpxZsl46jiuc1A0VsVdg
CDShuffler42,UCLmx9rtWX9_7J3F_U0dcdjg
N_002 ,UCLpxX99F33HD4TmGprUFGJg
DeathCottonCandy,UCLqzE3dsjphOn5ws92rVr5g
TikTok Phonk,UCM-HZANn5AMYElffNxMwoLw
Sxftcheriiie,UCM3vwFgDhePaZYk6Xd25FZQ
Vil,UCM9lwgmQe0XSehwjvm-xk4w
RipSnort,UCMB653_CTUC9quua0pBfAeA
Emeraldo | TheoTown,UCMCHJVDlHV4yqaRGpk-nIzQ
Aiden Striker,UCMF-crR3428TvgTS6GMVPcw
PJ & Jester News!,UCMFNzQgB-fXJG2oB1ghh_og
Fingers of doubt,UCMKX-I201JBvpmVAbv2hiGg
AstroTube,UCMV7rgmje2SfXR0djjj4VvQ
Sir Cubworth - Topic,UCMYrleTwHt_syBmNPBp_kZw
Funky funkin',UCM_F0Ztm8gFlvrhULf7sXMQ
VilGP,UCMaalxDlb0jWRSuDoz1_Cdw
Manhwa Pi,UCMbZWk1KFwkBlckVneVZCvA
ùêÖùêÄùêÅùêãùêÑ üé®,UCMdRYKUqwMWtACK9Pp8gy_Q
≈Åukasz Jakowski Games,UCMepMMXcawDFCncI_z8nxwA
Mrwhosetheboss,UCMiJRAwDNSNzuYeN2uWa0pA
CATTY :3!!,UCMs_gTildz4mtiKNEd7dwHg
GrayFilmsProduction,UCMvxJ9EwcM4OWPNCgZcbvRw
Links_,UCN3LCz0ctmchHehOeU73Pxg
8-Bit-Cookie,UCNAeLuUehN9Q9IdXew4nEOA
History Bypass,UCNAek4srjvZvjptytiH99bA
Empress Movies,UCNR3zG7qFaoenEzCovQYMoA
TinPotGeneral,UCNTVL9KOdR6oTqdsOTjYihQ
Family Home,UCN_L3ZnyRG0vNtrJmB0naxQ
AXS Music - Topic,UCNcYc_LJG_vCzkVolNEgUuw
Alux.com,UCNjPtOCvMrKY5eLwr_-7eUg
Pravus,UCNoLwxiLiQIKX2Lk0WuTgkw
7clouds,UCNqFDjYTexJDET3rPDrmJKg
Stash Magazine,UCNtaDbQvj2i-6KN1araC3Hg
The Curious Pod,UCNwF_VdWDazCTMTDkqwM1wg
Karolina ≈ªebrowska,UCNwZIGnHkzy6KpHPQtserzQ
The 360,UCNwnpDteb9WSQx4r4k5jAfQ
Bottle Lore Shorts,UCNzZk4Mb0iNhc310qkJTg1w
GrislyDeshaun,UCNzzo6bsrjOST47aTqNf4Nw
Real Royalty,UCO7E9XfJ3_sb8GNiaP563fQ
WarpingFist!,UCO9pX03BtyeX0_ZiHLuazrw
Smart Bites,UCODcFl4jGNskzqmfNeId1Ug
World Fun Facts,UCOEAW9olvDgxMKe_fZ4Tquw
Cool Beans Channel,UCOFTT7K6qLvUAcNjblaGWJQ
Vishal Rattewal ,UCOFuco8xM-iEDUkDVXJvBeQ
JTW,UCOGbTjCqxZfoObUC0nTSQ0Q
Starboy ,UCOJvhxw6IL6xCrILVVXAbeA
FilmIsNow Movies,UCOP-gP2WgKUKfFBMnkR3iaA
Matta,UCOT8qGnJ1JcUMBQADb9btrw
Forever Nenaa,UCOfDaG-9dxtsC6q85eBR8WQ
Merulush Stories ,UCOi6VraDHYSSiO8jtIAq1xA
Canada's Got Talent,UCOtR7QEHj32VrfbvhKr9FlA
MDM23Fan7120,UCOvMnFc4h0dvfJg8WMj61dw
NumberSchool,UCP47ECVuKLgIqGfMxq1Mgag
RealLifeLore,UCP5tjEmvPItGyLhmjdwP7Ww
Waleska Herrera,UCPAz3hWHiBC-c1x4K0-atsg
East Films,UCPClpfRxwHKLmzFsv3wWgIA
Beeemon,UCPFt-T-3hekTIj6-Ef7-6BQ
The Pet Collective,UCPIvT-zcQl2H0vabdXJGcpg
Alpha1,UCPSTxWkQP8r389HnyG8faGA
Cin√©mavore,UCPUiQtVDl-aIc34s5sv2PEA
Meheandus Revolution,UCPVM6Sv60b7EFPO-Iyaf9MA
Swiss_Person,UCP_vvujwxZF8-OcTlYH_7Iw
Vaine,UCPbq3ejhB7D4rjv0uGi1NNw
Drew Durnil,UCPcABVoFfCK5gDfX0PY1KGg
DaThings,UCPd46rZJF4uDUfHWwxtlsQg
Jameskii,UCPfjB94mhe8Gsnd9qIzUKHA
HAYANURA,UCPrLc-QdZDWpiOAJTNcnBCA
Geo Discoveries,UCPspDRhP6cctNYY3xzcRZ3Q
PZ Gravity ,UCPwijebU-wJdRCZkgjs_NCg
Suss Jaj,UCPyvb2tkhoTljRcVrf-qpUw
Politicized Gaming,UCPzQ8xmOX1qIyzGHGAhsZxg
Centauran Fans,UCQ23ME_0FRqSujuvoWgkBYQ
catmania,UCQ3gcNCdIMPNHSeqVHCfZ-A
Skid Kids,UCQ5kqUO7Pkc7YWRNnjetfbw
Ingen,UCQ7_q-UwRnso1AzuYrJEuEw
SW3RVY,UCQAlclK6z6XDgugIjr-dwqQ
SolarBalls,UCQF0f62JXnfFSxKDmN8SDUg
Leonard Bato,UCQMc-uCJN2B3Itw0hTlCn1g
DG - Roblox,UCQNSNQ14NawjETd8M3tXDQg
Irtamad 2,UCQRTS2f5wG4oZMkdItrjqPw
Aohi,UCQ_bAB2LEnpCACRnTBbWyrA
Angel Cop-out,UCQbgIIUpjfaHCWQjUSATB2w
ExpertDeath,UCQbtcN9FfaELFoRP_Bg88Xg
US Army Band - Topic,UCQg13Pn3xos97iFsjR1FwnQ
NewFall 2025,UCQlB_3y193h5lvltZaILDBw
DEORI FACTS,UCQu0Y7loB1KotDyU3yzEXlw
Ovama,UCR2hXGaOTynJ8fur2PUk9Sw
TechJoyce,UCR4ZpFWX29p4YCajQA5fcfQ
Acb King TV,UCR6CTyz0p3k4wAY6HRELqZA
SONIKZ,UCRBlxZDX_sn1Ymbzh6v-LOQ
K10Productions,UCRDkWLNMY0wHkqCF5Tnyw_g
The Spiffing Brit,UCRHXUZ0BxbkU2MYZgsuFgkQ
Komi Makosako,UCRMrBtreQfd-AzAe2hr7Ssw
MisterArian987,UCRNci01cuz-8jUwMx2eEi6w
Outer Side,UCROjUvUiR75tPKmLjwAEZXQ
doctor4t,UCROkFwHWMk5QeZK_LHJPu5g
MM Fun,UCRWV4BYZRomYo6BMp5rwNDQ
Matthew Beem,UCR_J_SntqJh5eXw66d5hJxA
AngelWorks,UCRbuzqPhMHYmQR_Ec1OrW7Q
Chad Griffiths,UCRc7fHYWp9ThYaReiz8jhyQ
Profik24,UCRcwan4KU8Rq81l7EsrgBUg
Mathis R.V,UCReO77LqyFPYfsNmvfoaPrg
glorious maple,UCReT0CIuuetyIHSuTow4OUA
Seniac,UCRg_6vX4BZgAS8xP2373sag
Aqua,UCRheBhiIrDCJ9tLAUQbJ_OA
AHRC√âUS,UCRlEjrFXGi4cTME9MltWPww
Thoughty2,UCRlICXvO4XR4HMeEB9JjDlA
Algol,UCRr8E9l1JA-RUhTc9NIm8Iw
TriFate Lifestyle,UCRzBNJTsBe2rq6pkyXeaj1A
Eeook,UCRzcaueNY78lW541cj4vipQ
KING Z,UCRzvCUErHNU7gsWljV_QytQ
AnimeRavel,UCS-AnGfF08nnQZvijEGDZnA
Winnless,UCS-DIC05lHcq05Gw3ZoCZBQ
Swayle,UCS3Iac7JbyHzuXmYj34weRw
Across Media,UCS4PgHX_XtxYMNgW_HFdPhg
DanTDM,UCS5Oz6CHmeoF7vSad0qqXfw
Skib,UCSAJ2xWrhPp5r6QCDVSkDqQ
ambiguousamphibian,UCSDiMahT5qDCjoWtzruztkw
FNF - THE INDIE GAME'S KILLINGS,UCSFLqSF8Hz4pucakdPb1oxA
Gremlin,UCSHQ_OjgBAmERAnHVxvtONg
Duncanyounot,UCSHff31HSK0VVPOzGTz8dPg
Csama,UCSIcLx6S0PYhzyztz-T8RJA
HandOfWar,UCSWsxZgvKRKVbMeKialKlsQ
Talent Recap,UCSWwb_YyNB8vuC1VDcfPPaQ
jstn,UCSZ5tklB0rQyi-8P0xDBp3A
Puff,UCSbuOIo2E2IVg3_zA1k2DTQ
Army Stopmotions,UCSpywtLOlmtUXnZjsqwsnFw
Countryball bbbgt,UCSq8biGA6rlpgwMGSLjpUAg
Funny videos compilation,UCSqkZgV9GBDObElzWa_kKpQ
Lokum,UCSr4SgrZVRdkk9P14Nf2G4g
Mairusu,UCSuVvJFr2KV1NdKNWuTelPg
The Bendu Order,UCSzgDDN-3WLKAWWV_JvbmbQ
BrendaMaryanArt‚Ñ¢,UCT2FyNShOB80Cfs57qTpTdw
Georgepro15 ,UCT3PwAsU6ratNvzrWbyiS1g
Historical Total War Battles ,UCT5p5cefdnlpgvyxpnav7GQ
Yahoo Australia,UCT86fneSa0TlH9hN1EJhmSQ
DJ Thorn - Topic,UCTFfU5uoM6LaV09fRzsbdfg
The United States Army Band - Topic,UCTGd9byVKaKnrIx6we9K3mA
Mr fact finder,UCTJKL4bH1tNXJ8YUHXotriQ
Earth Percpective,UCTOWNS8ha9Vruplsj_nIQiA
SparkZK,UCTQKN2P0iHKZNDmXg3ZwMlA
probably someguy,UCTQhuzInXvfwjmXMNNTQuBQ
Andjobe,UCTRKbVsBIAowTvU4B4yxJTA
Global Things,UCTTfeKDGCqxot-KfjHptP_Q
Nensho,UCTiTbzkjVAc1oxB9q5ZhgMg
Germany of Lego,UCTo74QTq6dV5gs5KIywbaZA
TadaKX,UCTsEoa3CF1UWf1MtAxvcwog
Derafog,UCU496leq6TmIPrdEaJ9ATxw
Plastic in Arms,UCU6vcjInckpPjbuBExRoCCw
Fatal,UCUCntTDbNY4vzVJloh9SMGQ
Graveyard Loon,UCUDnNx1J_6kjLMntl-j0J9g
GhoulTakii,UCULZx1deFKd6O0nZutA4sgQ
TD BRICKS,UCUU3GdGuQshZFRGnxAPBf_w
Business Boosters,UCUUpba7jYp7_uOoXGZveKSg
National Sweetheart - Topic,UCUhxvAOvua0oL0m3XP-abyA
PrimeReactions,UCUisTj6U2jIWGHZWFvUUmUA
Ian Berwick,UCUqIRbmRUoUKKddCUOxSvIg
The Grim Kleaper,UCUqLwBXfSeA4auWIX1ZLZJw
Brick Technology,UCUuvZ0skL2WYZ3rhPMZbfdA
Versed,UCUwQmBOM-tpGP13zx-vNpbQ
Updates ,UCV2aDCTL6NzaPkg-aduZcew
Tampiko,UCV2mpSWpokBfIon96tSd2Nw
CircleToonsHD,UCV6g95OBbVtFmN9uiJzkFqQ
911axe,UCVCgjNVvEMUqg83_vROQn1g
Yaz,UCVJ-AB5jVY7OuQwfLRKvrmQ
Mapping & Yapping,UCVKaM9NGc8pHkQniPaSVRQw
Animal Squad,UCVTIQDAGWGX72kp4v3vrCnw
CountryZ,UCVjWIUtdNizm-0eFyzhAj0g
DazZleHistory,UCVrJtBoNkULwwVSD3onKI5A
Prank Channel ,UCVsBbGtQy53-um-A4xaToDg
Bread Of Life,UCVvjn0yponvYoCE3cQMR_Fg
Sach Side,UCVy2-rMrkhVNkh5bGYSCD-Q
TheDevildogGamer,UCW07alAefFXWdo7RgEDtBcQ
NitroNuke,UCW0GgyLVrPLEEZ7EqXxt-Mg
$ winter,UCW2W2BRN1XnkSS_lcbph0HQ
Qwistoff YTP,UCW92Ow5bdzZbjKh-EELOKPg
HistoryLegends Clips,UCWFeZ3nysl77W7yle9c_lag
Ankhor,UCWO3B4jZg8WJZ3jVFlz7DIA
TDC,UCWQ9ZFFhEqUZ0r1IspnBm6Q
Crazy Russian Sergey,UCWT9PWGZNouXYt5KZtI2phg
Captain Tate,UCWXB965c8P0KzY9MmvvyEUQ
Miniature Model Making,UCWXKz3pmPeuhRR6E85BHxHw
Sabroso Pinoy Recipes,UCWYZL_xwz_ZGGeJfl2-2fdA
GuideRealm,UCWdCOEFAsnzUJQgQOw3vu5Q
BaronBrrrrett,UCWgSFdg1nzYcrhTJco88PHA
Deepak Dalmatian,UCWh0OQwzdIPlKiQndgDbcLQ
Sid Meier's Civilization,UCWj7XnnfbKHGVnZ8iSoETSQ
Philippines ball,UCWjO_KBWgFC0YFUgiojYPbw
TexPlays,UCWoq973WuWjI4WKvS-YneOQ
The Infrastructure Index,UCWowqi-WBFxLb3IxGqTEk5A
Unknown,UCWx3k5WsLoUcA_JqPjLlZUA
SlovakiaBall,UCWzf3A2n-IyAZAtyb9-FpgQ
Complex animations,UCX-xdYTwFkNMWaMdK6BEjTg
HorrorWasntHere,UCX17xNwKtzr-174Q3Oyu1bQ
Trench warfare gamer,UCX4mPn-9AIuuOjFi_sRvAYA
Marcus Veltri,UCXBcDYUr89ImtOLYaHPiiPg
Mickey Munch,UCXBexZ-MxdGtAcd4KWFAfbw
Globe Addict David,UCXJniNhLPJSeYXAfUzexHSA
TownTheo Land,UCXJvXOrAM5nAh8SEe7s8ZVg
F Travel,UCXKySqoU6jsfq89CF1mwuBA
Data Duck,UCXM7k9e_wxy7ZDuXSwmqedw
GrandLine Media,UCXNFQ11MGdUELSMx25cNwZw
Krzesimir Dƒôbski - Topic,UCXWNjLOUiW8nJg0YWVRxRPQ
generic,UCXYaYzzMlfFqRtoGP4hwl4A
BunFan Games,UCXYbC6VvdvR0YNE2bhzzqKw
Viral Newfie,UCXYk4ACyNo9SLz5oshXMRew
Luis Ramirez,UCXbv_yejTKHNOoYOfqxBv7g
Davidjustinn Shorts,UCXcMEuLWTxA2D8IZcfouBiA
Anime Anxiety,UCXcxsa9BEAmVzQd_jCXBzuw
Saddam Hossain,UCXfm47uCwkchuHFU7LEc9Gw
TOLML,UCXk_AhWFEUL6KKqFZkR7Jfg
Master Slender,UCXmofTV-zLahLTk004arvQA
Hellokitty meow ,UCXqCSWNEO2lCPlg6E2FoxqQ
DarkHeart,UCXrOqlF8mLrZcKyIMop8vaQ
Mark Rober,UCY1kMZp36IQSyNx_9h4mpCg
ùô±ùöûùöçùöêùöéùöù ùöäùöóùöíùöñùöäùöùùöíùöòùöóùöú,UCY5NpWfZgFNO9E2LyBGq6eA
Aashutosh Kafle,UCYG5eyKSmhgG83pfq9Ag24g
HiddenGlobe,UCYGX5oL_XZKwG2aKq4HrUGQ
FlyingKitty,UCYQT13AtrJC0gsM1far_zJg
Ninja Client ,UCYUItjb9JZ7CNmx5T-SFEOA
The Mayor‚Äôs Knowledge,UCYcYLUEZP_-nVLpB2ThtV1w
Rewriting History,UCYf-oo-ULlXA_Cpz1rGFvMA
SIGNUM,UCYkV-5QfcPBwlIPH9HxjHig
Coggnize,UCYmeh6MS6sVnwN94MD0MHSw
Donkey D,UCYn4BPFagMB0YBUIsg4azqA
Dome House,UCYrNSDfYkkR3ZdkRyKHGifg
Just Games,UCYwS2mvPwopKfYBZl1NrMrQ
Biffa Plays Indie Games,UCYzO4HZxgXc2UJQD5bIo8AQ
Ryan Wuzer,UCZ3vEGfrm_lFskEAFUqKhUg
SKXLUX,UCZ469gPEBBXCiAqLRFHxWTQ
Economics Explained,UCZ4AMrDcNrfy3X6nsU8-rPg
Evelyn Bailey,UCZEzk9jm7yARZzY8Jcy7m4A
Polandball Official,UCZLOi_T4PJ0Wg9oBrM5X8eA
ashiko,UCZM9Ex_XgDrhNJvtGUk0CDg
CrispyGo,UCZOcVcD5BFomT8EdhrKb5GQ
Curious Elephant,UCZUlf2TKB8vATuo5-s1N-5Q
Ameya Joy,UCZW2j33fwx2naYnlmeSSLqw
MapMystery,UCZaHsU0PPOdqyD2NGsxZxFA
countryballs,UCZiuiCKoYn3G0BmKRDGmp8A
Laughing Copernicus,UCZjvz-76Uyg5bJFFKoG-5Gw
OUROBOROSARQ,UCZlwM3g-F6AkdIZqNBlrPww
Ankle,UCZqQeG3AsgzNSDg5Q0wZ16Q
Emma L,UCZrFDU8Ls1xiec42lG6BVEA
Interkast,UCZv6uA8hKkUbGje4KrLkQhA
Fone TV,UC_1lLrqMNELTOLK6ARkoOcA
Scorpo,UC_2Pifpk981bmvM69nhM6qg
Icariaball,UC_2WbOWf6K_-6tX8LiBfHqQ
Past In Seconds,UC_3Y3ZncTPLDOyWmQLhHf-g
Toshiyuki Doma / „Å®„Åó„ÇÜ„Åç„Å©„Åæ,UC_6SeOtsRD7vG9QLz1mGM-w
Game Boi,UC_BAbYhjLMgVax729KQ5mOA
AANeonGlow213,UC_CBLHg6y8WQT232MxuK66g
Larkspur,UC_HGQ9VUqZiJlLKUJom2xDw
Ariel from Hazariel,UC_Man28oT4MwiSkNQ7M5YvQ
TheFabrik,UC_N-UEWCQSS5DS1MGKmdHNg
Reality Explained,UC_Qcjmf7vL19BYW_bHYSfAg
SSJ Carter,UC__xDTTjzFNMIivfQ7lQAkg
Infinite Vines,UC_eR8YpmUyAMi6tlMZrH-ag
–ù–∏–∫–∏—Ç–∞ –ö–∞–ª—É–≥–∏–Ω,UC_gLQ9R6WLkmL_d1EppwRrA
TactiCat,UC_q17dqdYG551Zf11z6u4sQ
Reed It,UCa0ENrlX86YfzFQpOknRmFw
Itz Me Ninja,UCa0o0afLdSXfIwFfPEHhjjw
YourBoyDonald,UCa1glFDpZeQjl30Y0tf5ITQ
Harvest,UCa2bIkZitgzKokWDH7dnA8A
ùôèùòºùôêùôäùôàùòΩùòæ_ùôéùôÜùôç ùôëùüÆ,UCa5WLwz4wYS16a31FY4lPYA
ü™û jade ü™û,UCa5fMN326G6hu1mKnvS2s2Q
The Map Spy,UCa7NSsPUKj-gP0O1JFPJzxg
campo,UCaDHfgHsudcsqdZEsuOqMfg
Satisfactory Shorts,UCaIJsR9PK2YYYnEPFrxeetQ
Ani Oops,UCaP0bhYn1S84J7L9RJv0A-Q
Taleh Seyfullayev,UCaS1c2QDNU-hnTC3we0LKnQ
Abbraccio Classical,UCaXn5zfhY2eYFWcn1ZawWPA
Billion Dollar Projects,UCaY0GLq5LJp-byKQllrT4ZQ
Musfik Hasnain,UCab5_qg0u9sF09NEnd-UViw
Johnny the Night Guard,UCac-88tUo3Y5vkeyHGEaSKA
Vinsent Mettel,UCalNqVoeTsuiS2EQIb1B31g
shuricscan,UCam3e-uVAO2YU-KL3cKvt9w
Leo,UCaqPYOghCBecgDXCD0f_-Sg
Trent1261,UCawCWLK0trM4cHQWD3McMbA
Map Pack,UCb0JxFSwHTzH0AEsAzQHV4w
Reddy,UCb4gcOOX6cvtc7jvjBAPO7Q
Moritz (T) Sacher,UCb6Na0vOw_GazDbENzphAkQ
DW Planet A,UCb72Gn5LXaLEcsOuPKGfQOg
sennyk4,UCb7QKJcBSg6x80s7UyZFEIQ
ArmorHAD,UCbC27Xm7HNq20sCiceH6oMA
Max Cinema,UCbF_Ff_k_MMNZpVXbIXObGw
‚ô°Phoenix‚ô°,UCbI3HCXhUrdA9pXq4OxzevA
‚òÜ himiko ‚òÜ,UCbJBsmu0DRDPfnnhy4o9OvQ
News Be Funny,UCbKW7smxCcAvvatHJFLlIhw
CCTV Worldwide,UCbT3LE1MgyA9T6a-b2SrMEQ
FoxguyTH,UCbbHCrYzl1WjkzHJ82iGoUg
‚òÖ‚Ä¢Kiaturnia Styarie‚Ä¢‚òÖ,UCbcMJ9W5aT9p3sYTrqJYQmw
British_imperialcrown,UCbidZ63tJUH_EQy-gUceCkQ
Maso Mayo,UCbkqzC-73ktdztaG82_hwqg
Wellington,UCblya_iGQRClAIG268h_8nw
NadditionVR,UCbryQohbzrShHSYZRTZeZCQ
CEPHEI Epic music empire,UCbxJoMxiId3C6wdkKH6JBWA
Histio ai,UCbzj9MGzjAQVxo9OItIFagg
United States Marine Band - Topic,UCc03ibMCGq9OsO3bJp7TWsQ
Billie Bust Up! ,UCc31yj8HD0epjbu3hp150MQ
Ludi et Historia,UCc44DwqpTHpQJrCgjWVsjkA
Ocolotog,UCcASySRRpyqLH9gRdXyttFQ
Niken Sistha Sasmaya,UCcCLcXZi_z2_XX02sbBX-yg
The Dutch Mill Dude,UCcCl1DM45MMbYSNObyCfZ0g
PASTOR DANIEL,UCcDTPj1CietDDTbNL2rKeLA
Colonel Failure,UCcGS9Y3NV2asCLC5nRPtqOQ
Keralis,UCcJgOennb0II4a_qi9OMkRA
Vortide,UCcMAFvE3UU1pP0u_fIwxgkw
Micah's Intellectual Corner,UCcMGi81c7OohY9Zl79OF5Jw
The Best Vines,UCcMog-5QDFHVYTz32jI7VPg
Caters Clips,UCcR4cyQyAF-guvk7Wm5Lbqg
Paul Johnson - Topic,UCcYF90aCVUyLBgeo2zpmT-A
Just Foxy,UCccQ7RxLd6bzFcYVfn0TYbw
nightfxrce,UCcg8JABFm5RiG_Q8gKX-rWw
Football List Information,UCci2gWjaN7fGPD-pWmrdHtA
MaGeO Stats,UCcn3_u4iUru6RKInorW7eqg
Casual Scholar,UCcvczmsieHPRsrpc3v7GUmg
JackSucksAtGeography,UCd15dSPPT-EhTXekA7_UNAQ
MIKI CHIK,UCd21PQFtNDFZDYJl-Z3mKEQ
dartstreak,UCd39wSE--6mUrW5z4B1JtiA
The Style Theorists,UCd4t3EEUy0LUOM4MTdjpNHA
VisionaryBuilds,UCdBdU6mXniw2hhwxwTbC0Tw
Kamgly,UCdIHnCy1gwoIKz0oUaM8YUw
Cihan Akkas,UCdIXlE1Qblz_FbH5loI5chg
99TH VR,UCdIsWpiJ5YiDfqX7gwOyFbA
Minifigured,UCdPr7jL2K_muLUsj7iKWYRQ
BonkieDoge,UCdQWBcLE_IdSLjNGERpRQ6g
Global Bhugol,UCdSKnr_BlzKe1vctWguP_hg
Mappelz,UCdUl_bahs2CptEdW0us2TRA
Geo All Day,UCdWuhQg9XRYXTiON98aC03w
Manuel Bravo,UCdZGNOYhDdHJ8HtsLdMR88w
PastPulse,UCdfwH5ZsQXHAbY_0fN7D6yg
Top 10Ner,UCdjyVlTaLLDKKjW22Yq-l5Q
Filip Lackovic,UCdsNEJzi7vGVL0k1YDe2znA
BBC Earth Science,UCdsOTr6SmDrxuWE7sJFrkhQ
TheRichest,UCdxi8d8qRsRyUi2ERYjYb-w
diamant,UCe-S9NmMu-q5NY0Ap1h87CQ
SolDoesMappings,UCe7IFLssBEvlrD5k-AMmC-w
UNLOCKED CURIOSITIES,UCe8yT8gqi3ZpSQ6hWtxLeIg
Tristan Clausen,UCe9sIe75zm_aYBycOTYLtWQ
Lagana Boudinot,UCeA7DvbIr73GM9elLK9ZOjw
Top 10 Talent,UCeBWh-0p7vgBeD6HOHBpfwQ
Saad Ali Arts ,UCeEpmOPmHRd0K4t5n9ZRQYg
Saberspark,UCeGGpOehPGG7vQMUVc7tG8Q
FlyFalcon,UCeI1CDcqj_XcBGKuVAhd8cQ
Bullseye,UCeJ5fDmSBH-VbRdedaedRTA
GyLala,UCeLlknWUtfWUyAYpvWOUkpg
Real Civil Engineer,UCeP4Yv3s4RvS0-6d9OInRMw
The Armchair Historian,UCeUJFQ0D9qs6aVNyUt9fkeQ
Luna Heart,UCeV_RF141I4JkWV3sBQE5SQ
Cu„Ç∑„Çß„Ç§,UCeWNoD8JSoAe0UieN-MJaCg
Got Talent Global,UCe_Fx4EZAgKjDz0aQ_Y7hSA
Ziaxx,UCeiDzawqgYYSYJt2YDwIEYw
special edd,UCel2B-6wZhvQHRAKXmpm1Ew
Stamps,UCelHrtWyNtTBBC03Rx_iEww
Bushwhack 18,UCeuTqSaqk32vp1cn8W-8IWg
Past People,UCewjeVzoqaVphnxnTXwPD7g
Perfect Trader Short's,UCf36eaSMv_6sfHV-jv-XX7A
Pramod Raj Shukla,UCf7L6gS4zN5n2TmD3df_Gog
The Impossible Build,UCfAU3Cacu8v-qJJ4dSoe7zw
Mark Felton Productions,UCfCKvREB11-fxyotS1ONgww
OfficerGNR,UCfCZrOUG1Ug0Yxeb552pYTQ
LT.LICKME,UCfDuOF_6Mk-S1UJZoky15Og
Drawing Skill,UCfFMhqgEus16Cd6pJR02Kyw
Ruby Gemstone Shares,UCfJbjroIOBONV6x8pqJBI6A
Askara_Geo,UCfPZRn5nfAMj7KehDY6AirQ
Connect-RN,UCfPypb6v9W5Npb14idRORoA
Koifish,UCfQhdC0i9MZ9Gah3DTafedQ
Bijuu Mike,UCfR-4yZACIMRs3wNf0hel6g
Buenaventures,UCfSn5gDNnakvlGGm4kAPVaw
Business Basics,UCfWNZIJkm268rLO_yeRlcww
BortLoco,UCfWcC4HEqz_2ECNJNtSiC7g
BANG PRANK,UCfWwHcQuFENZ0ys7moJX-ew
God Tells You,UCfbFeySfzmMafgcpXonRwDQ
The Infographics Show,UCfdNM3NAhaBOXCafH7krzrA
‚Ä¢Keiko‚Ä¢,UCffLn2LbxnDoO3Jjomf_7Cg
NoChatBot,UCfgMquZI1Kd8p9218qd72Qg
MrSpherical,UCfhc7xi7-ZDfpVsjIaFjkgw
RosyClozy,UCfhirSFJUXqEjg2z4vD0M-w
MsPianogeek,UCfjspL9z7JZzpjZO-oWrOaw
Wes Peisch,UCfkR9p2YD4dPvcLAIQ9WgAw
LED,UCfz131bZDj6PL3YBbLqgSSg
Sam and Colby,UCg3gzldyhCHJjY7AWWTNPPA
Nex,UCg9deIa1KRXBoQUO-7mHkJA
DEFI BRILATOR,UCgBS3WiEFJxUj4N-_xQcpPA
EagleEyes JR.,UCgJREHGfk4VcQQCJlWN3hFw
Noodle and Bun,UCgTVYQn8fJy6d2IDRB3ECqQ
semaphore.,UCgVOFkDgHV39RhXlR3N-HFw
JustSouth,UCgZIIyTo9sNTAI94Z0b8C7w
Andrew Millison,UCgb_TbreMgfDdLKkr4yYJHw
ashleia,UCgd1JLkR4iVyNIKkS4mx2_A
Shruti Jain,UCgeH0TKDnSFRr_CMzBZDfDw
MyDearSaint,UCgmxU9Nr1PyIY7mxl4_0aWw
From Here to There,UCgqyNLmmKcNczCwxzyQv0zg
ariauv,UCguiNaKggvPV5YK1_ynTAwg
WyFryWab,UCh3ExL90KJ-rINZa6hCtuBQ
MegaStructs,UChDdzLjjqOkwKPJqz5X7KVg
Nutshell Animations,UChFs0d8syPIK6x8q4C6BrJw
uglyburger0,UChJaWdsCXAUzugwHwBHyoYw
Architales,UChNs17FEbgsKevo2c8cucPQ
dumb.mapping,UChV7wkCcrMMYeXo-NFWV9AA
FACTS FOR GENIUS ü§†,UChVmKTBCS4-Aq5se3aXuLPA
Anjelica,UChXNEVv5SvyaqDnwNjwQkNA
Commonwealth Marches,UCh_Y0-E8D-OkaJqkugVijjw
Hour Loop Everything,UCh_m-_Q8bHrcRoijANqW6OQ
Queen Elizabeth I - Song AI,UChd0twHvc4ePj0THCxFGOlw
Scorpion Power,UChdoEw8gq2vgH8aOgDWY5Bg
LJ PH |OFFICIAL YT,UChgk9Lk1nwKnvZJ8KufxbvA
DarrenZeus,UChivLVOGBLzGUCKWxzqEQkA
Katy_Solarballs,UChjfylXlPzq8g71bvDa2DGQ
ElisCZ,UChlosYOTf0oKeGlsufkvXeQ
Dj Svevsx - Topic,UChqzu4OI5IG6S3MnKI3_qXg
New Potato XD,UChuYa0aUC4B9RMLffiErV3g
MX Audio Library,UChzsJbq2VB7slz0QqRp990g
Annoying Orange,UCi-5OZ2tYuwMLIcEyOsbdRA
Film_Odyssey,UCiC6BpJGrOHahFPV-SlUZOA
Ninja Adam MC,UCiF00Ksz31g2Agfv13al7Jg
F1 Savannah Kittens,UCiHqjFZ69AqHYBJxHjh30LQ
Forge Labs,UCiSVf-UpLC9rRjAT1qRTW0g
New Horizons Jason Teh IV.,UCiVJcG9KJfVdidrR69TqcxA
Geographier,UCiYDIyUsf5ynmyCPEua1iUw
CoryxKenshin,UCiYcA0gJzg855iSKMrX3oHg
DJ Duraes 011,UCiZAi42P0f-JkX2bE7N_ZOQ
Glitch,UCicx_4RfqfiM07AXLv09Hww
CyberEmir,UCiof7Al44ePj45IL2t2k9Cg
Max Klymenko,UCisy6taOAeLfyaCqcMQDfig
TekNikki,UCivIxyUoYhmfMnwt3RCFbkw
Azerrz,UCiwIAU4SNlrcv47504JrJeQ
Butterfly Geo,UCiwV1dnW8pzX0BzMrUDzfXg
kibi animations,UCiwu_ruStgB9sKVhYjnwrmw
È±ºÂ§¥VishKop,UCizxXSwXnH3en5NE3s4kp4A
BonBon,UCj7NndQf27DIUEF_2Iy623w
BradyYourTutor,UCj7bNvokLlzDPmTIRbS1wKw
Uncovered ,UCjB5dVCNYw67D1APB_Wd3gQ
Videojug,UCjHm4Br34sBmjbBdA0TQH-Q
NeoPaws3,UCjMaMDK2ntSJnPXTtnQ61Iw
free_BOYxd,UCjMdWB0KppBYgLrrvZhKWdw
World Top,UCjSb_pqEF6yfadfsbguCLXA
Adelaide Beeman-White,UCjWEtxOrqeh__CSaneVABcA
Pageant Empress,UCjXKhMQTMFBOlzY4sxaWkWA
Meizkya,UCjZKFqemgLkjkQ4FBoxDECA
VR Lolathon,UCja4bNI0d86BN1yYYOVWjDA
Vladyslav ART,UCjbHBKKBMj8Cki4SFHA_XsQ
Milan Records USA,UCjg1s-_biCpF9fQM1r0IiyA
ŸçEarth from Space,UCjjh-BUkm_6G2p5GXzVCNkg
Protagnst,UCjoKRLLDjaeLLGnYSOS5GTQ
Worldostats,UCjpItV9tQ4gHGzcT6ooVTnA
The Marqo Polo,UCjz5zXYvBdAw-9G8CaDDXNg
MASTERMIND STUDIOS,UCk5HVtNfzgedaMlAaUFRN6w
PapaGolf83,UCk8fdQNNBhttgGV3TMbEbLw
Diva Recaps,UCk8lFGRljVpGStu7Ot-0eDQ
Mr Bean,UCkAGrHCLFmlK3H2kd6isipg
Infinity Knowledge,UCkBxHcBKYA97hFzHolMHSXg
Infra Talks,UCkC5OG_ok21zGdEXekqzVqg
Private117,UCkCXAr56Oy82BUfuKUvvtvA
Europa Universalis,UCkCYWd98PgOWZuDRfVXPB7w
Trending With Kon,UCkGE3IxJERnVpLspcbuSoVQ
kbadelt,UCkLSR3aP97rvcNlrgkQiQWQ
iEnes,UCkW_WwmrUiRZIBrBYuci23Q
Moonplaysa,UCkXuuuUMG4IUUsjSOomyUJg
Brooklyn Duo,UCk_9hHaw0n1Vbbld6cXyh6A
Quizworld,UCka1MaKsLjEWVHfp0q5N5Sg
Beyond the Brick,UCkapkfGuO2LnDpIp8f_p7gA
√Ü≈æ!Fuhifum „ÄêCountryball„Äë,UCkjdTrE4hiJ4qNOV7NPGSSw
KK Create,UCkw1tYo7k8t-Y99bOXuZwhg
Andjela ‚öúÔ∏è,UCkx6GbulGhc225rGiGM0L1A
Wancheeto,UCl-CxFvxtcBgEt9kHuSVEBQ
Casual Earth,UCl-IviWsNXbfL_XHOdNyLSw
Mega Projects,UCl0mnWVkqk0XtgjZ8JMNrCw
Warence,UCl2o9UdCi46GWdnzw7qgCZA
Frosty,UClAhLXMtcNylK2_HuD3wO7A
Redstream,UClEE44xcCO9P-axMw8QoTsQ
leTiminator,UClI0eEo14ekLuVC1RbU1Uhw
Ace Animations,UClJ7YDDiOl5kOQ5RjEWpsvw
Pentoplanya,UClKeG3_wvh3b1_2oXUbxTtw
Abysmal,UClQWN9nMLMeMSxItxrpOACg
‚Ä¢NotJustSky!‚Ä¢,UClS0U-9OxZ5mn8J5xh9XWMg
Water üòé,UClX9uTsEFnNBwSvc0tGvO3A
Primal Space,UClZbmi9JzfnB2CEb0fG8iew
DShakey,UClgtbY1oe0rHQorJqKBI40Q
Russian Musician,UClhIO8WaLWa5OkW-r1uo7-Q
RomilZerna,UClhWtO-glXTL11cIPasuCzw
JFresh,UClkNnkzrAfo76u9QOFsjkLA
Geography Kernel,UClowpPXuw2DqgNwOH852bjA
WHAT WAS...,UClprfz9xCEscE87kWYebthg
Bosnov,UClsCiiIZBhab0eeiPFOZQtg
Monarch Hill Productions,UClucIBxkj6qq8yDU9k7Lh_Q
Brick Machines,UCly-ZW4hcXU5MPLGpuQBFdA
Flamingo,UCm-X6o81nRsXQTmqpyArkBQ
Kitboga,UCm22FAXZMw1BaWeFszZxUKw
Cassiopeia,UCm4--U6UJnI1taBnkekOlxA
Johnny Harris,UCmGSJVG3mCRXVOP4yZrU1Dw
9-1-1 house,UCmJdJHHe_msjZnZa7q6IVdg
iSorrowproductions,UCmKdqsvmV6e7Pwy7N2PMnnA
CaglarTekin,UCmPw17wOhphzI0ShH6WOESg
Geo Glimpse,UCmVB_Xx28xxeawwLLNRP_xw
Mr Countryball Mapper,UCmW2W0XmUftSF8TIJuFBd3A
Mr Data 3D Stats,UCmZc_dHE2RILlCK-0CS1XQQ
electron,UCmc9lyud31hoaKGwRLg73gw
Geo Facts,UCmdhBdB4OUJ820bdI-QeecA
Jonas Tayaban,UCmgvp9rnjYoOQWnd1QQFCCQ
Fenix,UCml1LmyZJKNVn30O3XlppZg
Geography Now,UCmmPgObSUPw1HL2lq6H4ffA
Lady Cuddles Meow,UCmocHLE3HcrRzqdfGogk_IQ
Dyso,UCmonmdiR-oWX2abCQcMYStg
Pirate T,UCmu5CzdVdLX7BpHPNPIzvyw
Anthony LoGatto,UCmuc3UHBdqaW9W54az32EAA
LInk02,UCmv3MrWYx6Z7tCvT73-19hg
Potent Frog,UCmzkhmqY0fmPflD72DOpzzg
CatGPT,UCn39M7nGgrH9CBek9iUf4iA
Carlimemes,UCn4oYwV-wlHOMLoClU_nH8Q
Aletho,UCnAEKv9OqdndAzRwDbJJ8lA
General Knowledge,UCnD4jogYqIgUWY1ZYPU-Dew
Ms stop motion creators,UCnEtf01UVoLl8BZsv9eOMPA
SleepoverVA,UCnFCiBN9dFwlRqc3d9OoalA
YouTube Radio,UCnFcB9qXSOFNnqgZOrEQptg
Saransh Sharma,UCnOS_KYygr5PKDojfnyqc9A
CallMeEzekiel,UCnZ1r94_Ptz_1gN5VBnE0Mg
Techsore,UCnZMvpusUQe9axsQvQW2few
ChillyFlops,UCnkgL4Lv-Gu0jHvVpqyd40g
Histriphy,UCnmFy6kByDk4WiQ6gOIIFug
RJ24 Channel,UCnrgN0Hs717bDm1KeLIkMJw
C418,UCnsbQM9ZgyCvYdHVRlRr8dg
Country BallZ,UCntKzMQ20Dnp2HiL-gTkcmw
Sound Illusion,UCntnXlkKnXlkbZzmUIudlIA
The Paint Explainer,UCnwUjPK7dXety-AJ4fNw_RQ
Genuine Data,UCnxrXCK9A2BAU-uAmw5Edsw
Ty Can Sing,UCo4aah5HgM2HWMTR1EOENhw
Faultline,UCo6F7DjILD7tu9BEllVU9iw
MangoPool,UCoFKth5EA2xpxuHG3u9OCpA
Bobert-Rob (Animations),UCoI2mu-odczwJpLwccIKywA
Laith,UCoIlFkPDq7paFeujY5J-q7g
Raptor,UCoOmgnp3Ao2laZHtvRGdceg
The Graphic Earth,UCoQ9wvlhoMYfo6jcIiXjEdg
Historically,UCoZd78hRUdxxsuGiABuHF_A
Chef Rae,UCo_Fvh-PgksnRhcsoVKAG4Q
Canada The Great White North HaitianTitan üé•,UCofwLBqA-GPC1kAP8wlvRDA
FREE TIME data,UCoin0WLdnvU32ChWxbWbaNQ
Exclaudia,UCooF_6ULAOhURrhFXJu3ozQ
Frog Centurion,UCotlrpv2cLF-_k015i8lqcQ
Language of Earth,UCowY3YnF1GXivULgbtYgQGw
Amidoch,UCow_f6rdMDzN2jBcHM-6sKw
gus1thego,UCox0J-pkaXUkAbU3JdZhadg
Arso,UCp4AVl8fuetONyJSv4PmUpw
DrewShorts,UCp8FaA-DeSMTpPRdgfN-Owg
–ú—É–ª—å—Ç–ö–≤–µ—Å—Ç –§–ª–æ—É –ö–∏–Ω–æ—Å–µ—Ä–∏–∞–ª,UCp9F1xxqi_yvCUGp44Idy7Q
Dave Namovich,UCpGSvKqg9_MYR9Vfom1d-8A
Peak Charisma,UCpINJONBdQixNpfNfXdX2WA
Peninhand Historia,UCpIzkev5wB3rgpkg6onB-Fw
Brick Science,UCpQB577lHFyWTyvrS73Ldlg
MrWatermelonPlays,UCpfoKicdo70iuNeeELLSP5g
·¥π·µÉ ≥‚Å±‚Çä‚äπ,UCpiStb1RwwsHNltlxAALHQw
≈Åukasz Jakowski,UCppKzood12fbJhZClXfukFw
UJ TV,UCpsYiVrs-kHbRVpyeYFLjjw
Kalewold,UCpwNSpmXevzr6bai2T1LL8w
Geo Gravity,UCpwbZoq4IryFE_RoAZa9cdQ
TY,UCpwbkZqdyROeDMy40CPshsg
T-Series,UCq-Fj5jknLsUf-MWSy4_brA
Half-Asleep Chris,UCq4qiifOaFGW3a2oljSfxUg
Enzo Plays,UCq572VIFisWfepYriYshP7g
The Geek Cupboard,UCqCa31-K_PjmEty8WX3whyw
StateBalls,UCqG3b7ktKbW_G6Zv0T6yiaQ
Frog Film,UCqJM_O5Y9QULX5lQmwCKGrQ
Diiify,UCqP2hW3FLJyaYPq0BBwN4yw
SSM GAMING 2002,UCqPjrgaVYNN-zsHFK63KHjg
Brick Arsenal üß±,UCqRCfVYeU6QpkTxOt24XMgQ
SwinceBall,UCqSl9EYLGN8okNaavs7kmVQ
Grace Official Worship,UCqU_XNAY3izdwtFQIgT4JkA
Angel 333,UCqk729NuoL6XLspCZTS68Gw
Sword4000,UCqt4mmAqLmH-AwXz31URJsw
Atraitus,UCqtqW94V_3qkKXPym-0vR0w
History For You ,UCqx0W9Wz2tYHtgk8JtLJwnw
MegaDev Insights,UCqysE47ZqY1c_Zb_ThxicyA
Future mega projects,UCr353V9j7O1cGxynvRIu_Ew
MastersMZ,UCr60qwRSFb6prnw7VG89XpQ
_Sunny-sunday!‚òÄÔ∏è,UCrIM2sm7PLMiW17Wr1JOerg
theft king,UCrPNGGhENA6kLPAXsPA7IJg
Jonkstrap,UCrVz6UkTkqwlOIx15MAP8rw
6ix,UCrXBOxt0j8WWLyhZ4qfjM8A
The Boys,UCrXzMVbjcaVvVtihxNpBvMQ
MusiCat,UCrZmIGWwmhX-XhWYqAio6aQ
Mohka,UCr_YQAijafOI2QzV78msDXg
CrankyTemplar,UCrhsRbUnUWTUDrquMBhmS6w
Mr uk ball,UCrihGnnEoWqztJpbmxAQTAg
The British Royal Family,UCrk9EcZmeIVGLnswY2O7CmA
FishTitan64,UCrkBV9Cf0ZtaRUV5_rk3q5A
Glore,UCrkjX-SG6vQExRPCi1Tf30g
Man I'm Dead,UCrlmKpQHN7NU57l6lZrDTUA
Uncovering,UCrsm1dqSALPG5BCCiI0Ebug
The Game Archivist,UCs6ftBzKRjdKNNIjogoGqVA
Sprout XD ,UCs79xIKwXoOfsoixmsg5N3A
Monarchist Music,UCsG7xZIZnwhnqlIew9tVPIg
CommunityGame,UCsJjXWCFZcDn-IAghR--S_A
Skooll,UCsVgR_pr_ksGaZAIyjDzA8w
2Sharp,UCsWUm0VFO8eP6PM5aTpi2AQ
KhAnubis,UCs_bV79AmugXVvjaASibPnw
eightballz,UCsg_UiCizgGwe_8EMpEgZ7Q
Jaykarl,UCsjIHm9OdgkdoPIMLA84jog
Finder18,UCt0HNoMRRkhupkRUJtdSGAQ
Skulzy XD,UCt0aLfeAj-HpZLeLvqnh5Bw
Scienceverse,UCt0mjrgY1Y3u9tTPeVVdNwA
Geo Explorer,UCt4OvjPp0L5NBiHfp4luFWA
Dear Evan Hansen,UCt4w6RmCEHrb4_AJRpDf2gg
memesondruggs,UCtK2WKXU-uLpQRkFL4YoyTw
Canvas CountryBalls,UCtO8SnxiUNGljZlqAKsPHQA
Peter Your Boyfriend Game,UCtOzslwPaPgzt0nRZGRmqxA
Wintejmotive‚Ñ¢,UCt_jAFP7Dg48JfJhO0s8CKg
