Memeloaf,UC-1Zd-47O8fweEhOZsDZFAA
iMinecrafterz,UC-7ZRE5PyDSzlrkfTD8Qy3A
Lomby Shorts,UC-NzI_LGwIfIgDFje5FDsPg
Akeesha - Roblox,UC-Qf_IygjlXBIkXLNJvQA7w
Fam G Funny Clips,UC-R0FBuh5P3Qjm1YwiG_Fvg
Zaytsev Uchiha,UC-XEh3D3r1y39anpU-0pNQg
VOVA SARANIN MOVIE GAMES,UC-frdx9DZvp4kKvBPb9Euzw
LOUIE TORIBIO,UC-hSJSpbPmQoelfly5JYU-g
Conspiracy Vibes,UC00G4THu-hg65jvluPGfIkw
Dawson Production,UC00WS-TjaOpbembOX-ll68A
Rebootedpoppy,UC01ZqcYQ6DbfedKhTRponiA
Aedipace,UC04KaDqlH95Tiz1-c14BWJQ
üçØ Honey Shark ü¶à,UC0Bn6_q_nFTXonchq1dDNxg
Le7,UC0DAgj5p-19wdhRbbL1ZamA
IdkSterling,UC0GbKJaeEN9k5CG1NLbN6Ow
Griffinfamilyvid,UC0P7LGJwoFftJ_PHGWTd8ig
OHIOBOSS SATOYU,UC0XwmKYoAkybFU8lw4veZrw
Cristina Reynoso,UC0g7Au_mSYFFBeh2xa2v4og
The Deep Dive,UC0q2OHUZeoYmU28ne_a501g
AGDL,UC0qKX8etdvVcJMUb3np5oEQ
„Ç∑Ô∏éùòΩùôáùòºùòæùôÜ ùôÇùôäùôÖùôÑ„Ç∑Ô∏é,UC0v6jDoyTAZ4GO1UDw7VVow
Srl0l69 ,UC0vD7KyoPmmWOEXBQI5yJhg
Helios Piano,UC0wGWbrEbTQJtLdSjX-HUGg
Revenge,UC0xOWtqKSPCnCDC1pNOQSBA
 ü·¥è·¥Ñ·¥ã ü·¥á è_·¥á·¥Ö·¥õÍú±,UC0zk9kO4G3c9khCKw-l9pDA
ShockingDidYouKnowTikTok,UC10okJy_zBTHRBjU_t2sEAw
AllStar,UC15FhQd0x8dYPkFsH0bTsMg
Felipe,UC17aFlQym45_HfIxFKod-hg
Kyle Nutt,UC18fv3yDege-nPN5zO48eHg
RRECL_yt,UC18g8KP__Kh96lzwEgi1nwg
Choso_exe,UC1KqQFE87h7LKrmIRad0vWQ
Peet Montzingo,UC1WbRuMMzbzUfBG65x1FmXQ
Object,UC1aZZH3PaSdhYT1p5wtgLwQ
wReagan,UC1gOxDnH4tUU2azESnB5_ew
Sealy,UC1iVahwOgT1UTTCbewg3Upg
Ë∂ÖÈÄó‰∫∫Áîü JOKE LIFE,UC1kXsM29QpQOPjmnfgGIB_A
Jarrett Stod,UC1pYFrBsRJnoSwQIQ2kbN6A
NK,UC1zfeHMTpxJwrN--6MRNcDA
Respect,UC24QmKMD73AwOYyCciq3pjA
Dr Ryan,UC26FEMwAAjj8jfNbuVdFMBQ
Skinny Pale,UC2BEmluQX1foBrR3oLMiB_g
HIM His Imperial Majesty,UC2HOhAjJCWE48F7OTDkcp_Q
RageElixir,UC2IbKgetx0qzxVKVZ8NlIfw
Alifixer2,UC2MQacfxEOBoZeHcZzAHanw
Blacksky:),UC2PWFv57ScDLOHurfnhDgZQ
Bluestarmemes,UC2T_V1ZJyolhVWSsPkFk7kw
RAWAL UCHIHA ,UC2UJLv7B8g2l4CH9BFvZRqw
EXOTIC FF,UC2lO6djoG29MYHfBme8ZvtA
DEMON NEMESIS,UC2o-wJeSe2c7gUPg7uvXYJA
Vaybrate,UC36DTeo-4oB3XkGvowyyyaw
a special channel,UC36EW73dzcP9uTaKmAl8k1Q
red gamer,UC37iu8_8Gl5szwcfLJshVng
√ülue √Öngel,UC3Ji3F1gfi95e3Q6rjbZiTA
LuvLiam,UC3TXHbYaHbxkbWyk5Ro1PEQ
Happy Sunflower,UC3bMKZlzlOjitaucRyHztyg
Aeroga,UC3q7Z4cdfa5TqUwtPToWWZQ
Chomiks Good,UC3r-PF-llBrO-khZrijGFAw
I'm Foggy,UC3tCXA9nxtGC_eKyYQogIxw
minecraftnutiy,UC3we58DF8wqMu-yDojM4OEg
MrBeast 2,UC4-79UOlP48-QNGgCko5p2g
FV FAMILY,UC4-eGDvOe41__-RiE0E9L6A
BITHAPI,UC44FyWmJJOs261DsEiFzm5g
iwindowl,UC4L92SYHIMNCRuCVe-rWB2Q
InterestingDaily,UC4N4vBp6bPAsVj5h2WIWmPA
Fozo,UC4NKi3-86NdHPiVz5QqDN9g
TTC MUSIC,UC4TbeA9r4XhkkhEIPQDAcZg
Quantum Tech HD,UC4Tklxku1yPcRIH0VVCKoeA
Primitive Survival,UC4Tna7mV5kFxizKj6I2jdBg
Tcezy,UC4WQTNG6ZitI9LDeXEaperA
DailyGriffins,UC4b0IowGravJLytHPtDrIzQ
KingScienceShorts,UC4jBoEBDEhWuDIYBAOaZ-9Q
BRIGHT SIDE,UC4rlAVgAK0SGk-yTfe48Qpw
¬∑:*¬®‡º∫ ùïµùñöùñóùñÜùñòùñòùñéùñà ‡ºª¬®*:¬∑,UC4sn-86Qw5KAh7r8UEfmrXQ
iamchandru,UC4xApI30UclW7esAFphlsuQ
Brennan Rogers,UC4xHcg7a7hMoHgXerjRKiyA
Its Nenaa,UC4xUCQBIZWcm31htrQHzZiQ
Samuel Myrie,UC4zrtzg_SjLyKI7UxHUYQtQ
The Anazala Family ,UC5Hi0UkephOloKgZKLM9e-w
A PorVlog,UC5LjS7nnFogRSNFxILrGBaQ
Jeremy Lynch,UC5Y1pPVNm-odhiubuRO1D6A
Jimdoga,UC5aJBgGzjXOwbtVyIVvC1EQ
Typhoon Cinema,UC5dr8DMXhPeU3yKpEn8nR7Q
Top Ranking,UC5sNFYz4NuvzIpam94E2sRQ
KolongoCraft,UC67LiKkE_JWSVRKp2q9uqyA
Emily Game Box,UC6ELUCT1IJfkpVeGoB7c1tQ
TheRubber,UC6OwWfpp8qHf1rfnOXKfxBw
ISSEI / „ÅÑ„Å£„Åõ„ÅÑ,UC6QZ_ss3i_8qLV_RczPZBkw
fer999,UC6QzOFAEj9MTngqbBWgBJgQ
OFW JOYSE,UC6SfUcd9Sx4E1d7lWtNEosA
NichLmao,UC6VAIqNQBc7ggiqvsOHOBqw
Cringe Reacts,UC6X3d2I94t2OeKRiNJZmjGQ
Kideo Games,UC6aGlfXbadObsfee1C_yplw
SNAK,UC6q0-zpxE7wOSqgdKNzE-vA
JOYBOY,UC6qHYep3fwGsQliue2FPt5w
Krazy kakashi,UC6qhnZwXEEBS49j9N8mrupA
City Night Vibes,UC6uc4HUvSiKFxMp2GLAz3dA
Shaitan Meena,UC78ECnnvmeOrF6fDEZ7w4XQ
Champdeadly1,UC78tekRPFxfULhb4uubdYXQ
MP ReLix,UC7SEhnzLqoC5caLlZZe4fPA
Bahauddin Dije,UC7X2zSCy7ryS2fygkmIKJ3Q
Evolution Short .47,UC7ZFb8KLcCnwiF_1unX-a1A
steak,UC7c8wbA9yQjzxkj2uyrHrkg
Anime Editing Zone,UC7hGqibE6e3I4qbCKQayYUg
Trip Pisso,UC7hqTC-ChL-_PUKhctTt50A
September,UC7tZYaFqYCA72W0RGEZCW0A
BIBLE VERSE Daily Inspiration,UC7waN8kZ7gpXopeyi4bHTUg
peace war,UC8-AEtiL7UyTna9AiLM75bA
SimplyTasha,UC8-qVif2ALGPs3C1yem7XLg
SGA,UC85eXsaeTD6cCCe6N2vB0dQ
Livani's Studio,UC88EmtKVIfA4jNqruZKviDA
Mal,UC8HxhiP1nb6tdPHwZKm3-cg
SCP Explained - Story & Animation,UC8JfkMtNAp44vmzdtnL4wow
AnimeXGamer,UC8OU9rSYz8aEbA5RONsouGA
–∫–∞–ø–∏—Ç–∞–Ω –∫–∞–ø–∏–±–∞—Ä,UC8PE9-p7kQ8k-wFwy-KZnYA
ACTOrange Shorts,UC8PjThwekUCsb5CQRmJQDFA
ReiSs,UC8Ri5KWT5_2HCbxbRXoeeYg
Byungari Î≥ëÏïÑÎ¶¨Ïñ∏Îãà ,UC8TCA15kPzNw9ppRaVZ937w
TheMagicMatt,UC8TOSHpiM1hjNTNyHReLe5g
ùêáùêöùê©ùê©ùê≤ùêèùê•ùêöùêúùêû‚ô•Ô∏è,UC8cpbUb6lQfmLkJayvQWyCg
White Noise Reacts,UC8dcL9QepizbXM4CVHA-cCw
„ÄéG„Äè…¢÷Ö ù…® ^‚Å†_‚Å†^ ,UC8faeeaaQofq0kOyzlLv0lw
Ani ReCapped,UC8o2Rx_zfntuL-FGkegNsPw
Derek Cela,UC8utChVYAjjEmprzkRc6YBw
Bakugou„ÄéUA„Äè,UC95nawAAo4vAhc8X8i9y9mA
üéÄ twiningirl üéÄ,UC98FwEbStTpU0bdhLE0tihg
DerbyEdits,UC9Db574LUq30G-u9KxAyJoA
PacBoom,UC9GoDZTQvVCPOSpYAg1XLPw
The Crypto Scoop,UC9H688bFwD1BcMCPcUBOJ8A
Tingman,UC9Ht_7PQ1G4UIPhjSkF-phw
MUYAN,UC9Hx6AUdsEyVxmyABW048yw
Shazon,UC9I9XP4gVpDX82tdS8ztBfw
MrDream Son,UC9qXWYVIlPYoxaF3vFV0iGw
Dimucc,UC9tYJpGCSkzDt4HkPC4BtkA
Small King,UC9tfwXdxCt30hkM-CkYqT5A
See U in History / Mythology,UC9u3UqkoikJ9Nr8t4wvyNRQ
Ian Boggs,UC9yadlAEiyOUNa3y4dnuYFg
Hapico,UCA5D0APm36rLUxRDPx4FHGw
NL18,UCA5I8l2DhSHuc2_FJEDTuNA
COLLINTSBG,UCA5gd5IZYEsV1urb6QGohMw
Project_Goji YT,UCA9ZQdv8kU_o03pNQK0-low
Adam Rose,UCASNVFmXvxpj31ZKXZ6K7Xg
Hidden Files,UCAXy1iNHQEcG7mvmkxIn6GQ
nav9,UCAZU2Tezfa5hvs4Hjv6B68A
13BFF,UCA_mAo-4UPMV-X-GIFoV2Ew
Roblox Guest,UCAfkf-UDoQ7dSoJOxeUgdjg
Ron Wright,UCAgNyzHvQllkZw4J3WJQd_A
M4NO,UCAjduNHVedcACMMQGoebomg
The Blondie Girl,UCAmitojA7r-IirkRLcfi5Tw
Memory_army,UCAp6vvCW17oPVUmEqvWxmZA
The_verse101,UCAqjrFln7Z_Q-wL-S8dxVZA
Xickel,UCArSF7z5okmNrOnnqcbAa2g
oksteven cr,UCAwSOseoh94DFe7pK52OYvw
Madam Madden ,UCBJcianxz9szbfg2s2mI4uA
Yellow Friendly Jack,UCBPRGRdCK4Lij-8RMPdF4_Q
TIN 45S,UCBXENJTTpfeRmUNRlYYsZzA
xenox,UCB_sK-LDlxAiZBgbqfT64fw
Uncle‚Äôs tape,UCBdnRfJKcAZMMvam-MSGliA
SuperXavier,UCBhKsmSx-fXcJpQtGFwoqDg
Behind the Scenes,UCBhPpqIsFGGRizOaqFPk-Tg
FloatyZone,UCC7hUCH5iq4pl1lnzoGGRXg
PixelDrink,UCCIWI55Xwn91jxDJwyCTsfA
ILikeGaming13,UCCMUimrfl1JgCnxfzx3bHMQ
JULIA GISELLA,UCCPsBYxLUykj5xbgOGTRzKQ
boxtoxtv,UCCfKlFlKYBxZ-UU2dWc17IQ
Fat Cap Sprays,UCCjpsj29aC4pNA2moL-hEEw
Eredin,UCCk-WJcUJw0nwWNmpxyMnAw
Chuck's Astrophotography,UCCllh0nUmlREEvoskaq9b3A
‚òÖ‚Ä†The_Girl‚Ä†‚òÖ,UCCm3DMNuKruK2QUE2E4Icnw
Lastic & Ry,UCCvFRwjmSfWfUAp3-wrktsA
Yokogan,UCCzdbnQkPlHmwVUA91iwxZA
Ashoka,UCD6PImnOL2slz4J09ppDOZQ
Tea and Muffins GOATED ,UCDCjbER0oboz9vk1MVbn6hA
Lucky Maker,UCDE9_bQhX8oc44dy9MHEIQA
SurpLus TV,UCDIK9xxFZ48MdovRP4rOwRA
Ping,UCDLHw4EeSM0zEmjb-nKQOEw
glitch Joseph,UCDMmX1R73S22EHdRZ8D0Tyw
The Unusual,UCDWibzcs27xfUSE7XlxFInw
Lonely Gorilla,UCDanAdUqKUhvVz63QgXK6vQ
NeerajVermaRichRich,UCDhBoE83yOGUSZC1aA9sMog
Alex Spider [„Çπ„Éë„Ç§„ÉÄ„Éº],UCDiMX-XnKEFvPt_zKoFtfdA
Jooj Natu ENG,UCDit-dp02_yDsn-zDxm7W4A
Lordsy,UCDy89CyM3FkvOhGD2_4li2w
ABS-CBN News,UCE2606prvXQc_noEqKxVJXA
ANDY LAND,UCE6ItaxiKS3296-ZXcCkFhw
Ladychan,UCEA_5TkRgr08y5Ne30AdvWg
OS NARUTO,UCEGGjUgW2cJoowCTKKFxdFQ
Bionic,UCETZ7OiW7-wqwb-6hsz3C4w
Panda Shorts,UCEYlNI8wno2Xp7YUNdMN22A
Family Park,UCEaHRz8mRx3HtdUb70WNbgA
DOM Studio,UCEbVfdA43w83_ilZ1ZlZH3Q
The Blondie Boys Shorts,UCEdTLCzuunuFLbAVfD1-Jpw
Foryou TikToks Channel,UCEfg6qAeM3CUZn0p-8FY-rg
DDDDANI Îî∞Îãà,UCEgmm7v9hE21K3OWCyQ9gHg
Dr Bob,UCEm_0Cv-bdGNSDiG55QJ0Yw
Jake Fellman,UCEnqwW6f7bYidXHAI13hhMA
SKILLER boi,UCEqtFP6BkPCF509U_ezxFtw
Master Ted Clips,UCF0MwaMbE9x2fbnNCecnH5A
Durgesh Mishra,UCF2O65hK5B3BgvhwoCjKQzA
Alice Creates,UCF35OBPelGkNCvH9_vi23IQ
Do Do Movies,UCFF_m7tjpR9Pe9Pl1NpHdFQ
Sharksy,UCFLUS0A397mFgAsj2zb9djw
Nae,UCFN8Hx-WmX2bayUV6NkSODg
Fun Outside the Box,UCFPWjqcD55fK5yNrZ3b6Hfw
Jack Neel,UCFRCiFkWWJN2rO6dsKU9-1A
Apo ni Pablo Bol-anon,UCFV59o0UzkrWMTQa_qfvA4Q
scottsreality,UCFXZBGS7J0IDINQc8xtMqCg
Kurlyheadbriii,UCFdAjSsuCR-m6NJHIOy5eTw
Material YouTube - Perfect for Content Creator,UCFfLOoLDE0_AhuumboJzJUw
Toy Diggiebear FnafFactory,UCFhOYKexiTK2TUG7ipyfFHg
PeopleGround,UCFmF9Uw2YYfmJFOAlrgmsmw
Cao Th·ªß KTOL,UCFoOBu1jAs7bQBcFxA8B7AA
Ethan L,UCFr6l4a6djTnGXVyJNmYwOw
Aliu Road House Real Estate,UCFtRyK3O4zql0JiHnoLn42w
–Ø,UCFyLOVr1LmmMX2oU-TI48HQ
Deku Edit,UCG4DGyohDF-2a2y5zQzpTrA
News5Everywhere,UCGEbMwiX774cseKvJqF9R2g
ReesGAnimator,UCGI_P9Hmei1WqdUSL6yNrXw
Fadi . HASHERA ,UCGKFqjYbQ04N4ysp5lh5Yvw
Yami,UCGLUxAqwHv7vIE_J1ZGJwEQ
Battlefield of Dinosaurs,UCGMKzoVxPJjYAhS4gCrtITw
Twi Shorts,UCGa9YJJiR-Jec5y10GQxEPg
STUD,UCGa_1uanLCDTDdQun1NhrLg
er1k0v,UCGfjwNFulRP4muLt4OhSifA
Taper Shorts,UCGlMGSgk9oTHn8CqANd_bqw
Uchiha Naruto,UCGr9BsHWVZhlHD_UQZURQLA
Ray William Johnson,UCGt7X90Au6BV8rf49BiM6Dg
IPONK CRAFT,UCH-WVbxRxdIQ2L4F6aoN85g
Haru Jeff,UCH0pgM5AyUwedsxLtSk9OCQ
Baking Thursdays,UCH8G4W57ZZ-alF1CmI-9Bwg
ZenozW,UCH9HXeg2OFhfXUUB19MFu7Q
Great skills,UCHE7hsepqDZYs5806Gs401w
Chillout Girl,UCHJz6Wljl9OVcMICuC2lnkA
Ryguyrocky,UCHRTfR2r0Ss3UjFyw7gSA-A
Kar Brawler ,UCHRaupAVRL168oXKMsujnJw
10Astro01,UCHdTeh55NxuRQm__WzdWLzQ
Secret of the Mimic,UCHiLwphd1xW9wRgA-9gRANA
Thenu Animation,UCHt6M69zvHtqBftf_aSZKYg
carolannmcelroy,UCHv1syGdWxhnMlC7eYH_SGg
Lionfield,UCHwpDpLoyJgtFXoAaaSut4Q
ghetto Hokage,UCHxjBf1utfcKN5Bv70FPUjA
Imperium Populorum,UCHyVqwKnoOIJAp9nAeX6BXg
Alibaba Utilities,UCI-R1b6P6cUBXF79_ZJ7OOw
Pum Pum,UCI0Hy-_WcF9I01Jv2Bh78YA
STORM.AMVS9,UCI4CctrHgnA_WhIj_hxvczg
Tim in the Wild,UCIJmbxWv2Y5EOewFV_26eEg
ÏΩîÏù∏Î¨ºÎì§,UCISGYp7uBRAEBaOHTC9tjLw
Lordd Pain,UCIWZj0XmB4UpLcGoqxO17cQ
FUNNYFLIX HUB,UCIdMpSdPRwB_EFxjC9VpzMw
Islamic Zone BD,UCIdth0E24LRA16rh6I1oz0Q
Lan Anh Vlogs,UCIfvPAP7pYRy2Ekf4rtaNAg
Anime Sections,UCIrmnfa-l-BAWz1mpFQDVoA
Dean Schneider,UCIsz3XD8_E1ebhE4YScWeJg
ButterJaffa,UCItaITaA9CqbVj8cSvNPYEA
nooby,UCIyI8uYMCkTatZHAczRSO1A
Debutant,UCJAzKnyXcZiQrb1-6q9h6Lg
MrTop5 World,UCJFiASxmDPKNChVd045CHBw
Qertysius.,UCJJBrucDJNVc0KSqcNIecSA
Ulanos,UCJN3badcuSNJBf1qMbAUL1w
The McCartys,UCJQsW7LeVEIDCEJU47NmXBA
4M Animation,UCJRoUjCbVLWvA20rCbh1qfQ
Whitt,UCJUNV-KfKHt3_4Zxm-cZWvA
DanCo,UCJpVnYQic-ikcJfGMJwMMeg
I am MoBo,UCJswRv22oiUgmT1FuFeUekw
Rupthy,UCJx_RVtFC1lvWTatS4oQYbw
Razzbowski,UCK1HgDhsRulLj-pWi8XrqIA
Bendy Yugo,UCK68z4b5ltkfN5_H-6g49jg
itsDesTV,UCKLBeC1fdjPJL7t2CzdxJKA
Panda Gamer,UCKLP8862_BtZgPR81CRFKxg
JoslinFplayz,UCKRWWeWwad4eAnPI_AhsoaA
LazorEffect,UCKTrRrMOaeYltDtM5FdMBYg
Natalia,UCKYdAL5WOpd2FATv5-rYBGA
Shad√∏wN√∏va ,UCKa004TpyfaGN9rwwLMxL_A
SteveNoob - Minecraft ,UCKoJngECMxZ5TuYDh1GUwHg
ÎßàÏù¥ Í≤åÏûÑ Ìà∞ My Game Toon,UCKzDXWiAQwxF0tiuxaBzg6g
MolfiüéÆ,UCL2xA1IOV1nsIPNpoUmS9Cw
KikiTale,UCLCa2as63EHKMtJ0rSsCbOg
Incomeparent,UCLFVPDFGDIEAvYx31BavRkg
TheRayfi,UCLKWgmr4D-Ef2jn-jvHIQGA
Claw Quest,UCLS1ahNPeY5iGSI7PzzZdRQ
INFINITE SUKUNA,UCLUCjfnuQX72oyIL4Kdp2jw
Melloup,UCLWbG6klMAKhq4oza9i9Xig
Zenbu  Â§ú Áßª ,UCLcaPsFiS9UAdMnSdPjU_qw
Little Sasuke,UCLjcROg-EULfpIcU3D3BySg
Random Channel Ketelin,UCLjv1v1L9q708UFLbxIcvmg
Battle-Edits,UCLltEHLwZo4uyi_Ry9i6bUQ
Shadow Monarch,UCLmzTZqj3B8tL4dHpjcMQ9A
ianrocks shorts,UCLu4AQV3W7GSg6Kg0XSuBHA
BukSU Channel ,UCLvECvku3S0pH7YLZJMO7Mw
Jarred Jermaine,UCLxZ5uCxBfJo9NueRX4ZcwA
Kurlyheadmarr,UCM30Utw40PYZTGgvrMXNuWw
Red rabbit,UCMAPJWh4Gs6d-s03TL5GWmA
Topher Gopher,UCMP9nOMPwPhIDEhnO7DzNXw
MindBlowTube,UCMXhfbhJYj4QtddC27mgBVw
InnovatorGuy,UCMeY3eHbCzD9hlgTm0GpxbQ
Noel Deyzel,UCMp-0bU-PA7BNNR-zIvEydA
LifeAsOscar,UCMs2qBeIE6Mb9X6DKeVvjmw
Nathan Copley,UCMvwWnifM6ARFBYAg520y8w
Aƒüƒ±rTrolls,UCN1e0J_AiYqCnEfSvAg5UGA
M.A.D Edits,UCN5Myk283TqrJ-maqspgFmA
EliteG,UCN8qJCZUjfKGR6Mdv1BLTrA
ZutiGang,UCNBTflmnht6ZMRNCDNilw9g
Blocky,UCNDHfDvrXXNYH4TO-DJ8n_w
JPK,UCNGGI6WbnV0q2s4IK_RyQGg
Game_track,UCNHnuW2Vkm5ootHX00aYNkg
FASH,UCNIwyVMzpPsO8Ong4IBeaQw
FIKSHUN THE SAMURAI,UCNT4PrEL6psKlYi83Dxmh-A
Shimo,UCNpOqL1PYmFPpuqVViUkuiQ
PacifistPatrick,UCO3JDiW-WlAqkmOguO4E09g
Maritza Vargas ,UCO761UKazXjVLjv5MVsI8ZA
Besuh DX,UCO8plTggS1ca8ORPWGK_XaA
Ayushmaan Diesel,UCOF5-T-RXgvVBM7VRqk39VA
Sarah Green,UCOJMpiclL8HszNkF6NcEwDg
David James,UCOLDw10wwFK5AX-LchX-ANw
Zeynep,UCOMJK9H8IPCGcd2iagqyuOA
AntsCanada,UCONd1SNf3_QqjzjCVsURNuA
mikes,UCORfgZZaSSOgpGbUzqJVvbQ
Kitt Gaming,UCOZsMcbEwVbEIKW4nMNTIVA
Roblox - Topic,UCO_8hF-oulap_6lXy0oXLjg
–°–ò–†–ï–ù–ê –°–¢–£–î–ò–û,UCOe4GNY30CPfe50vj_fw1GQ
Rico Animations,UCOicc9kd58k_XR3D7bTx8oA
Trend Central,UCOj9WICwHqV_smQj-ucj1AA
Dog Reacts,UCOs9JQ5-_V6GM5ZnjKnx5Tw
Dark Corners,UCP1YcvxeNRHEcqyBk_7mjVg
ÌÜ†ÌÉÄÎîî Ïú†Ï†Ä,UCP39qXY8sCJd-b2Dzf_UpGA
Minebot,UCPDkL9bIN4IuTcdTrp5U5aQ
s·¥è…¥…™·¥Ä_. Ä·¥ès·¥á_.131,UCPgj3Djsw6mDX_cILy3eRgA
Hasrat Kaur,UCPh875AEnzpoEaCpPoFLKvg
Pixels,UCPib8ZbgdMC8UH1yQWsxWTQ
Vishvie,UCQ1eHbG5w5mu_yQwsTvPHEQ
psology,UCQ9951uftSx9HTGJq7eYq4w
Kha...k-,UCQSWTzSVAN0wCnlBx_ChPuw
FactFile,UCQYqZHRVVWo_CFk2xryfzkg
‚Ä¢Pinky_Silly 28‚Ä¢,UCQx6W0lg0PXM6G3XbWOfYaQ
Zephyral,UCQxcJ45OPQCBA06RiJlLoAw
JellyBean,UCR36JvZUKyrI5ekQuBKOVcg
yheng cheryl,UCR7P4qm-35Pp4L7Jfh4l6-Q
melodysheep,UCR9sFzaG9Ia_kXJhfxtFMBA
Dante Dotson,UCRIu9Z1XQ4fsMzfb5vkVCcQ
Junell Dominic,UCRKPNXzPWJtJeoVBaFVuBCw
Joy Of Internet,UCRQQ7uQBomp8zfFJlVd2yAA
1Dinosaur,UCRex-DKwp4y2eXoe2tr8_3w
The FNAF Pop!It Master,UCRiDu6PRo1ncGo7oUomIhzQ
AniClimax,UCRp3AJKwowI3O5cAspWf-dA
ZacDoor,UCRvvwDOJCEse-jEU1rmpLJA
Gacha String Star,UCRwZSMMsPYOI1I7sowvufVQ
FamilyGuyTV,UCRyBu2VhJz8AdBBc_UPCS3A
Top 10s,UCRyIP2oznv4UPAl1jmKS5kA
EMONER,UCS85Ik7LlQmgsvQTUXwId4A
glargle cheeseball,UCSBZVIWF5IFKXMgwY7Q1JxQ
KATE OTAKU,UCSCZ0GcixyyaD-CGgOh9yBQ
Dragongamer,UCSGuLz84-j9J0HVPpTt99nA
MonsterUP,UCSKtuoTEJ-1WS-ZUzfx_SIw
Y≈åKAI,UCSLA8-2s4SApoVqXIyH6c8w
Husband of Lois ,UCS_btvN682ItvoaqPPFiIRg
Anh T√≥c XoƒÉn Reaction,UCScsOwqWgP63uqlNEGimJdA
LankyBox,UCSf0s2ogUVYpJPuzW1zpAOg
LongMarvelDC TV,UCSoV2g8Fp0YqtH-bqCOzlcg
Elite Clockwoman,UCT36s1OZa7AlKc8oY-j8QTw
Spyde zz,UCT3_5zx6ZZmrC0c9JodiH8Q
Forrestbono,UCT4oXolSaPqL5T5TXqmPQ2A
Uperscuzzi,UCT9hiz_EKnwWmau8BTjkUjw
RECARA¬∞nime,UCTBHX4SEe8QGfOpC1eGy6Gw
Abhee Kun,UCTBdbbva5_kia1E9twad3ZA
–ù–µ —Å–º–æ—Ç—Ä–∏ –¥–∞—É–Ω,UCTEaf7TdBAaUis9RPSAFjaA
Space Chip,UCTFgh6N-dBSnUEyzL4WJKnA
Skibidi TV,UCTI0SAtzB71pDQWARIF3uAQ
ùó£ùóøùóºùó∑ùó≤ùó∞ùòÅ ùóîùü≠,UCTUobX5_i_7ok4nvNgkqfug
DannyTheBluezOne,UCTYc4AbzUGkjLmz6mnQm7Bw
SMArtProjects,UCTeLKqkXUfN81AO4ONpybJQ
i-win,UCTjWonllhdoO70SxGvd4Taw
EXPERIENCED Teaching Since 1992,UCTkR_URwTvyZjY4ZjXQ2bmg
GameToons,UCToxKVrkEuAONR4rFIJ_DyQ
M6,UCTpVN9QHmRW_ThwU9Rbnx9w
Impact Video Ministries,UCTsRTfwxwj4_ep_MNM17lqg
Choose Jesus,UCTx_0iWspwXjJLgkYVc7CxQ
Elite Clockman,UCTxvdqsmf6LDEw5OixRM6lw
Melowdy Bishop,UCU3gYwCJY-KEFlqP0yedKUg
AAMIR,UCUAtMJZ7ZbKQMB1TXaKRHZw
LDrago King Manhwa Recap ,UCUJAPrviA5NSMXFMIuKv5Sg
Mr Horror Dude,UCUShVD0ZR5zgx6mtDFIXrNA
The Finest,UCUVa51UA_690sEKyRbHb-5A
Unkn0w.,UCUdqk3pWxn6G_RSqCCMZFeg
DisloyalDesign,UCUfYRAPyZPRyMC-7wnMI_yg
üíõNathanDavls,UCUj6i6Fd4Ti5mnjYN0tebyA
Yovi,UCUmDlt41mrVGCLZ2DBWvfAw
Puren,UCUneTrOiFbZqAsuhkcJiJ7g
Brandon B,UCUnmH8N8k4E7y3dKfCzDKKg
STUD 2,UCUu-x2PpMGu7XNkJp7Zg3Sg
Jacob Colvin,UCUw4K8hh4No3ks8wxfqj-uQ
StormXF3,UCV2ShQ8SuWlrSk8zBGPzwSg
Moose,UCV7lBBz6G20d87WoKFPjsPw
The Hant,UCV83jldRQg53vuN62a3vRGw
Caylus  ,UCVAYy7_zddIx6USjXscV9Vg
Nanacool8,UCVUCIzH4XYIWS5xOIxKF0Vg
FANTOM Pro,UCV_kfV6nAfOkiojnexeKn_g
Tu·∫•n Th·∫°ch S√πng Official,UCVep2zyElmwjxxR6Mpl9cdA
LUIZ OTAKU,UCVkHicSN8Tqv7-gDTK5J9ug
General E,UCVmXmpnseQJmwXkjIYRo--w
Joggaros Gaming,UCVo63s3V7Yrv06CCg9rbtGw
Ilkham Kaunbayev,UCVv1p0UzHPhygZ27VGumZmw
IDOL Toons,UCVzmEUSnZzoc4ws9gi2wGXg
The Weens,UCWNzPSsKGBye0mWxKiOw9oA
FilmSpot Trailer,UCWOSgEKGpS5C026lY4Y4KGw
Daily Dose of Animations,UCWRs5qOu-fnZTCWLi8sB1mA
Godzilla Plays,UCWcc-vfjEIeqjmCMkfpJIpQ
Cloutom,UCWeqRSPFvAxebBj24PpDbaw
greenrock lock bonnie official,UCWoqbZ1dS9XoDwN8wKEeS8Q
Short Wave,UCWp7y1TOizhTj2PeQgCM19g
Troom Troom,UCWwqHwqLSrdWMgp5DZG5Dzg
The Film Bee,UCX11q8RjyE3cmI3_iajsljw
K2BE,UCXFGwbhdjod7c7agBziz5gQ
Respect 11,UCXQak2FE1LSut45AkgewEmQ
CrocoKiki,UCX_qJRLAgTTgEZSP-EZKi-A
Trill PJ,UCXaqh8ldA9Wp_bHbZ_rc5sA
Davidjustinn Shorts,UCXcMEuLWTxA2D8IZcfouBiA
The AI Historian,UCXeuCLgrNKvRVpYYS-fMOzA
Phoenix Replay,UCXwOq85yAdEgEzFRIS19MqQ
DannyDorito23,UCXwe9qguxWyA9tYsqVMQYmA
Me & My Monkey üêí,UCY5aSjqMNSLpia8iZfmKC8g
Fabiosa Animated,UCY7Iz6j2b2lbXnIOphdTxPw
OpenZane,UCYGlHNvvRc8VmB0MKWGudcA
Cougar macdowall Va,UCYL0au6V77nHEhVP9kUMwlQ
MaxCraft,UCYPYEhWUvvKFgmgkLACagXA
M MSS,UCYQMZ0QmBF8liML9WSxifiQ
ANiME Vines,UCYSjcDC2klNhGwiIlvXj5kw
WholeWheatPete,UCYXhR9t90GMlUxMKnmskTig
TOPINTERVIEW,UCYddaoMvkJn6-dXnpz81RNQ
Win YT,UCYft-5-veqg3cVAz-bObfoQ
Horror is live,UCYg18ZhOX7E5gCmhyQM6vUw
Daily Family Guy,UCYmQHBhloOCcLd80X4tqwpg
Phong Art,UCYyIbjG90_uMMTrE5zvwhdQ
Geozilla,UCZ2bq_3cVb8AYO9tAAT-exQ
SimplyTasha Shorts,UCZ2zHiPRRje1eRLtu-MQLyA
üåô Famdon Ramdon susanaüåô,UCZ8G20iP0MOcy0iornng3JQ
Short Films,UCZEdxPLINlK8Vom2juakg4w
We Love Fairy Tales,UCZGXgQkLt14xe4uQsBhHN_w
RedHindiYT,UCZMpjHFTcfbwopga5hMpI7Q
Hype Trends,UCZS0wZ47awB7cUcGS8mF_Yw
Mrwhosetheboss Plus,UCZSlfzadjnw7G419c_OJ9eg
Kukung Clay,UCZ_2jPtWgiF1qSVsqwfPYvw
Only Frogs,UCZaHkzTcLezyeEmxcCURoOA
Sallo êôö,UCZkHh8ltP0NuL5z0ENpbMCw
Anime boy,UCZlfkIspAtiLILCgiBzoSSQ
Hassan Khadair,UCZpKiKzlLvqKKkFQPtkiweA
Nic Estrada,UCZuN54pieAc2FOvvegHblYg
XTION HUNT,UCZy1tlsORSwTUjN_jOcjtoQ
BigTasty ,UC_1_bb0cj_QVAE4DVXo0mSA
Cosmo Guy,UC_Ba9vCsY19LF7-gc46lWQQ
Family Clips,UC_TWDZ1Svgigf7kSlJsHEjw
Green Man,UC_Z-MRbu3TR8b7oEpEKwrEQ
Simeoich,UC_Zf_og8H4jiLa_xdvfVctQ
Adriens,UC_bYenB8vKCeluG-DeOZSjA
BeckBroJack,UC_cvTMeip9po2hZdF3aBXrA
Silver Poison,UC_gtY0aqca38U8e8jcgMHOQ
fanfeedz,UC_ixGMbWWVgY5kFL-BLnvDg
I don't know ,UC_j942rPKtPsyn3Z2ovE4KA
Brianna Mizura,UC_oMKGSjJp838-WKqp0phiQ
Mark Cannataro Films,UCa-aGbqYQA8kAJy94v9yKtw
Sooanimation,UCa3UliOluG2e8xHKBQpKyJA
Captain Capi,UCa9UnjBr6X0Ff_sDOQ5zTHw
Real KeV3n,UCaAghFAqxNyAqxJC9bYqX4g
Co Team Shorts,UCaGPOJuRecVXU_IrDtNrJ-A
MbappexTurtle,UCaVfWMGjv8q1cpcEutTh8uQ
Kizza Mate,UCaWnb0qArfkCopAVUP35aNQ
somacguffin,UCaaZFxjlHI3T_I-uFbldIGA
Atul Punia,UCabCZWaJ8BYdsbWeEVvloRw
Yaseen That Anime,UCahFz5nHQAtCN3e9iSF21Ug
Jinkee Pacquiao,UCak4MJyPpRugLm1ZiTCEf9A
Top Cover Movies,UCalFBBEiDQBlHsb_I3Fshew
KudaXD,UCb-4WDP2CI3WyN-kbDdUbeQ
Animation Lobby 2,UCb-ZPIciUeTjbOOs_JxYTDw
other fwaz,UCb-mgDrmYBSOXiixWxUqFhw
Retric Spidey AE,UCb3mbFhrX-v5Pj76oxeqCMg
Ducky - Minecraft Animation,UCbEwJ_s9euEoAg-AbVxOAAg
Min HP,UCbJIqPurVK_RX6qT0M_1cOQ
Platypus,UCbNS84fQONMYItymI_k6ctQ
Jorell,UCbPnvhoq-qdO7nolXTHqgig
Saiyan soul,UCbbOBN69qRbfBBWA_-i4uBA
ExplainingComputers,UCbiGcwDWZjz05njNPrJU7jA
Astle tate,UCbs91ELy8vJYtiMxxE5wNSg
Rus. ani1,UCbx5L_QFOmEN0WDKswtxm-Q
Meqs,UCc5qxy70R9kzDDUSgQP9-mg
Cops On Camera,UCc6FV9RxvPf2LhqhTUJ98eQ
Prince Senpai,UCcDAoukFt5yiJu2TX3iulhQ
Showbiz Broadcast,UCcJQXwgXaWx0SuVX8pDtfRw
AestheticBunz,UCcPBFxTl4gr02oeu7EzzBeg
MrTalalaa,UCcbRJw2fiNubnR7JPSjGRoQ
CB PLAY31,UCchIjzyc9A9B_chZhQh_dzQ
TuxBowDie,UCcs2WFnHSNCRNy4B3tyXI1w
Farjana Drawing Academy,UCd3s7BuoOlu4bRJL6RdGWXw
Garbs4Gamers,UCdCpUgjGBr7qFb-NTTtkTqw
Pol,UCdJeTnK3CDdp-Vs5kFMwF6g
yeju-linedance,UCdKXT-oXmXOubtC3rtPPiOQ
Mr Flex,UCdMBIig5k3aHGVicDtbmycQ
Emezie Okorafor,UCd_C3U1GGQ3ECPzn47NzvYw
Poundza Z Anime,UCdbLB93UatpdPKyj8v8PmWg
Eiko-! ,UCdehF2bGPccS5_lWwwJEzaA
ConflateEdits,UCdpo0EhePP9wp1E8JbUi3fA
GH'S,UCdrBnBNLsN4_cH32HWbr9qg
Asia Cartoon YT ,UCdsX_qNiFEvV-5N1nBdmxQQ
Supermassive,UCe6iWPkV14Hubsp4uh2PKnw
Demon,UCeEGv5KoL5d53gRwNoZ5uYg
Itazu,UCeTa0ildr2k6r2_vOte2ZLg
Garz,UCeYszQMYQOrQmAZGMFbUG_g
CookieSwirlC,UCelMeixAOTs2OQAAi9wU8-g
colosar1010,UCemmMmve3v-EnxAGbb2uzhg
MAD LAB,UCen0ko30XIeN5IARS3E_Znw
Soy Arlo,UCeulwSAy8J7RAt4Jre2tUpA
Bullet Creation_#,UCeuxiHluBsOzXYhfLa1eHOA
Data EYE,UCf0D5fnDxy2nt2mFRQosCQQ
tvoy zayka,UCfBBw57Vp0rt6AVFNbDCRLA
ViralBe,UCfGLwxYDLZOj_eJOcMboY_A
Ella Astra,UCfPgP8h7WjR8sXSl62QBIxw
ray,UCfYT1xodMI0MbrVBIwOYqvA
MrSpherical,UCfhc7xi7-ZDfpVsjIaFjkgw
‚Ä¢Serini Angel‚Ä¢,UCflgrkDQJgfFrF3TQcmoPIA
LIKE! Polish,UCfr5HJzha2HHnCnEeA1IYbQ
No Animation,UCg0Hz5KHfpfdALTFdSsEyjA
History Hideout,UCg6b--eTCc1ozV92IOaNvVQ
Sofia miauu YT,UCg81x3vPB3QMoPFnvNCKxaQ
Tamia Tomato,UCgDVbNCymVuRyCTXGiwBn6A
Wonders of life,UCgHHDzR3U9lyzMfQeoI5o8Q
Movie Logic,UCgWRHwKpfFffxeb_qpVyn9Q
MOV EDIT,UCgYcsBh2YQxJ9GMxKIRbr3Q
Capi Live,UCgZkoj9_t5GQpcgJy2MVFdw
Goji Center,UCghPFyXBc8ObPyoJ9ifeN0Q
THE GAMER KH ,UCghcervi7gfzs1XSiszYNQQ
MamaBarrum,UCgq34jXXkJYMDyMszmGu6SQ
NK playz,UCgrryFhAgUZMkkBxLojsHUQ
ItzDaljeet_,UCgwOPLHMgkoKgxW9njBEovA
Áúã Anime Editz Êç¢,UCgyBYV18irvmgtN6X8ZOBqQ
Gabriel Camaro YT,UCgyw3hgNkH5jTmDLKyIHwGA
PervyKage,UCh3VMCmM3VUJ9d445rVF7zQ
TwizillaBr√∏ny,UChKnEy4PvnNptnNdBYf9IlQ
Broken Finger Paradise,UChSMjXPv9IUwSvz2Ce0LNlg
Datalented - Most Popular Data,UChXpORoIJqROzvhAvgs5Aqw
Thinknoodles,UChd1FPXykD4pust3ljzq6hQ
Heidi Wong,UChdlb6PNmNiv3KlfiMMsoiA
That's Amazing Shorts,UChfTcl5XfdTUCjkfuro982Q
Turtle Quirk,UChp-A9cwI6zVcDEuIXO71kQ
Marina Diaz,UChxqk8yiwDN9a_BwWxQNwjQ
Nerdious Momentos,UChz0BpiylwmXg_kh6Phhm1A
Ennally,UCi-1mC8gV1lqg-hDcwr8Qvw
Respect Moments,UCi-dTs8cqqQEuEoDBToJHOg
ndaxtastic,UCi4wVTt7I9eDIpM2mjv7qbQ
SilverIsMe,UCiDGvftIaIEP9i_TnnKE3cA
COOL CLIPS,UCiDJ8p4P5nQ1eDmvRKfr97A
Cardiackat23 ,UCiLvIRm4cCST7eH5dKRZvpQ
DD,UCiO1cexODt2FSKOi5g0H3sg
Tophie The great,UCiTJnAcLUuekL_SX2l9-8Ag
camman18,UCiZ2z8F8ilr6SC7lOaxAQ4g
Emizayn,UCibqFcvV73mi6K9gm3FuTZQ
Baby_zebras :],UCidBcwSRWMVS5tNz95wFpxQ
DragonNova,UCighK_3RaApFllnOt6vQ9Pw
Echo,UCih6EtMEkbzj5QFlI5LpcLg
Lucas Ideale,UCinl_H6MNFi63-NdwfjRsjg
halvetone,UCioozw3WaA-bXKl6Qw6xs0A
AIF,UCiw9cvKMvZ-7AIiDySirXxA
Nero hero‚ù§Ô∏èüíñ,UCj2tkBUrK7L1iVLZaBJcRuA
vision VFX,UCjHfPDF1QPY6jkoTOrbLD0A
DEATH_GAMING,UCjLpzvd96hbU0Nvwof-yfvw
Sharvan Tard sewari ,UCjMPZPUei5rKgDs7E7RO_ow
Dhaik,UCjO248gVxmfWWuYffBe41GQ
Isaiah Photo,UCjPYYvIdTqn9U52p9IxJ72Q
Mersonüçì‚ô°,UCjRSZ1GR5aRxOAVa8bScXDQ
Sasty Vlogger,UCjUxz4TFRRwzz4koxB3oopg
Short A?M 1,UCjWb5R57qq_W5geb5anRp2g
Boss Mashup üáµüá≠,UCj_WxYDQj804MLHttzq-TNw
The Royalty Family,UCja7QUMRG9AD8X2F_vXFb9A
ProVoiceActor1 Dubs,UCjjHNnPGzyE4lu2JneP4WHg
Mr.Gemegix,UCjkTb-PPlZKHZVT6SOmTjBA
WhyMe?,UCjkXh6zGi9Rk1LuNvZvqN_Q
GamerGoku,UCjrLZ_6QvQmzlWNpHl9U0iQ
ME Kay,UCjulFWPNA5w0mCZWuU45ZRA
TL,UCjv7cf3aYIJwi7bEPBwWXnQ
Shawn Stokes,UCjvVYEOf0O3zTRWO3o0drjw
Shangerdanger,UCk2s_j0cbkWy7bXRV3NLfZQ
Epic Facts,UCk7wL8VWPpq9NYSyrEUppBQ
Michael Dakoman,UCkBiEMEPC23hygKZRCdQXCg
GameToons +,UCkJEKlQZF5fEEMbYzsLeKWw
The McFive Circus,UCkLebsCaMfjDkWSKctBH0Hw
BhaGwan Gaming,UCkLta04CvYUqcLYvjp3IjDg
Nestle Crunch,UCkNzQQ0ZKuLQEQHin99hiig
BAKA,UCkPwe305W2py-7gHk_D3G2w
Beesechurger_73,UCkShDLspTnaaiamkpY_UDHg
Pianomonk,UCkWHfmT2xcpvkBhOuin34Yw
animefunny69,UCkXdSh3rakyjxH3vFpxIurA
E3 Rehab,UCkb9jgRxR2D5bc1fSDofwtA
Joe's News,UCkibUHgOnLlvX1kz-HHYA1w
Ron editz,UCkmUWfqNIzmTrEtlijzVcCw
TSF TV,UCkmyhobwIC_Qa0rDOWfsKSw
SunnyxMisty,UCkzcS2nsFWPet2Mh_OXvXDg
Hot Sauce Beats,UCl-EK36hkQf4BgngYdd--Gg
Creibis,UCl0Oa7eouJAK5CaPEZP7jrQ
JAMES +amv+,UCl7W0-uegkc20ObCKUPTNTw
That Little Puff,UClFN9LShD_Pv0wnSeUKbUZw
Simply Rise # shorts,UClJ96YnainAaav7CiRL4VwA
Corey Tonge,UClKpXfTiE_DqjwljSMe0Zjw
The Magic Tom,UClN727ARmrLor4eTm5U1E6Q
Lord Naruto,UClNwriPsnWrujmzd-48oDng
Ned Adriano,UClUUcEQ_9-k5B8iRov0MGJg
Wentworth Bros,UClXIE26CH8oyaIX5a_vpPJg
Breaker_IJ,UClgQU0UH0uofISYTXHOOzUQ
Daily Dose Of Comics,UCliFeKE4zlpcNn9TONwNwKA
Icycol,UCljz_M6NK7ASp5u0t2ImfiQ
Aris Cerico,UClm_rUcZqPPqJHqRaPyGctw
Pernalongas Shorts ,UClo3VysA6Bd8BeqABXCF0yw
yiyitoy_RCcar,UClrqBhAdve0DvxmjQOA9iKQ
Stacy Play,UCltzAJBmbAuphcUODIrdtWg
AfterLife,UClzY7b8DIQm4d0X5PqdgtOQ
È≠îÈïúÂ∞èÂÖ¨‰∏ªmojingxgz,UClzqWFoCdWs52X3UT7WpqmA
AgentX,UCmAHxaUxCFwbuEgWXZs9cmQ
AnimeNut,UCmJse-skzabOEymTHsV8iPA
Teenager Squad,UCmJz51dpGzi23XXGvf7bPVg
Godzilla Reacts,UCmKM3LPWJkMpUvoVOjujjUA
worldofgumball.editzz,UCmP2ZFQxym2po8Mpk2oLsqg
CallMeMing,UCmRpSDBj2Ghugolopz7lOcA
Alexa8,UCmZeWlx1jaKEeSSRqVjetJw
Itachi Edits,UCmaR_0SdD1U0hplqbPUpT_g
Mr.Corrupted EuphoriaYT,UCmcJf_4M7YAOPo3BT8algdw
Kyozan.cxndy‚Ä¢,UCmhotiwV_AYTo0XSDiC-AjA
AniSpot Recapped ,UCmvQ4iWl1g02Mv0K5oU_Z0g
"Let's ask Shogo | Katana, Budo, & Kimono",UCn7DCb9ttrcw9h3vh9dfnVw
S3nto,UCn8-FLGVq08ONnOwVbM58JQ
WeFoundYou,UCnCDz_dFe-_X-_tfkleRhrw
Bronzo,UCnEifYQ_sawt9_U668KUatg
KifzXnime,UCnHvle3FQS8EIyhvgMMlZ0g
LAUCS,UCnPjkvqZ1XXOeZRBTztuvUg
Bar Blocks,UCnTYc4x1kexcq0SnZjSKzCQ
Melvin,UCnhQXiGgpnSuDEacH_87QSQ
MXTT_,UCnhc5G9lQGMCHoxYaRTnEfw
Goji,UCnlrcex52cp2mAXXYphu4bA
izzyyyüòö,UCnmF-It-Y88WJvIn_sfUblg
MicroGuardian,UCnnlCQ99V2PeqLYVPBOXFiQ
AJ Playz,UCnsuSZOQueg2FC3w3sZxefw
Doodle and Arkey,UCnuf06xsaSO8f2svzMENyBw
TKTOYSHOP,UCnwFq58J3sDOveVjfxHWBAQ
Facts Junkie,UCo0CB_XGayFnw0IQo4WIWeA
HanakiAMV,UCo1jtQBnge4Bez-7x8nVWHw
Cris,UCo6jl_eCEGQRapO5grgbasw
UPSONG,UCoCNrwsi5NAGj4eSb0mDnUg
MangoPool,UCoFKth5EA2xpxuHG3u9OCpA
Cenk Play YTB,UCoH_lpVCMeyl6vcmWSfzNtg
Howieazy,UCoP4V9_s2t5Wt3dZbGDRqSw
Luna_the_pantera,UCoQ1bnerPAwoRaHQ-6y5Eyw
christina kate officialüíï,UCoQ6MyuE21bq_3dGPplFgaA
NicsNite,UCoWliOvugpnkRXzjHXWiO3w
Clarice_EditsüçÑ,UCoZU1eyqryD3AH5q6ZG3HSw
Sayed Owais,UColyEebC-SO0eYqbY7eZ7EA
The Animaniq,UCovDddPoFb9ldRQHG3_UAwQ
EdmundRambo,UCpUzR1DkSr7ICET-WatPx9g
Funny Honey,UCpX5skMIe_2GHnZPcqoO2ww
GarmadaddyASMR4209,UCpXMSidqGAMt1gFD8A4E5Ew
JustAcornn,UCpaWTeHN_KxncWB26L0DocA
Dizzy,UCpcnkNGq5K6bfSBbeHcfJwQ
Kittens,UCpehSsk5eksZXMVlfcsJcDw
What If,UCphTF9wHwhCt-BzIq-s4V-g
Grae Cabase,UCpiDc8KobmLnLTXMyTkFrzA
-Aaron-,UCpkZQxAPfHpnKviPEXtdgIA
STEVE18,UCpoyyMIxbaR3yHko_xTUsXw
SoupTimmy,UCpp1GoykvTBuPiZt3FiFHjg
‚ô°ÔπíLunalaÔπíMoonlightÔπí( üåô),UCpp8Cj9owBKl8NxUsCicOew
Meme Throne,UCpwgaYJ92b2913KwNtC9BwA
Evil Stewie,UCpxEeeo6GSmVkeHavUAZzug
ùêÄùê´ùê¶ùê®ùêßÔæíùü∂,UCq55sYpGfAOfPehAjMQkc_Q
Zach King,UCq8DICunczvLuJJq414110A
StateBalls,UCqG3b7ktKbW_G6Zv0T6yiaQ
Adalie,UCqGAeZqmoY-vxGdUgBazcsg
TheGoodShepherd,UCqR23nNSLwEA9KRJsUwIAlQ
SwinceBall,UCqSl9EYLGN8okNaavs7kmVQ
RENXIZ,UCqWesGSh_adN-fqPo-_YlmQ
Dave Ardito,UCqaEkLJ46DliTR0OZaaJF2Q
TheUserWhoRules,UCqaPSROewf8WVaRw448E4Ug
In The Netz,UCqfCjFdwOY3RXXdLnVEFupw
STARBOY PRESENTS,UCqgs4iC9F3LjmIjWKkDMsyw
MEGA TREAT YT,UCqjf5a43dDARlhN_v5eCKKQ
Capi Reacts,UCqkDEL5P1WEDXIsmj13covQ
Give me five,UCqr3aQZ0njkbEOJAn0ZXoMw
Aurora,UCqwdJOY2XboAB5oTCDvuSzQ
MonsterDarkness0,UCqzcWeg7jfd3NIPlaW0YkMQ
REYZI GAMING OFFICIAL ,UCrCb4tXPlvN74SL1A5Jvpgg
Bar Greenzaid,UCrJDy01cVNU0OumddlRRMFA
simple gaming 555,UCrPhn5VxRIX6u4KgaWJHgIA
Fifi xD,UCrmxsHVsKtrXGJs63QhfJFw
No Kapp Wit Koko,UCrn0w0-6RylK5ynEClAbDlw
Battle.Royaleclips,UCrqVuwOR-VwmGo0J3TYhr9Q
Jug Comics,UCsOePAhzyPlq83Pdgb5K32g
Bow Wow,UCsSHWydpNI1p4x3U7vNuOPw
Taufik Fanart,UCsSaheswb8O3aW7Lj7eyYyg
DaFuq!?Boom!,UCsSsgPaZ2GSmO6il8Cb5iGA
Alexander Kai,UCsTaatyt98qVHAMWHfAZtZA
Kristine Agdon,UCsWtHwbBG1LPQ62Ff6cVuYQ
≈öh√£d√∏wTr√∏√±,UCsYAA-wvzt9TK7MmG9sHLAA
Country Balls PK,UCs_aR3u5XJQz0NOT0NAhX1Q
amel ._. art,UCs_d3rIYRw3LycPG0AqCSVQ
Mayamystic,UCsbzkA9S4TPhkt2Kl2Rx3ig
JustFinKing,UCsckUgwYAdgxmiUZLISFWeQ
Viral Warehouse,UCsmYCQrrX7LP83Ih6aMP8hw
Teach And Print,UCspiVOBmAsQEeRZha6IlX4w
ABS-CBN Entertainment,UCstEtN0pgOmCf02EdXsGChw
KY√òT√ò,UCszCIoP_ZdwshpCHi5gdGpQ
Brendon Crypto USA,UCt09lxJ3XO2Kd3eNOoiW_IQ
AuthenticTeeCee SHORTS,UCt91DQH52N4Jzxwo0IURAHA
Joe Rogan Stories,UCtDPKtGSRPcjUZ-0yCGLukg
Musikanna,UCtFj3XCQrJfb5QrFu0t32bg
CRAFT YT,UCtG5A4QpqhVL9Qf7GDbsrWw
The Queen,UCtPqWwvdw9eCpPsnxtaWg_w
Anuj,UCtXqm1VRsw147JK9-Y3TdmQ
Devin Caherly,UCt_FevX1UdOAMKGvXIzwTLg
dar1n_tt,UCtdddc2oIZyiRPh1ROjYyIw
Spider Slack,UCtiddfzHXNevG-yYe5vc_4Q
Atomic Fan,UCtj1A-qAPNkgpEWjz0XRkhQ
Anime Z,UCtppWHyWLlcthch6uuLCbiA
Lyon's Point,UCtu5X4aYTmMNdauI1u8IKLA
Attack on Titan Music video,UCu0xIl6xHFLUt8qX7o-hUZQ
Chasing Skyler,UCu7K13m9_kxlEb6F70EY05Q
Threaded Horrors,UCu8ybExHp8N2OOZMVy84URA
Rara and Toys,UCuBH2bgRJc5uzzKvBaT2_UA
Witherpool_;3,UCuG_wxwvCckisa4AC9UWq1w
Monster Gaming,UCuSN05RlE_F7Uv3H3O09vNQ
Syinite,UCuVF5SaXDHcRkGE4rpbgoNA
Cruel Gaming,UCuWfYCr0CK3tqYUq8b6grVA
roblox az,UCuX8YwGMrAc9uqIdm03fMyQ
Its Hot in Hollywood,UCub4_I4HBLxIPMHgTQLw0HA
Treeple sweep YT,UCuemL8-6QKOYsZkywaURraw
Elite Cameraman,UCuevnMrjieAbucLl46gTW9w
FURYS,UCujthn67tmMGLJQWfOBEU0w
Rblx Cosplay ,UCusmbGT8dvZtAO_1wl9fkig
Luke Davidson,UCuwJoiGWRxPYStBp0l0WuZw
The Rapture Chronicles,UCuwprYFjAgyLChh57pTk4rA
Ayo Cerita,UCuz30UUGHA5FoG3-5QRlfRw
Gen,UCv1wAgU2ej6XjoKQawlauSA
Post Clips,UCv86GweoPZjq5WtbaGSvi5w
SAO_YI,UCvBE5zOW_sPGNRrAYXwoTiQ
bread,UCvO_p0aBUcryJzAJ2RRnytw
RegularShowASK,UCvRvA93MGo09m9V0P3MqJlg
Hunter_kun,UCvdyTQ4fr9r0vWSdZX4kOHA
Llamanator800,UCvsFQLbecVfKj9pKEq8U1EA
Axios,UCvtIiiNqxOnN5fxpnHR2w-w
Lukahanime,UCvv_J85pbcJ7RAFkWSSoM_w
BikoTheAnimator,UCvw7Ri9g4a9cbx87diwfu1w
Zack D. Films,UCvz84_Q0BbvZThy75mbd-Dg
JN TOPS,UCwD4rD3UnQjIRCtsqqHq-ZA
Atoms to Ashes,UCwM2Png9fEhwNyEci7VtffQ
Reichen_art,UCwUAHL_puzmE5VL_9c1BNJg
Premo,UCwcCQunRjq2Fy5bJAfVBBZQ
rogersolosurversebtw_,UCwnQW_Dbnt3aEUTkCi8lZ4Q
Stellar Sagas,UCwqFGHLDXKSZmI63yCKnVFg
Kiven Official Vlog,UCwrmnj1AdWak3ZV4SBaNFmg
Sixty Formula,UCx0QjKM7GtaeRsBFB7ViWOw
Corngak,UCx5xUie-SBVsryNyHxd8Egw
Crano,UCxAV_IrcapJEHCyufrH0LuQ
huggy vn,UCx_33lc4T5vNgaZwnRni8xg
Zshorts,UCxbD9UaJkzhMp-vH0e9-Chw
Sn1p3rrr Roblox,UCxnXdX8qVpRZaAwA9cN8WEA
PermaCommunity,UCxsYYzwHqcDeqTnipLMP7wA
KreekCraft,UCxsk7hqE_CwZWGEJEkGanbA
mercuri_88,UCxuBvuxd7lU7fx-8aactdVA
xenvzz,UCy-Z774oqNbkqzBpBRFdYkA
Garmadaddyasmr123,UCyDXEpKJdmeErd1QxTzrGeg
Ej Clemente,UCyKEBrvR7MMQIhMmyn7rWSA
Anidiction,UCySeIFRBvusyHvMAl6KU4FQ
STA Animations,UCyUJVumTrctH2_8bgCXkMvw
Mautzi,UCyWl8DoDY1-fcf3WpDORBdQ
Mini Katana,UCy_WCbqwp5ZZ4zNwAyMChiA
Zhong,UCyagEfIN1okQ-s996XAqCFQ
MoreAliA,UCyeVfsThIHM_mEZq7YXIQSQ
Crazy Crafters,UCykVnqGTynEDRUpecQcDfSg
Balamurugan135,UCykW0cmu7lloYf7rf3POS9A
UltraTNS,UCyrPAHSIOAMMXf8q6XFvTFQ
Toca Moana,UCyu9gU4G1_W0UCLOgkWwY-Q
ROWS777,UCz08S9tpnPiqE23QTrO14kg
Euuu.__,UCz4fQGJuUYPKRMOrsqhD6bg
Corbin Maxey,UCz5Ms8847Lmak08A5AiGOEw
The Land Of Boggs,UCz5osAvTYFKjb6Kjcep6vXA
Animeme TV,UCzCItGmTbB-nHZHx5OOR4sQ
Rare Americans,UCzCTW3k3_ItdqxdVaeXn2IA
OL11,UCzDMpWRaWSI70MsYOf982Jw
Hatem Game,UCzGSwUxVZmBp4w4o2sFTmZA
HimawariByakugan!!!,UCzGlae3GMuVkChiYXIKvmhA
CatPiano Entertainment,UCzH67QrZKbov_ELYKBZnAdA
Joseph,UCzMdYIxxBi-SILUW_kBVqUw
PinoyHowTo,UCzN_Z4Zo7A0JLfId2KypVLQ
BeTech,UCzYXwUtlpkxOW2U8_iVxWZg
marrkadams,UCzY_sIOOHeCobumpqJrjdig
Aphmau,UCzYfz8uibvnB7Yc1LjePi4g
Gold Shoe ,UCzkzvqNmAiM8c0QZY6h47cQ
R3alism,UCzmomGc_ZMYM4ie89oeYIag
Yeagerists,UCzoWo7ZpqhlhVxhqfFAqHAQ
Ethobot,UCzrlI6MuQz0IzprmuUZb8-Q
Tyler & Snowi,UCzzF1kdBgwv5RB6rbB6kVSA
