Amegraphy,UC--_T3oLP28JGlRbdoaDevA
PlayStation,UC-2Y8dQb0S6DtpxNgAKoJKA
Interaksi üá¨üáß pelajaran bahasa Inggris online,UC-30O_SixJaIfollKVsDXrQ
PRANK JAPAN,UC-3LVluQysOhLXVUQUBUhVA
SD1ONE,UC-3YVzX5LZ6QHFnv_CmAHAA
fideliuswisesa,UC-4PeG1bgr0-8E7NvKlpSJQ
PAPA BOY,UC-4eLxGYbZp8JMFRFhGXKdA
Calon Sarjana,UC-ASDT9n-sUPwA7uUPN0OoQ
wuiriam,UC-ArZr828wwoEjRvVE8VPMw
SANZ FILM,UC-FKigxZggB5YQNp4sWkc8Q
Hearts Of Iron IV,UC-Jqx-UvWJrQ_TiVZjI0m7w
RiNxJULiET,UC-UZ5YMrBJwr3phK2lkUArA
kerodiamond,UC-YuUkaBp7YvpELZEg1Q6jw
halyosy,UC-cGs-5HqIutyUrPa8mmDUA
Attack on Blitz,UC-d9fCY0SQkYuQBd4-AspQw
Yarnhub,UC-f2WBfSCZiu0bOBydjot3w
Miko Ch. „Åï„Åè„Çâ„Åø„Åì,UC-hM6YJuNYVAmUWxeIr9FeA
Crazy Tester,UC-hOof8hD-mK_8tDYEOWWXQ
Flutter,UC-kbi_tDjGXp2oEIzbjEo7A
PewDiePie,UC-lHJZR3Gqxm24_Vd_AJ5Yw
Lesics Indonesian,UC-lJ0kIvHNRs0r0yqm48FOw
Ray Chen,UC-oPgEuX6iwJucvVGEmQL7Q
World War Wisdom,UC-plbxmb5_h0dScFEdxPyAg
DuaPitu,UC-qMN44TlXGvugNyME6z_YQ
Eric Kanevsky Official,UC-sm0NsZ5p_q4xGlE--tHuA
GOBELINS,UC-vrN89jIox3XqAKbEMeFgQ
ClariS Official YouTube Channel,UC-zeaPnxZHE3EcTyVl1fTdw
Daily Dose Of Wisdom,UC0A9YrHgD5hZ2JXQrxRPHsw
Element Animation,UC0AE_22J0kAo30yjasaeFqw
Faa-kun,UC0BV_y0pPkqq4BYy1Pp1HaA
Dr. Garuda,UC0HowZa_wwVoBQRKO3bwCeg
Drew Binsky,UC0Ize0RLIbGdH5x4wI45G-A
albert_cancook,UC0NkSnlCOhoODbykzZwpiDw
Luis Urrutia,UC0Pa0bQ0LU-NL1v-B1Eg3lQ
Shidiq1230,UC0R7EIEcCSMyXP7d5kgNVKA
AZKi Channel,UC0TXe_LYZ4scaW2XMyi5_kw
Sebastian Tedy,UC0W4MrJUvXdt8IbH-sDwZOw
Ai-Say,UC0XE1daxgghSzXQC1it15LA
OHIOBOSS SATOYU,UC0XwmKYoAkybFU8lw4veZrw
Andreiii,UC0Z9DIpUvw9PtZTRVMMNKDg
Vanderism TV,UC0ZbFWOW9Nfuw9N9M2H5X4A
Il Minds,UC0_ZjSnxJkNaRJecSRnjFPA
Akun Bintara,UC0ek_ZmEEgyOzS4TPliqwgw
Êú¨Èñì„Å≤„Åæ„Çè„Çä - Himawari Honma -,UC0g1AE0DOjBYnLhkgoRWN1w
Guy Collins Animation,UC0n7hqQFFEZnwxrcVh09uVA
MILYHYA,UC0ohl1eKTtlJNqbD-HWRQVg
Browney,UC0r_-7jgl1yl0oWzGEJ6o3w
Kanaria,UC10BM9XdLdrvB8japwmRUvA
TOHO animation,UC14Yc2Qv92DMuyNRlHvpo2Q
Halaman Tetangga Ch.,UC18TTRktHLtoWVPkES-WoHg
Shumi Shumikea,UC1AwHzhQtt6sOJND9MVe0zg
SodaFunk Ch.,UC1B3Dhu4PWXz7g39xkBxswA
Dani Eka Pambudi,UC1CWr_sJZ5U2abTPAbPuC1Q
HAACHAMA Ch Ëµ§‰∫ï„ÅØ„ÅÇ„Å®,UC1CfXB_kRs3C-zaeTG3oGyg
Pekora Ch. ÂÖéÁî∞„Å∫„Åì„Çâ,UC1DCedRgGHBdm81E1llLhOQ
Yandere Dev,UC1EBJfK7ltjYUFyzysKxr1g
Nihongo Mantappu,UC1Gmqqs_Myzl2KHIeqfUC9A
Bent,UC1IhTU9ZmXDLqfJ2FzxrR9g
Paradox Interactive,UC1JOnWZrVWKzX3UMdpnvuMg
Musicbox cover,UC1Lnp3Vcf1oiTwbft0w9qlQ
The Action Lab,UC1VLQPn9cYSqx8plbk9RxxQ
Mustard,UC1ZBQ-F-yktYD4m5AzM6pww
ConeOfArc,UC1_oUtCGIqUMbIyRPeJsSyw
MPL Indonesia,UC1dGHGJTXU_dkiR8tW3qQgg
GadgetIn,UC1dI4tO13ApuSX0QeX8pHng
Westie,UC1e6iW4ojbhn0gUCyvjawKg
Pusat Cara Cara Shorts,UC1jNL_UGzOccpQl7t5rS7wQ
86hands,UC1m3t1wk5HR2vW4omCnsEjw
Si jey dan Comodo,UC1n4K65Vh6h_CRF991bEvLg
Aqua Ch. Êπä„ÅÇ„Åè„ÅÇ,UC1opHUrw8rvnsadT-iGp7Cg
Âáõ„ÄÖÂí≤ / Ririsya,UC1ucgoC_sGww_Euu5iMqpQw
KiZo TV,UC1vjHVMCG8svqMTlLC-vb7w
ÈÖ∏Ê¨†Â∞ëÂ•≥ „Åï„É¶„Çä(Sanketsu-girl Sayuri),UC1wLdD1RVGp_rLH1NRJnD0A
Asian Boss,UC2-_WWPT_124iN6jiym4fOw
Cuemath,UC24sjKTMy-d5Z-g2OsYYHqw
MainSpace,UC25EQbVy9f2qlDNbECPde3w
Geo History,UC2Cl2g2xFTZoAEldxYVzQFg
2ManySnacks,UC2CmFx99gzfInrT8Jowm01w
Minami,UC2JzylaIF8qeowc7-5VwwmA
CHRISTIANPRINCE INDONESIA,UC2KLzDRyojJD42AYWZhe1LA
Calon Sutradara,UC2T7cp2x7otpobQSEM1kCNg
Scale-a-ton,UC2UPftBhkCUwQyCGSQxCbNQ
Mayara Rodrigues,UC2Ut6zaH-dENocDPTaAd5-A
Viska,UC2Ux61gQvGPinfKlw5lOUiA
Brictator,UC2WCQYNgCx_HQoAsNTXOdRQ
Analisis Militer,UC2XpZQsG7t2IfbfTGRz1Y3g
Arwildo Cyber,UC2ZCUFE4tF7LhgNe8v-y9YQ
Fifan creation,UC2gpgv6qvtEGEvWnZxT2h1w
Empire Venezuela Mapping,UC2h31ZoRNuoMiCGhUY11_GQ
„Äé„É¶„Ç§„Ç´„Äè,UC2iRI4qf-H_BdpsS8mMEjZQ
DreamingWitch,UC2rzJWvy2xzRDsKnzwBpxfQ
Goldelse,UC2zqR_AxFNEO5s88fae-FEQ
Samurai & Ninja Museum Tokyo Fans,UC30GfLisrnQHeogVmdgcVTw
Geo_chr,UC31s5VB0AvRKZ6Djl9-LQ1A
Solus Astorias,UC34kGAogKZvSS9e47NmSnCg
Fire Ants,UC360NiyHe-PjV-GzyD7GxeQ
Cribble Animation,UC3BpLYIXEITO6TTJi45Bf1g
„Çπ„ÉÜ„É©„Éª„Éû„ÇØ„ÉÄ„Ç¶„Çß„É´ / Stella MacDowell,UC3GangzfplnY9jiahVA1jZA
MbN Files,UC3IEkiFe4dPyLrcuqCiVNdQ
MiawAug,UC3J4Q1grz46bdJ7NJLd4DGw
Rational Christian Faith,UC3TU6KObx3YSYRq0Lu0gN2w
"2,6 M",UC3VVjlj_shwGrKyyTWQAUqw
GaMiNG SL515,UC3YltWyUmnyMr7Ub8bgy3IQ
Rocks for the Spirit,UC3_GsBiAvCzRYIcS_qmAE2Q
SERSAN 42,UC3bHlGiBY9hzlfjbdDI9heQ
Draw Me,UC3fQVtdGShpatohbg8jqcYA
the peggies,UC3jNmNbqOSajU-pT36HnTJA
Ask Cliffe Clips,UC3lZPN-TqyPTONhzFfx_8hA
Nanashi Mumei Ch. hololive-EN,UC3n5uGu18FoCy23ggWWp8tA
Material Populer,UC3nl8V_k4ldx6OzNUWCSQQw
DaengPapua,UC3oEQK0aeeafnMbWjf_w_8Q
Rise Japanese Views,UC3uGILhw7gncH4JfFoTEvzw
Leihan Ofc,UC3wm7gdRpRetrVLgdiSKYxA
MA Gamerz,UC3xlOcEIaZQ_NK2dvorPb4Q
MrBeast 2,UC4-79UOlP48-QNGgCko5p2g
Cleo Abram,UC415bOPUcGSamy543abLmRA
dakooters,UC419PFikISpkirmylX5smqw
RitoHeartz,UC46G4A35WPB-3YXNxZaZMow
Sophist,UC46Pjj76Up5qJVlKK1HL0zg
ElestialHD,UC4AwCWdalD3fuePtoZj3Wew
Aldrahill,UC4CmJdaG6Vq5IFe_RUPsiPw
Sushi Clips,UC4Fh9OcvIEWK405Cvg25jDw
RitoHeartz,UC4FksJo-YxhXb7pKkuudpFA
Arcer Film,UC4GvvnaePRum_SuCLYJFKbA
Al-Biruni ID,UC4N1F1RQx_C2z622Bjqgf7g
Blue Spot Histori,UC4O0GNTld5Ii2KB57LVZacw
Bro Code,UC4SVo0Ue36XCfOyb5Lh1viQ
Aurel Val,UC4XDtLGCmLDJNWrTzgIw7-A
KizunaAI - A.I.Channel,UC4YaOt1yT-ZeyB0OmxHgolA
GDPH,UC4_MggJzAxIhtngD1gGtbtg
manbo-p / ÂÆ∂„ÅÆË£è„Åß„Éû„É≥„Éú„Ç¶„ÅåÊ≠ª„Çì„Åß„ÇãP,UC4bCQCx5VySKK0a-UBChNLg
Andy Lukito,UC4f40QAzkqStDAx6zcZcj4A
DHIARCOM,UC4fn1t8clOY76_BeWNJg4TQ
Frost Diamond,UC4hGmH5sABOA70D4fGb8qNQ
okkyjem,UC4kX-3qbf9bru_PSmxBF_xg
Zevanya Lumban Gaol,UC4nzPM-2_uizz5-hVekmZdQ
harmony,UC4ocopmnWmwViIHELoo1Gkg
Harus Tau!,UC4t5uyPxBzKlbECAmZ00XcA
BNN KABUPATEN BULELENG,UC4t79-yBmmiDNVksEaRgLmg
Lex - Brawl Stars,UC4yh9rj_cPT77it63N14HQg
bigboxSWE,UC5--wS0Ljbin1TjWQX6eafA
Nerd Robot,UC5023bhZ1tRhRrkG5wCJ-YA
Minibricks,UC50IqyEkFm1mUo1khTdbDhQ
Simple History,UC510QYlOlKNyhy_zdQxnGYw
PLASMO - plastic models,UC53hZgZPlQmKWFRFSpxbSxw
Nikola Tesla,UC57XR5LIIULED1ENg7Y4MYQ
Modern World,UC5BdO0zxqBHKL4QS1oWAiPg
Suisei Channel,UC5CwaMl1eIgY8h02uZw7u8A
VoidError Ninja,UC5G_YkpQ8gRJkSyHYzWzWiA
Hakunon Matata,UC5K9k8ZmLHrUMReShOJiXnw
Tiga Jeruk,UC5VqaRUl0HVjWKsTR5_L4jg
Kankusubs,UC5_mbC67fbAcpicYDjTD3lg
ByAsh,UC5aCBJwF0n_Esug3l6XjBnQ
USA Military Channel,UC5bu8qvD-y0eo2A6yLfvr3A
dsand,UC5f7SMkMhIwMBAujIdt79zg
Righteous Robot,UC5qFBTCSYO6Pc69bZk9CmfQ
M2 Rifle,UC5rXORIuyIc7gdT59R07b9g
Nirami,UC5vK_xyMGgFmtOvS_DVcLMQ
Baim Paula,UC5xAPCVizxOfnMECMXkal2Q
esportstvid,UC615Ng78VDeJgETIfVnH8rw
Akemi Ch. Áå´Áî∫„Ç¢„Ç±„Éü„ÄêAKA Virtual„Äë,UC61iJVuFVS4YsnPkZe5EmXg
JMadness,UC63PzCDkmvCtlYjnXoLOyBw
Zhiout,UC65nMhZkj0KEjN85waPo5_A
Data Fakta,UC6A7oV8WMTvBhRqkOREOk3w
Kristen Motivasi,UC6ABHU6_Zm8w_du4pNHr6kQ
AnotherVidHub,UC6HSBuoOR-zBDXKG9xGB4Lg
kessoku band - Topic,UC6IhDHJbJUoRJGUPnlh5GRQ
Pesulap Merah,UC6MPC52WuxbE2n7QQ23qvjw
ÈùíÈñÄÂ§© ÈõÄ / Seimonten Saku - Ê≠¶Â£´Êù•Ëàû,UC6N5dBIKJI5Y_BP-6sIJ-cA
im_kankan,UC6NuTYY7u-JFsWwImGe9m9Q
ISSEI / „ÅÑ„Å£„Åõ„ÅÑ,UC6QZ_ss3i_8qLV_RczPZBkw
HAKKIManime,UC6QnM4eXp_4QaC8KFMfIy1g
Megane Sensei,UC6Yoq_MyO8-nkrvCj7USqzw
Bigetron TV,UC6ZnM9vJ7OFVVvzOACDkfGg
yoshi channel,UC6bCc-UJ2pstixgBHXFZbjQ
Low Level,UC6biysICWOJ-C3P4Tyeggzg
Koyori ch. ÂçöË°£„Åì„Çà„Çä - holoX -,UC6eWCld0KwmyHFbAqK3V-Rw
DIMENSI TEKNOLOGI,UC6f5AzHqrJIs2AT9hLGNs-g
Universitas Pendidikan Ganesha,UC6hWrwN1LQAsKmFE4a8RsXA
reirei „Çå„ÅÑ„Çå„ÅÑ Ch.,UC6ne5WddiNBywDDwpCQb1Nw
SFwan,UC6sRz4UU3hEogcteTUz558A
Russkhof,UC6vMkHAULkiJrK_GT2S_Y1Q
SyaninSs,UC6wPYkCOm9iiJDqysXhVk5Q
ÏàòÏÉÅÌïú ÏïîÏÑ∏Ìè¨ _ Amsepo,UC6xgyW1hxO6kHc40iic6viw
PlayWithRega,UC6xj7olbgyKuZ0hFSaG1WPA
Liwiryon Sudarso,UC7-Um7NJF68IZjikTyvwEzg
EBY FAMILY,UC71LxlfD6wptflTDpZkM2vQ
Aveb Ryando,UC73VkcEu6ej-i8l3Sa1GAsQ
Melody Chwan,UC76ECjRUMEWG1To8Td6-gMg
Steven Wongso,UC77EeKQeJkwbbsdElNfuz8A
Clash of Clans Indonesia,UC77IKln3aB-2JNdHkrhUd8g
Yen_BM / Chris,UC77R3jvrYEfEdq6W5XNdwGA
EVOS TV,UC7B2kbI32oz3RSB5CsbPgkQ
Tadho Marta,UC7BPA5V0CIb7lN08UTv1jrA
Nanimedesu,UC7DxZicLt0lYwzTf0GlW93Q
Eidura Channel,UC7FP-ybmXuoPwalGEWPXTNA
KesperDaily,UC7J1b1qxrSWTj6GAZP6URBw
Kaliningrad General,UC7Jz3BfXhojbHXUkICHCx9Q
IqbalMs,UC7KppwigXcdrNECh5bx4iCw
Mia Canasyna,UC7PYQOLdlvo9VgJjhrYeGaQ
Ibad Ch.,UC7UZxS1-myTES1v-LYp5NtQ
NightD,UC7VT_xaWVmq0JvsTvCFACIg
DAILY ART BOX,UC7WH50p-Ckq1h-u4nV6dzSA
Nyxfall,UC7e1MuonmAK827roLd2kfAQ
Shirrako,UC7eAfUjR9gdIjoaoQaS0W-A
Kazuma Sensei,UC7eW0-f_81EGlkOx_ZtVpQA
Nakiri Ayame Ch. ÁôæÈ¨º„ÅÇ„ÇÑ„ÇÅ,UC7fk0CB07ly8oSl0aqKkqFg
Howwork X ÂÖ≠ÊåáÊ∑µ,UC7ia-A8gma8qcdC6GDcjwsQ
MR. Dharoniya,UC7nHuQgMQT_UY1-RZPgqc_Q
Pushpek Sidhu,UC7qUbTJ26pWtqpIMqPpMX2w
Matematika hebat,UC7rDHmH2_aKGTIc0K2_IW4g
PeterSripol,UC7yF9tV4xWEMZkel7q8La_w
HumanBuddy Indonesia,UC7zDTP9n8B80xX7J9VTwANw
Hectorlo,UC83Xt4LqMdVC5CFT5NhA_wA
Tikyo,UC86VmGkDgsVNuRjHABnM3ng
Khaby. Lame,UC86suRFnqiw8zN6LIYxddYQ
JLaservideo,UC89AgkG34oooZubVt23wzFw
JANTSUU,UC8CwVsDta65Ifv5jr7nlBCQ
Arab,UC8H9Zmx8CslalkliFegKXhQ
Druid Works,UC8HqjBPkeLtqoF2xOwYULsA
Obbyphy,UC8J8jWVZK9isJAU579ulheg
Study With Student,UC8KFFLw4MCeYzN28JN31NUw
Tamaki Ch. Áä¨Â±±„Åü„Åæ„Åç / ‰ΩÉÁÖÆ„ÅÆ„Çä„Åä,UC8NZiqKx6fsDT3AVcMiVFyA
Amanda Chanel,UC8OU3YdFzfc8vkqI2Q9YnNg
Laser Creation-World,UC8PPpb-2kFmb5zgqL7EmAmw
VY Gaming,UC8SIGsM6pRTbjwrI8WmXq4A
Momoy Android Gamer,UC8VG56xo1kPSA8wA_uNr4WQ
Kane Pixels,UC8X4WT5_lUXqMjeN8bGFk9w
ProgrammingKnowledge2,UC8aFE06Cti9OnQcKpl6rDvQ
Arwildo,UC8d7Kp-zXf6ZuSff043mjpg
Matt & Justus,UC8dVW9u_aNeGVl1WQnNh6yg
"me, monster, and loop",UC8jAuh9XfMf_6z2v-n8EH0Q
DarkHumor momo,UC8mldIClrUJO1b6zfnZe7Yg
BUDI01 GAMING,UC8qp0ZmavLOGeSdLxSUZO8w
IRyS Ch. hololive-EN,UC8rcEBzJSleTkf_-agPM20g
RATE VFX,UC8vlFSlvo5vtc_TNDNlSJwQ
NuLi Self Creator,UC8vtg4JbE-k0VrPBP5Aibvw
REN,UC8w2BS8RUP2l2GKMtjkEVmg
Warung Sobat,UC8wzLwmuZHBy9G2yVdEaNDQ
Huta Chan,UC8zu2OozCIfLIoDyCQmlHhA
Kusataro,UC9-2TbAZzdnqKdPlrVQLXUw
JADOKAR,UC93vO4lnbQfEEk925RwJU5Q
2Nine Fit Indonesia,UC945wnLjlNQoCTaPcSNh3hw
Steel Guru,UC971VIjEEHKBN71CB7B7-PA
PEARÂì•,UC98FqLb-fljVb4l6e_FdWjw
Hobby Mborong,UC99twr_dT3KBP9BjFpkIr_w
juljas,UC9BAR73kn29UV4rrfrZGJ-A
Talenta TV,UC9C_Y8ukJlqIB89h1uwvBpQ
dP Art Drawing,UC9ClItdGpAvS1JCyK1kVRAg
Andi Adinata„ÄêMAHA5„Äë,UC9QnAjC7mT4ggHuedr1_kqQ
Hanayo Sora,UC9SiyrFFMtAeThaQwxQzhgA
Holo Anime,UC9VF8hDSg9NiT93f7fjVohw
VianoGaming,UC9f36EMa-naGAD4hfqRFPew
EJGaming,UC9gEFOTAg89W6gWIGkyiAeg
Brilliant News,UC9gcxSRzjeZyZGlRQW-0rrQ
CineStream,UC9ggVg3LrUu81oVaVrnFwxQ
Dangoheart Animation,UC9iDlvBVMyE4sazC_cjaJ2A
Dira Gaming,UC9l7TaNirsS5CaK7cgmGD1g
World of Tanks Blitz,UC9lE09jxmMgMoG13WrNHPmA
Topi Sihir Animation,UC9n3IgleIaFrJrp2hipGQpQ
Koseki Bijou Ch. hololive-EN,UC9p_lqQ0FEDz327Vgf5JwqA
Lindybeige,UC9pgQfOXRsp4UKrI8q0zjXQ
Bigfumi official,UC9rS8WTNJlPuRN03sgfqFWw
Lacho WoT Replays,UC9sTzU2GhbmLBMjYg7an8_w
The Best Film Archives,UC9x7c4tGNWfpJyJTT6atzjw
FliteTest,UC9zTuyWffK9ckEz1216noAw
≈çkami ken,UCA-jYCfqyx6pwWp2L0Z6pjA
CakCop,UCA2n_KdawlQtqe8cnqy8wWA
Dark GFX,UCA5j6DbzbWT4QM5k7nBdVlA
Noemi Hestia,UCA7tDob1IQiKWXnGktjPKQA
Londokampung,UCADZVxC_4omYiNDLcsDoCeg
Kiffy,UCAH3QggfKl-_p6NEaRBPkHg
SleepyGameDev,UCAJy2MBh_o8hi89keD18MGA
Munitions,UCAW1KaFB0WO_18JZHSDmHjQ
MattyyyM,UCAYP3fJ8zYa5ieaekR8cjOg
HoneyWorks OFFICIAL,UCAaGaynFpku5cAx6OOSrW-w
Whizky LandS,UCAb9Gzgsg1-oAsk-omJjxHA
OneOne ÏõêÏõê (OneOne),UCAf05GhLBulApH8Nh0hvLKw
Pemalas YT,UCAhV0vjhIelCwFpgbzI4DJA
Gastronusa,UCAm8YLBQTpobyYNFHY_KGNA
Airani Iofifteen Channel hololive-ID,UCAoy6rzhSf4ydcYjJw3WoVg
A.I.Channel China,UCArUdy5xj0i0cTuhPHRVMpw
TBAG [Clips],UCAsSOrBWNm1y0vOZ_JWBzTA
SENTRY,UCAuo-Cg2bZVt3YSES1tyl9w
OCTOLOID_„ÅØ„Å°,UCAv2k1UVz5R5G0ZlfNW3Cpg
Russia Insight,UCAvBcst08Tfo4VNtIaRPTNw
AlanBeckerTutorials,UCAxYH9DWyVmMpS9NgyxoTFQ
dimedigger,UCAxdJnnHs_FycdRugIFLmRw
TwoSetViolin,UCAzKFALPuF_EPe-AEI0WFFw
Fonsega,UCB0VBoq9v5fIYW0pjxqnQbw
That1basedguy,UCB0rTOoUa2x4aPzpBg7RACA
Real Time History,UCB1eDEd1AYG3YrRIJSZzMOQ
VIVA.CO.ID,UCB1fvlA5xmLJ0tZblpoTuaQ
GameMagz,UCB2bTa7i_uwe_n0oQ9dcMwA
„ÉÑ„É¶,UCB2tP2QfRG7hTra0KTOtTBg
edhaje,UCB3CEa5e2SleeqVUJms6GWQ
INDO MAGAZINES (INDOMAGZ),UCB4uDfGcx-KGHzOcxDP1cgA
Yasashi Kun,UCBAz-SGewstpQqYS60NzcDg
MostAmazingTop10,UCBINYCmwE29fBXCpUI8DgTA
Techs4Best,UCBKxTAW7bzZx7RKLWxl9Auw
2Lemmy,UCBPRr5aGYpgdAcgJYcs-2VQ
mikitoP  Official,UCBR4N5DkgDt3PLTcfJB1iiw
HumbledByChoices,UCBSZkiBWTqu-djKkaRhw8fg
Dead Sound,UCBYChBOoVXAenGDYvl5-dAw
ErDev,UCBcCMgDlFR0SQi5reBcReUw
Kulgar,UCBcREx7wgTLTIj_VKFgOEDQ
Natsumi Moe - Virtual YouTuber,UCBePKUYNhoMcjBi-BRmjarQ
Presentasi Sejarah Candra,UCBg4UR2vQhsGSuUNGzORUfg
Panzer Productions,UCBgUyND538qUuzSxEVwQ6CQ
Amos Saragi,UCBhBzPQ6_Jj32Cy1XihI7nQ
Frans Sanjaya,UCBkJL-fVKCSN4X8RICwLCGQ
Bo Time Gaming,UCBnSIolzKHchMtU-_o-hntQ
Bobby Sant,UCBtDdZCPIQzxqSeZyMcIAgA
DemolitionRanch,UCBvc7pmUp9wiZIFOXEp1sCg
Jade Sapphire,UCBvd-_2X9KIQ1hnrFg9bJkw
GTA V LITE MOD,UCBw5mnCRUnhiAtGrsZgepmw
Shady Shae,UCBxQIdDzaiQ6u0GQY609EOQ
Senior Anime New,UCC5ljm1lmIIfO7GSqWHwm1Q
The Minebox,UCC9YcsHuWNpytto65Nsaydg
kemas pake z,UCCEs4SbttY3l73m0WsZix3g
Koalisi Bali Satu,UCCG1gwUggB8tiNq0Hj_d9Vg
Baku Hantam,UCCMJRdfvGz95Awe86FPsf3w
Shakepay,UCCOQNM4nRN8nTMV34AMciUA
Chef Hiro („Ç∑„Çß„Éï„Éí„É≠),UCCO_bQ5U1jPsqGma1AoEpjg
Garett,UCCQi3X-PJGmd6DrPN9Rb6iw
greenscreencut,UCCR-nPaou6Sg5xiWMCq9j_w
Memenade,UCCWp4CCmI2JmIaoAuv0ocEA
Nanda Pradika,UCCYP9RTSbdm0tkwMI4boJbg
Fakta Anime,UCCbAvGn8vMPDyiTM_4-c3fQ
Bobon Santoso,UCCeJqNJdhaydrlubVLzyErQ
Frederett ‚ö†Ô∏è„ÄêAKA Virtual„Äë,UCCh8poxQxFU5q5WeXq3uv-g
Lycma Mil-Tech,UCCifXRQJ-0AW3c_V6jqVPqw
StealthBuilt,UCCs9QI_BKayPtsbzSsjxLkQ
GLHFSon,UCCsHU0LbwpnMWRIAfsDS2Gw
LetDa Hyper,UCCsHdU66sCbEtklvSVAGPsQ
remain in the vine,UCCtd3sjmcf0tFeePGBlNp6w
Green Leaf Man,UCCuHZD2W3c_mS8fvomx3Wlg
Âí¨‰∫∫Áå´Yaorenmao,UCCvt0Jc0ghFegppbyRdMPTg
Sony Music Japan,UCCy_q-N7F2FOIZ6ZggHIAKg
Marine Ch. ÂÆùÈêò„Éû„É™„É≥,UCCzUftO8KOVkV4wQG1vkUvg
Nia Redalion„ÄêMAHA5„Äë,UCD2W-dcuukl4oChTKATdSiw
„Ç™„Çª„É≠Âàá„ÇäÊäú„Åç,UCD3yoSStew_TFC_z8vLc5GA
LavenderTowne,UCD4XIm3ZFhT72WjqhIXMN9w
CINETALK,UCD5us2H8l7-z0_996kfPaBQ
Mel Channel Â§úÁ©∫„É°„É´„ÉÅ„É£„É≥„Éç„É´,UCD8HOxPs4Xvsm8H0ZxXGiBw
in Japan „Éâ„ÉÉ„Ç≠„É™,UCD9RXUHPlywsVO-8Ru4--qA
Turah Parthayana,UCDCBzQLR7UrHxDUU1pHHorw
Nekoturnal,UCDF0wB8CGKH9dWGSp5HLrDA
JD Brick Productions,UCDGWAnRq6y8-Zk22UfWwZlA
Ahoy,UCDI2PbUnwBlxf25bwo9b4kw
„Éù„É™„Çπ„Éî„Ç´„Éá„É™„Éº / Police Piccadilly,UCDOTPjUW-NhQMDmYbgMvQKA
SetWillFree,UCDOvXx3uwqIe-bSmruOBwWw
BNL,UCDQ4lCnaCHwmzzhpFGL1oFg
kobasolo,UCDbQblY1XASbgqOXmy6FOFQ
INVOICE INDONESIA,UCDg1bjGQOONSRmRSOyTYMdA
Rio Ardhillah,UCDkf7cwcU3Ag-417SgaGMEg
Rong Rong,UCDlVzsH6SpQGW-dN6HjXUog
Sachi VA,UCDofj2Q9PnHzJxZD_90WwAA
Day Helder,UCDqrEypJgp5APcJkK9SKS3Q
Dark Desire Lofi,UCDvM9k8lrxPQBthO2vlIHxQ
m1s3n,UCE-IbEHusm_nEv4U9NpMIDw
Mathematics and Education,UCE1tnmBL8tyCN3Kf-yq8hOg
ANISSE for edits,UCEHdGDhMVJRAvqduUWl-owA
Azimex,UCEKiVXEzrSlk-TDAi2Pc-sg
SunPowerPVZ,UCEMvYjXccA3SjFPP4Hx0Oug
Ïä§Ïø†ÌÇπ SQUKING,UCEP6s-kxad0eMqpf89prDnw
tvOneNews ,UCER4rvDnRBPr_ncYW4UCZjg
Miwu Science,UCERpfFL1aRqsrJhmKkGAEPA
Choobie,UCESCrvsa2H5hNMmBbgkAWdQ
Bongo Cat and Friends,UCETTXz0Pj7ytWMnchA7WPlg
Paltog guns,UCEUV-J3xxwwyujOJ8TqPjiA
F.X. Billiang,UCE_f9bEnfWbG_zTn7zUozog
BirnyX,UCEaMp8VjNv3EJYgDTqcUQvA
JustMiU ch. „ÄêAKA Virtual„Äë,UCEfWuGRucPLoRbXRvOJUS_Q
Mattias Krantz,UCEgm-3RvRn4nCR-fGGVsfdQ
Eastory,UCElybFZ60Hk1NSjgCf7I2sg
„ÅÆ„Åô„Åü„Çã„Åò„Å£„ÅèBGMÂ∫´,UCEqDKYQFBFZQ-yxpOR1ookw
Tempe Gaming,UCEy7RsN0-92Y8WqeLK75PDg
Silent Tactic,UCF-HO6Ii1-ovBBpguj37psQ
Abroad and Hungry,UCF2uBc1ECqJ5uG_6wtg0Rwg
FutureCanoe,UCF3jMqkgvFRb6KBbSfsFFtQ
Second Kamerad RAR,UCF3zvpBaE8ZMoLXEG8zlFfg
ChungKang Animation School,UCF5j4YUDyqY_jJRSNfBCfjA
Indra L Bruggman,UCF8a3MguiTmLU9fULrmPVRQ
JANC*K GAMING,UCFCSwZ3aBPoyhAtJWJ10f0A
Fatihxd,UCFDnuOBYo4WqlMnjlj1cFNg
ÂÆÆÈñì„ÇÅ„Åï„ÅÆ„Äé„ÉÜ„Ç§„Ç≥„ÇØÁ´ã‰Ωì„Äè,UCFE1tNuFHvTLPitvPbtEEFA
Tiz Larry,UCFG_R-yVRYd_w0WxxP8YUEg
RobenSikk (RobenSikk),UCFJjVYIkfWInGwKx4YJtU_Q
Lamy Ch. Èõ™Ëä±„É©„Éü„Ç£,UCFKOVgVbGmX65RxO3EtH3iw
KHORnime 2.0,UCFTR7-nvJVhZK9hhMEx3c_g
ENXGMA,UCFTjC8OaMv_kP5frj9UU1Rw
AliAnd,UCFTmvADWc7jn4EMLK_CPfvw
Kakarobot ID,UCFWzmY2E8zK97lV_Hs3BA8w
Chief ,UCFXa8UNUk0dTAFm9fJeqGCQ
Jagat Koding,UCFZbgktB_9uCt1_tfR8B0Sg
ÁµÇÊú´„ÇÄ„Åè„Çç / Mukuro Owarino,UCFaGKEDWe9_jOmWMsyatxSw
ridhoaprilian_id,UCFeZ88Cq1qLMBHWMaW_9tsg
aLpin putra,UCFgNWpSJuXelAS_Nfb5nUuA
Tekotok,UCFhzJ5UfoTlOxJT8xYoTuDw
MOTHERv3,UCFozqRSzA3K_EcCGHRKspRw
Pil Pahit,UCFuxXd9ZGtg0byv_ktScI4Q
Teva Geo,UCFwUErpjYA6ZGwWVyvoWgUQ
Vincdels,UCG03kknvutxIfNNE86gJgwQ
Riel Ch. Ê°ÉÂúí„Çä„Åà„Çã,UCG60AciQFwS6Q22njFpEHuQ
APP FILM ,UCG61btDpjK9oFmLBXs2xx4Q
AnotherNicoUploader,UCG9_bzTINlSfDt7MRdGkufQ
Flower playground cairo,UCGDa8eP-3SrsQElDtr7bfyg
Nintendo of America,UCGIY_O-8vW4rfX98KlMkvRg
Bakatare Ch,UCGIb9XtADvJVaDiq5cCDL-g
EnricoJo,UCGQKzBuhLC3tFpQ8H_OuBzw
FallingInSand,UCGQoeXoDvNidQaADh6MDUMg
Universe,UCGTfB862ux4ko6JKNT790xw
Radhikch,UCGUqfIiSulSKXG275VZgyNw
Nito Ch. Êñ∞ÂÖé„Çè„ÅÑ,UCGV96w_TwvyCDusr_tmcu8A
VideoHistoryToday,UCGVxltQhL5Qvc5ZZH5LDEYw
Alexander White,UCGVzxTPyqzUHlpvXKabMN8A
Akashi,UCGXKobl1kHNIBS0z0SDgZ_A
Creepyduck_ Official,UCGaZYYBdsYHc0UuNCNywRSA
Alenka Inventra | DigiKagi,UCGhCsFMqLK25ntddKGoPQSg
DECO*27,UCGmO0S4S-AunjRdmxA6TQYg
Artprian,UCGooqe5Poe7wK6xmScAm4Kw
British Path√©,UCGp4u0WHLsK8OAxnvwiTyhA
Q-rais„ÄÄChannel,UCGrHgWrg55Ms3TUv77Mvemw
ÏÜ°ÌïòÎûë Ch. Songharang,UCGsmBWY_WgTcnlF0NidFFPg
BlenderHub ,UCGul9L7LZ2vnUR9IFLJINjw
JaidenAnimations,UCGwu0nbY2wSkW8N-cghnLpA
koyuchi,UCGxLXoM8NAbcii35G1iBcmA
YtCrash,UCH0cYhMfRkD5A-BdptpY2cA
GAMAL,UCH6hfgLsafYG_twqJnkhWDg
People Vs Food,UCHEf6T_gVq4tlW5i91ESiWg
YouTube Love Art,UCHGEQ68qQzqJhrgXTP4OaXw
„Åü„Åã„ÇÑ„Çì / Takayan,UCHGGjDM6Z7nq5qBIPzn1D7Q
Shirayuki Himeko,UCHHyL4Fju6MrqVqY0-jdheA
DIMSK,UCHIEnByOgRB12fnltfvfP9w
Shane Fan,UCHKWU-76pvTwlpVMBDZHqdg
JC GAMING,UCHPDgoN5tm0Gu8FCRs44y4g
EasyViolinLesson,UCHPjB5YzMdfIA0a_Z3i6R7A
Sheleypie,UCHS9E2Bp2ezQcQvoWb6W_Hw
ilmango,UCHSI8erNrN6hs3sUK6oONLA
Mager Santay,UCHXro5Wa5om1F-O7zYAP8iQ
AnimDans,UCHZ4F7xd7fRkJIE9AkYpoZw
Bangpan,UCHgNdO7cDAhSh6GJTEqqctQ
Monkeyplay MLBB,UCHhK70HEs5VQbLJDSunGqow
Veritasium,UCHnyfMqiRRG1u-2MsSQLbXA
BANG ALEX,UCHp2SluAk-yZGIcVDmIsaYQ
Levinho,UCHpEfybj_wamBKz2u6IoiGA
„Åó„Çì„Çâ„Åó„Çì„Åíshinrashinge,UCHphbYRGjDNUcPRPCnUEknA
Devania Aura „ÄêPrism:NOVA„Äë,UCHpwvItUBqvkV6pvPXQhUPg
„Éì„É¢„ÉÅ„É£„É≥Ôºà„Ç¢„ÇΩ„Éì„É¢Ôºâ,UCHqoxmCPn_Bc2CHpZUV8kEg
Takanashi Kiara Ch. hololive-EN,UCHsx4Hqa-1ORjQTh9TYDhww
Erpan1140,UCHtehvb3p55uRCQBDCwF-ow
Jazza,UCHu2KNu6TtJ0p4hpSW7Yv7Q
Lionfield,UCHwpDpLoyJgtFXoAaaSut4Q
Joe Caine,UCHyMNXj5l7eTTQefXzT3MdQ
Ken Abroad,UCHza0GAxOvBOeLKkMeL8EcQ
reddevils500a,UCI0-z9tmpOx1bU6Weh6q0AQ
Glimpses of Reich,UCI10F-LDzLKN-T8aDKqsiXw
DuDuL,UCI1KCp4Wa3dGfcmxgik1mCw
Winson Reynaldi,UCI1urMgjE8waufJup_3-sZw
Chloe ch. Ê≤ôËä±Âèâ„ÇØ„É≠„É± - holoX -,UCIBY1ollUsauvVi4hW4cumw
LIOBWIX,UCIBvFBpakyEobHFqs56ClJQ
Ruang Rasa Project,UCIE0dKWWaKcFT5THf8Qh48Q
TysyTube Restoration,UCIGEtjevANE0Nqain3EqNSg
Jun-ichi Amano,UCIO03eQODgI5gqdwfgA1mwA
Hawi Bis,UCIOdB-ZPwADUGpf-Evf5V5w
liamcarps,UCIOfoptCwOUiE-hnjrhl21Q
MrBeast Gaming,UCIPPMRA040LQr5QPyJEbmXA
Chaotic Florius,UCIRO1rb2duVChloHTMh6ssQ
Daud Kafi Wardana,UCITFQaigGngDCno6_cXxKLQ
Pojok Sejarah,UCIUsDZSPLm5XwmR3LQW8Avg
Pia Meraleo - JKT48V,UCIa2OxCyhjWjJke-9yYNbwA
Zynxize,UCIciwR-CmXsaunrGw2DBjhA
Katyusha,UCIcrABITZjp67mVCXAS6lfw
BangSkot,UCIg-2u0bICI4JmUiZpr5NSw
Tuan V,UCIm1LSWSeTs5lXkYkMCSxBA
Violin Room,UCImY2hL0TWcWaoY5fgx9nGg
Bambang Noorsena,UCIoXWXpOjlecewLcsDr_Epg
„ÄêTEAM„Äë O.B.N.N,UCIpNKe0Nn8kN6q8DPRRnU6Q
koyuchi -Shamisen Beats-,UCItw3r7rMOejR_I5cJ3zcmQ
Lee Hardcastle,UCJ-4K4911cLZMNEZLnxnpIg
ElectroBOOM,UCJ0-OtVpF0wOKEqT2Z1HEtA
IWOWFACTOR,UCJ0ezCia_hfsCPJTkbbYMQw
Dark Borneo,UCJ1Y4QUWibalsAPM8ZDNmRg
Hoointheworld,UCJ2ANuRA-9hGg-edbR1Lr2Q
BiCo Story,UCJ4tWR8Dp7BgggWZuibj6aQ
Inspiring Gospel,UCJ5Rte_u-NHmAe4O_1NV_6g
Vernalta,UCJ5fpX0tzcCzX0o04M_zr5Q
Mocha Brown,UCJ8PiYteaIYJwnpHJKBNcmA
Galactic Memes,UCJC0vzQ3Be2bqMR9tT1X5Qw
MillkunTV,UCJD7afqPnPAMhZEwRD_x9dQ
cookingWITHfred,UCJFGFsECyWh0iHRVW2QQSkA
hololive „Éõ„É≠„É©„Ç§„Éñ - VTuber Group,UCJFZiqLMntJufDCHc6bQixg
Budi | Excel Intelligence,UCJMTGoRo5g8_SqIgg7Bvj_w
Ngomongin Catur,UCJORSk2qObOU00UGbjr4tog
7 April,UCJUkzg7nkcAyF6VJufpMYTQ
WoTB Joe,UCJjATWiGfOHoQYfutEwAIIg
WASU_ART,UCJnitYGnGNOkVNvHmjGE-gw
GENKI BANGET! -„Åù„Åì„Çâ„Å∏„ÇìÂÖÉÊ∞ó-,UCJqCNZNc15mHTiQcVo8Jnvw
Ekida Rehan,UCJsBhyw0O7WYJsPaZs3KDhA
I am MoBo,UCJswRv22oiUgmT1FuFeUekw
PaluluMan,UCJvhxlROfb5lqj-G5UF3l_w
Hatsune Miku,UCJwGWV914kBlV4dKRn7AEFA
5-Year Crafts,UCK0VZPHBtrpyrVBVU3PWPMg
Razzbowski,UCK1HgDhsRulLj-pWi8XrqIA
Gabriel Abyssia,UCK4lZqiWNuOf-CTyX3Qbj1w
Alia Adelia„ÄêMAHA5„Äë,UCK4t1P3Aqqe6NDyRS92Opcg
Hakushin Channel,UCK5FDbOn9BonHwxdmdxTczQ
Tribun Timur,UCK6c4qk3hRaa6fMIEZrhiXQ
Orry Spot,UCK8AnG91IAx8wWO9nOHRMDQ
QTech Academy,UCK9CTVULS9-9ezlFqRYwylw
Hipotesa,UCKAV3scmhfcH5Ozc6ICZGRQ
Droodles Blitz,UCKBYXp4Xn2I2tL1UL4fpbhw
Kereta Nostalgia,UCKKeCt40CuA0tkh7_llquYw
purrin,UCKN-cZcBzgt3raXorvi7rSA
Shinigami Arts,UCKOjp24BNTkttoa9pzftI3g
Matƒ´n Mohammed ,UCKOyax3VGyRTuPUZTIj9UNg
Around The Internet,UCKU3lhQEbfCNfDIcykh4sSg
Vincoo,UCKXEXgXDdbBRXrDB4aY8-qA
Â§©Êúà-„ÅÇ„Åæ„Å§„Åç-YouTube Official Channel,UCKZRL75vTjqbgd0WVdqF3Qg
Liam Vickers Animation,UCK_tb0EekxnIx3ycnu7NhnA
Uqierese,UCKck20LCWAkS6msKrUYqwOw
Thunder with Muffin,UCKdiL0ttWWKQOzMnJ1IgKNA
Hikari Hello Vtuber ch,UCKdmrsN5vW3vfCUVEFa6HkQ
Ryan Hale Shorts,UCKeHU0eCkf17RdeCHB45JMw
RPG Maker Indo,UCKeVo8MvwmvcatNNgdc90HQ
Tech Based,UCKesxxNSzg_zOEjQrcec5Og
Rob Landes,UCKnBNM0_8P87KomLAAqVxNw
SoKrispyMedia,UCKo61AAaRD00ibCWJZ321MQ
magimoon,UCKohGnI-3BHRVAOgZ6ENuqA
Marc Brunet,UCKtu_JtQCY0yryIy6zK4ZCg
Ugo Lord: The Modern Attorney,UCKwsC0eqm1rXRxuudFhYDcg
IGN,UCKy1dAqELo0zrOtPkf0eTMw
BENBROS,UCL-R6H88Ou6XsGx3zDus4IA
WatchData,UCL2hOcfXAxD44bGz0JIf-dA
Kunie Sama,UCL4EWfK8dhXbq3sUQlSADMQ
Duzzle,UCL74Lk3Aa7oaf8zD2ZRpTsQ
Tanya Alkitab,UCL7c5EWEULg3hns317JsNSA
NASA,UCLA_DiR1FfKNvjuUpBHmylQ
Sou,UCLAhLxCcqi5afnNTQNnfX-g
VSI,UCLBaYdhowZ25yGbQzP-t3_A
Animal Space,UCLCFclWS9vLh_TTEdOySmMA
Neuro-sama,UCLHmLrj4pHHg3-iBJn_CqxA
BreakTheVices,UCLK75G-pMhHlk0RkvmrO5uw
KURAHITO Craft ch,UCLLtsSD5muIYjPgRsshvLKQ
The Online Piano & Violin Tutor,UCLLxyaKSNav9f9Vqvp99npQ
WoT Blitz Best Replays,UCLMEfqtlwLDN-UXX21RiEww
Xiaomanyc Â∞èÈ©¨Âú®Á∫ΩÁ∫¶,UCLNoXf8gq6vhwsrYp-l0J-Q
Ïã§Ìå®Ïûê_silpaeja,UCLRVWR80UHSkBhpgH6jJAiw
TheTruth Willsetyoufree,UCLRwEBeN_yauP6K44-k9FLQ
Vox,UCLXo7UDZvByw2ixzpQCufnA
guru gembul,UCL_D8_Oqnb_Icr3zRn9pVNw
Mori Calliope Ch. hololive-EN,UCL_qhgtOy0dy1Agp8vkySQg
PWA,UCLhSJ9SUOsBm2hEbw9jWA_w
keep it cosy,UCLp0_g40tNwLJWqO2PSuqWQ
PT PINDAD OFFICIAL,UCLqhC4mRKpK30xDSJhnt0FA
Garena Free Fire Indonesia,UCM3SMB1jINy_NxH1O01z5gA
Mokso,UCM3UR3fhPakeKa2LDwfao7w
Venti's new butler skin (not so The Odore),UCM99eEcoxEsnDU97AnX0tvg
Free DRAWING indonesia,UCMAEQZs7fvVInrZTTFpg7uw
„Å≠„Çì„Å©„ÇÅ„ÅÑ„Å©! NENDO MADE!,UCMF8fsjDPPLMaa2B1-A9_sA
Èõ®Â∫≠„ÇÑ„Åà / AMENIWA YAE,UCMPKmFrLWgZyCGOw0QAEiIQ
Mirai Akari Project,UCMYtONm441rBogWK_xPH9HA
Cepcill,UCMcGpTPKV4cdgzy4Ntvysew
OscarKDesign,UCMcO6uO0feiPNoFvf8QhWvw
sobat dapur,UCMfz8ASK2zQQNbIRHwqfLww
Mrwhosetheboss,UCMiJRAwDNSNzuYeN2uWa0pA
BrickMeet,UCMikC_IXMsVqnpQ8PuNDDMw
Muzukashii Nihongo,UCMj4FDa144fS6-XVk54zrFw
Sora The Troll,UCMj4YareOFuEfxUBbncWF9w
SPIN Esports,UCMjGExXij4DrKdUuO1QAkzQ
Mr Giga,UCMliuRqWqPYE0m5HbCr8YMw
Gods the answer,UCMsxw5dnC-FqIASrYVZM7Ow
Nanang,UCMvLs49OSr8-cZ20aUTxU7w
Ninomae Ina'nis Ch. hololive-EN,UCMwGHR0BTZuLsmjY_NT5Pwg
Nick DiGiovanni,UCMyOj6fhvKFMjxUCp3b_3gA
Nano,UCN17Z31n_ionhzAjyV7pmXw
Catatan Cacatan,UCN1Wxxqe9TXHEoOhSdVxa8w
Modern Warships,UCN1oLxMLIEIwphw7hz3zy0Q
Crouzer JoiChiro,UCN5B1H7HdSfvTju01amcxTQ
LazBlockStudio,UCN7kcHfcBE4WIcFu2JxVAGQ
Bagachi ,UCNEXZAr96SWm_8I14DAQknw
Rifu San,UCNMZY7QDIa4XF12n1zfAn4A
Lil Ryu„ÄêO2M„Äë ,UCNMkV1xyggjR39wthYMf2uA
Free Fire Error,UCNQdH-unbWfMR824Xa6szMA
Mohd. Agoes Aufiya,UCNT349aFFU6Bp5Vmi6-HFQQ
Jaiden Forrest,UCNToxykgME2TEqBExxbhYZA
Barbarossa Models,UCNVvb3DIMBVdIfqyslKEdpA
ÊúàË¶ã,UCNXHTvhztwUw-g0ObboYwOw
Hobby Makan,UCNYvkAHBuLfOzUBuR1Uvv9w
Nizar Francis ,UCNe5JWKNAryGylKODChEMtg
Langfocus,UCNhX3WQEkraW3VHPyup8jkQ
xclassicalcatx - Joanna,UCNoqnbYl5frzSLxiNLq1Abw
Born2Kill,UCNpNPMjP5S3qvXnUS0KRepw
Virtual Singer Mikado CH.,UCO-FZDAG0mOvgu6jmGg1tiA
James Seo,UCO-fR0Fn04ByAiOxNYfi30A
Felix Colgrave,UCO7fujFV_MuxTM0TuZrnE6Q
PAUL SHADY,UCOCHI9LjYw6O9gDDgfEMoqA
Inilah Arnold,UCODpRRKUI8-Dl5Mh37YjCdg
Yuma,UCOFgQBUZp08ltyMa1yoS5WQ
ikinamo,UCOHoBDJhP2cpYAI8YKroFbA
CDMusic,UCOItBqiAAbWEdm21Mcv3g_Q
AntsCanada,UCONd1SNf3_QqjzjCVsURNuA
AniZone,UCOOubYPzjKHDAhtFYNFW1UQ
Azrealon,UCOQLWGqCksv3xSMDcNy4E7g
„Åæ„Åµ„Åæ„Åµ„Å°„ÇÉ„Çì„Å≠„Çã,UCOTR1tcOAhjgi6YukrPpZxg
Jimmy Kim,UCOU2PEQuXiz4JsfEtW3frhA
Ceres Fauna Ch. hololive-EN,UCO_aKKYxn4tvrqPjcTzZ6EQ
Ngomongin Uang,UCOcta1Ij35IrXMIbhed3MNg
History Comparison,UCOewQa5yRYrzJB2X-Dzm-SA
Christian Prince2,UCOllN2W9yT4ZYaSgTkqzhhg
Versus,UCOm9_NRc-1F5suzQ6vzpjfQ
Binge Society ,UCOo_v3eVbfET7_zi2KLOP9g
CHEF RUSH/ STRONGEST CHEF,UCOrCugMRzX49mVUjM2jEu9w
Hololive_Curiosity,UCOrQCYnjlI1YdKaTaAJ3vqQ
mikeymegamega,UCOvvFK_EhrX9exQ-jkLPg8w
Moona Hoshinova hololive-ID,UCP0BspO_AMEe3aQqqpo89Dg
Steven He,UCP0_k4INXrwPS6HhIyYqsTg
STUDIO AP art,UCP54wP2u92Z9zOC63Ni2rjA
David Bombal,UCP7WmQ_U4GB3K51Od9QvM0w
ayokulineryuk,UCP84Aj7kaAJYQZW-skumG7g
Ludi Private kitchen,UCP8RWmpLRMpRbzxlzFrNzRA
Astonishing,UCPAdFvsBh9OH45DYkFQyleg
Willie Salim,UCPCaXSwaos-QI03iZtx8I6g
Gagal Paham,UCPF7N74pE-fh06t7ALb_CXw
Neutralizer,UCPFWaVVHHjp5YolmOUYF2uA
Frankie Lapenna,UCPIalkf1gx1JUMpYNXxfk1w
Gen Hoshino,UCPKlrgZXnnb89nSeITvTdGA
KAISER VS,UCPPP8HB_VF3TOfBxEVOTe_g
itsQCP,UCPUBGZvy2t1V5MthV7pjBAA
War Thunder. Official channel.,UCPZsNertSS82YCT2qX9-wHA
Drew Durnil,UCPcABVoFfCK5gDfX0PY1KGg
Gohar Khan,UCPk2s5c4R_d-EUUNvFFODoA
„ÅÇ„Çå„Åè„Çì Arekun ,UCPkhvJShYNk2dJoIcne66BQ
Banaspati,UCPlU6S8esWNIPIYv1s6gPGg
bySurf,UCPneNapFE3xjp2DSpceqooQ
JAMBUL IJO,UCPoxkXaEFVf7PQQsVBgh2oA
Tur Guntur,UCPs6MJWaUDonmTqhOXCIY7Q
Blind on the Move,UCPuduY__J6BEggw3wm3A2tg
Prime Newtons,UCQ3jbVA0UCuBJfqTWxOb1aQ
TBAG [Epic Gaming],UCQ7Nk2ib1eqQCZx24DaB1zg
Pringus McDingus,UCQ8Nk1VgyMgM7Mx3sX8WhPw
David Alfa Sunarna,UCQEMadPG9uqXNUcDeGR0Qlg
Monkey Thinks,UCQEVBrDDY6s0rB9W26jLm6Q
Julie Chan Ch. Wesper-ID,UCQIhSX-U8vNA6tFzfQEF5Qw
Time to draw - PRADILLA Art,UCQN2WtVfg6nCeAuMEudiH7w
Jesse J. Jones,UCQSskW1S07KnC3m91hEgFOw
Daftar Populer,UCQW2tTNJ40V2T6MqV1eMZ0w
GrndpaGaming,UCQWVmYZE-JtI7BimgasRzTg
Vina Muliana Shorts,UCQX8K3dd9nDTkQyphFXICLA
BrainfooTV,UCQXvl69rKNOtSK2-bKUADUQ
Kaguya Luna Official,UCQYADFw7xEJ9oZSM5ZbqyBw
Neso Academy,UCQYMhOMi_Cdj1CEAU-fv80A
The Logan Chitwood,UCQ_OHzXohSI4M_B8WF6277g
Planya Channel,UCQaGj_l3dqmGWJLEbEmwgFQ
BAGI BAGI,UCQcNmwj677y7F-8RL9Zl9eQ
Mike Inel,UCQqXoLLNReC3yFAIkX4vDJA
bprp fast,UCQu86XKH-sG9k6pk8_F02Vw
samo,UCQvzbsuTl3sHWWcPkZtfmWQ
MR SLAV,UCR2-G8Gpl-5QN3I9Y8cgoWw
pujoco,UCR4ggGHr1gsfqi4DdMHc_Zg
Bu GM,UCR6IPqnP4BHvK2vSsuWeNig
Crown Dubs,UCRAKyM8pzO5pU7uo5NV0TYw
Asahi Show,UCRD_n-8qytPyK2D1YB3x6JQ
Fairy Winds,UCREQiF7TMGfynVhI1trlB-w
DCTV Funny Cam,UCRFYs28Z9DPldhmT-apCfVg
„É®„É´„Ç∑„Ç´ / n-buna Official,UCRIgIJQWuBJ0Cv_VlU3USNA
Mogswamp,UCRJBLIR5E1bfDmq3kAzRpeg
Stanimus,UCRKOv7wEWoEaQhsT0adfyQg
8thManDVD.com‚Ñ¢ Cartoon Channel,UCRL3LmQvt3G0d5UFnLPUKNA
NevinGaming,UCROT7Rgwoz4Qg7rsOfGl3Zw
fluxcup institute,UCRRF1zb5bJy7tsuWw7AqCqw
pastor andi simon TV,UCRWFSYpMbXc8pbk8dQkdd8A
Columbia War Machine,UCRXf0MBfNIkypUjfbgU5iTA
"„Çå„Çã„Çä„Çä, rerulili",UCRYh_OrRM4JnZv3SxExbCnw
Jujumao,UCRZG9LwnCFZmW_Q49FI4mVw
Lucia Jesy,UCRa_2X_JDf3JQOl5RMI2bOA
rachie üéÄüíå,UCRbsmnDTHD9-4pEIuG7zYRw
hynz. skova,UCRdsqSI4xjIMJ16IsDhoH5A
Stand in the Door 1944,UCRjeQdpSKD_qFmCKgf3Dsgg
„É≠„ÇØ„Éá„Éä„Ç∑ / Rokudenashi,UCRlRgAguUGfWD4EDfBUls4w
SUKIMA SANGYO,UCRuGf5hzsx3-hoMm1MTU1xw
YtCrash News,UCRuSTxXyKsudwCMN8Y7FvRw
Semestamu,UCRulGq1KOlBnFck3kMVtkRw
Minecraft Animation Indonesia,UCRwY-_JgG35seH7VlCcl4pg
Budi Setiyawan,UCRwbcecufi0mJWWvDfn9N3w
Daily Max,UCS0tiaCChXRF_XpU5TmlWSQ
Twin G,UCS1LnJKiD0HKKHfYoA3Zdbg
Life of Boris,UCS5tt2z_DFvG7-39J3aE-bQ
Nico Animeworks - We Love Cold War!!,UCS5zUQr1XMH_ixp5pjUtM1w
„Å¥„Çà„ÅóÈöäÈï∑ / Captain Piyosi,UCS9G6rPBhVN5LQCYUcPZBTA
Coco Ch. Ê°êÁîü„Ç≥„Ç≥,UCS9uQI-jC3DE0L4IpXyvr6w
Dr. Ludwig,UCSCTl_YRo_oHFI27qwV0y0w
Vinheteiro,UCSE6yilNScIz1SLTNQvrXMw
Guru Math,UCSHs2JWHJwBUeRaRpAepNiw
CodeCrusader,UCSI58rutTOkLLwpGcc1NneQ
Jason Travel,UCSIeHORIH__o-7qVlwFG2ZQ
Lofi Girl,UCSJ4gkVC6NrvII8umztf0Ow
Ariel Purba,UCSS6xJHzNDSIhO-PZ8caYrQ
Dogen,UCSX0NhNdBA-ZnEFkYFzdw4A
Stay Frosty,UCSZtgMDb6nmuv8vW-jyc7Eg
CountryTactical,UCSbYyEDZ44cMiiBjqU71mJw
Natural Habitat Shorts,UCSb_Sui6FBxVS4_ROsrU_Iw
Menger of Warships,UCSbnR8KKcwXn0iMLAEeu5WQ
Battle Order Extras,UCSbyhReKVfzRpgut41xsh5g
World of Tanks Best Replays,UCSein_8H--kGGWWlhFbx0yQ
SISI TERANG,UCSg-Y9uI1E-my-I4WKKioEQ
IpoChan Official,UCSjLLQIcnRkrJsza-C8mDbw
SeRigala Ch,UCSklw-l-jsMoerSIX8u-kfA
„ÇÄ„Å´„Åê„Çã„ÇÅ„ÄêÂîØ‰∏ÄÁÑ°‰∫å„ÅÆÁµ∂ÂìÅ„Ç∞„É´„É°„Äë,UCSmpdDE7EAsCwe1PLQeOsNA
RADAL,UCT1mF-u0Lcf7bYuUWTvDcpw
Dive into Japan,UCT4mhMPgtTlA20p0Uf0Yz2A
Mr Lino,UCTCH5sivRqrGgLiYe5iubcQ
Sashimi Clips,UCTEKkDX7lafQVnJrqu55jrA
syahputra kembaren,UCTOFM24ZAJCDyRqIQKQ7ZgQ
Erza Scarlet Art,UCTPJmcmQkPCN0Sl9LP6UXtA
gptars,UCTRjA0gl308YljQ1WcLmF0A
Malvinas Bharaduta,UCTSP2EWLeOxv_CtWBeqncSQ
Nasi Angkasa,UCTSkrSJBBDYUTMGTk8HVcgg
TArrow,UCTVQiVNwwsd_ASB78f6Q6Tw
‚òÜ ùë†ùëõùëúùë§ùëíùëôùëôùëí,UCTYdL327DJTPt955_NAElZQ
Maranathaindonesia Official,UCT_hg6uzi4sZWHt7Qk5C1Jg
AyusAnimation,UCTarkcokSXgn1h0fXIlTnig
GREYNECK,UCTfcmHB_AQuhJaePK-QtUww
My Name Suck,UCTgPvxnZ2oeBOdnwt27ptcQ
estiga kuliner,UCTioF3srGrql4KdcrUWMSMQ
CERDAS Bersama Damelia,UCTjqNm3qMcFUaDNzisst9SQ
Slice of Piemations,UCTlx4XK2E4RKXShi9nj9Cxw
Inci Dramavakin,UCTnOAVf3SSJCuO6hLaDWc0g
GameToons,UCToxKVrkEuAONR4rFIJ_DyQ
Brandon Herrera,UCTrSsPMmZavLbc3Ex7VhjDg
NRMgamingHD,UCTueK6QO1vRsiWwfyYPo1pA
KAI_EN,UCTxHnSngBiW0vc8QAg6lg0A
Ear to Hear,UCTzZ2-byV7kigoeQ1ZQ39ig
mai,UCU5xiNz-QoM7PPi88WD5eyg
Dea Afrizal,UCU7YluxOYon-yofPxfGHVog
ELECTRONICOS FANTASTICOS!,UCU85cqdRQh8HBpk94vbcS_g
Kenshi Yonezu  Á±≥Ê¥•ÁéÑÂ∏´,UCUCeZaZeJbEYAAzvMgrKOPQ
Sushi Monsters,UCUCmKmDOuH1ETqRYfTQrJSg
Yuu-kun Project,UCUEVHi7Ia8mG8SuA22LdPJQ
Ihsan Luminaire,UCUFHm-0_YdU3vG126CZv2zw
GemmaD,UCUPW6t7oO9xtK2DsKYrDaRw
Basil gaming ,UCUQYHyvY270UBEyENXO7eGg
Woodart Vietnam,UCUStM2uYv5wOgrd0pbrduwQ
Eve,UCUXfRsEIJ9xO1DT7TbEWksw
Fajrul Fx,UCUYgCukQfUN2DImPYrBiV4g
AKA-ART,UCUYw1UROFgleiHRRFlM9g4g
MDickie,UCUa24HqRPmAL_AwbEx7pYIw
JK Brickworks,UCUaiGrBfRCaC6pL7ZnZjWbg
Czn Burak,UCUcfej7lPDoeqTlferD2mcw
The Great War,UCUcyEsEjhPEDf69RRVhRh4A
Mr Grue,UCUeahEOQBjy_sZtH-DisAvQ
Teukugosto,UCUfL0eUKyRHeXB6z5lVjF5w
Eisjon Noaj,UCUp-n2YD2MD3nTjh0VUtP5A
Nkunim,UCUrnihybG5L-If17B_uEMLA
Quasar ‚ñ∫,UCUtSVA_ddHQJ-9UcxVKemIA
Devi Nalawati | DigiKagi,UCUvLEk7zNrUBPIesQ9WIpug
De-kun Anime,UCV1d4iYJEdAgn_CJHxO6EQA
DPH,UCV50lBQ5b2CX0D6YLN07nIA
BangJoeOfficial,UCV7QLm8U603nqLR6oaglkeQ
Jeracraft,UCV8XYKE0Y1eQDSzbJFUbj5A
Gnarly Carly,UCV9BL1Lxz0zsjK49uobozJA
Dasi Gantung,UCVAwRh03m3_1pZjRKvelomA
Â∞èÈà¥„Çä„ÅÇ„Çì / Lian Channel„Äê„Éü„ÇØ„Çπ„Éà„Äë,UCVAyRbZsu5lrv2_xvgliB2Q
NOTiF,UCVB4ZivEBReX0f2rrz7JL-A
Chato,UCVEpNDMhvKhzU9VaCYE0ICQ
„ÄêË°®ÂèÇÈÅìÁæéÂÆπÂ∏´„Äë„Åµ„Åè„ÇÇ„Å®„Åø„Å§„Åç,UCVJJSsuCEYAM8SbDI4NndHg
SpenditSpree,UCVOAJSsM5ZRMQuxheVEf-yQ
YAELAH CE?,UCVP2iKc3B5RzKR6Kg2TxX-w
Distrik Anime,UCVPUThcaTFWMlxS5DwoTSkA
Joseph J.Y.A.,UCVSiQAEXskTGbsjHE0vzxSA
‚ô°Suxkz‚ô°,UCVW2S_HBE9c_NYvk0Ml8WDw
Sbenny Official,UCVXI0fdveLnTlDnfonHUTnQ
StudioYAart,UCV_0HNR1EHcX2dzczwpZYNA
Zai&Random,UCV_N55vPNl4Vl6pKaWvaTYA
MudaBebasKeuangan,UCV_cRxwRvf-2mrxWU2Ny23g
TOP TO GAMES,UCVazeDqeje0_oETofFIdj5g
Fha rhied,UCVbE2xy_W5ixZpm1xxGpM1g
Neo Japan,UCVdxec6r85Cy45nL1wQKxrQ
BibleProject,UCVfwlh9XpX2Y_tQfjeln9QA
RickleVR,UCVhLeTI1D2bNuI0fw6qXRRA
RangerDave,UCVigL0Gl6SYp0TifenNYY6A
Myeeep,UCVnNrNq87ymlVd3Us6yidig
Turning Point USA,UCVrK_pMRp_q8IelpfUCTGLQ
Tara Arts Game Indonesia,UCVvhlqBpNVoG-DUT3J0oZ-w
KIS KIS - keep it short,UCW6NyJ6oFLPTnx7iGRZXDDg
FrontaL Gaming,UCW6fcXU68QShoXPkxnPxATw
Shouya Suzuya,UCW8pjIZVolfcVifBIBEgm2w
Amay GT,UCWBn_E94lzDlEMGxzUr-TgQ
WatchMojo Indonesia,UCWDUCXMtOg9DhbCKDCn9HZA
Fat Dino,UCWEVAMMyXF2NP5txDESGemg
Indo Info,UCWFnoCQdr5EqW9b011Gnr4A
anggael,UCWGbg_dLMmp6NwSrBdxtOKQ
Coding with Lewis,UCWI-ohtRu8eEeDj93hmUsUQ
C√∂ shu Nie Official Channel,UCWIfHAlwe1kELZDqUmD8oRg
Generic Gaming,UCWSfEWhyuPPOAsFsVYIeYgQ
Waifu Hunter Chris Gamefield,UCW_f6DztaghfCoY2p0ihIAw
Darkignite,UCWaTY5t8Y5honzbQZQ_XWZA
RaBros Prints,UCWjmLci0mHc-g_p2Lsglsgw
Ray Miku,UCWjnDhpItCasRJghdyXbpjQ
APC227,UCWojaEI9VNQyxTCDHgwE0Qw
William GZ,UCWprAzN2j97XsED6xeRvy7Q
M. Al Kahfi Aditya,UCWq20EZdJVjpqTyrkAHNZDA
Alien Being,UCWrXqW4HrgGw10WUPm15S6Q
ARGEN,UCWrmbQy_KxoBTAHCU7HiErg
Deidey,UCWrxLFxCjH3_1Ii-SGEBsdQ
Kenta's kitchen,UCWsAvz-plMpc8dgiaoMb0XQ
IShowSpeed,UCWsDFcIhY2DBi3GB5uykGXA
Nikita Ordynskiy,UCWtcaoN-VA4wseYrws-csKw
Iron Inquisitor,UCX1KA_7JBN8_uZgWj9vd1KQ
MrBeast,UCX6OQ3DkcsbYNE6H8uQQuVA
Irwan Prasetiyo,UCX9cPEAWIktM2MbXY1UcA9Q
Bryan Furran,UCXHGdWKfu_AHn4Ygy7dP7oA
Hafu Go,UCXMVaxrax7RNDPdfRrXXgtQ
HawkGuruHacker,UCXPbm8RZhAd69OxPIV7msEg
Silvia Valleria Ch.„ÄîLiviPro„Äï,UCXRm3Aqtk5ilju1InZALcgA
Trans Nanime,UCXSN8C44It3i9lH7qnA0Ppg
WAWAN MKS,UCXT5s05a6LQsP9q83W5hY_A
Life on Movie,UCXTC8mrLwqMqNDX-eBgYDFg
AFC Asian Cup,UCXTRFt1vLvZpahQtiKJjLaQ
Randy25 Gaming,UCXTdiiZfXBtTxSZztYkB9bA
Andy zeroXtime,UCXUnagLbrg-tkhkEwcJqVMw
AMEN or NAH?,UCXZpoIVwG5b_9YdELpW_C7w
Dyland PROS,UCXdmo_q4SawYMz-dmeKEHPQ
Nahh Jadi...,UCXeWcDgFylAdPuy_PdiLWjA
cookwithdriss,UCXj_hrhtIFoQwItzEKGPJFQ
Korea Reomit,UCXkRFUruW9lg4hEBILMVkPQ
Asanebo Restaurant,UCXmlr_PcCE0ixdOvxRtNTWg
hecklerundkochgermany,UCXq9HiPzVQdBRMniAbj5X-g
KutuFilm,UCXrasvISlLFNdbpTci4Ffgw
Never Gatoride,UCXuYlEUJtQ5jSM6VBdmlPSw
ÊØí„Åß„Çì„Å±,UCXxpeUHuG4hrsejoxcCH5GA
Johnny's War Stories,UCXym3C8AwJOfB7-ImGW512A
Mark Rober,UCY1kMZp36IQSyNx_9h4mpCg
Nicca Ch.,UCY3reV-jwagniwcghy1B4VA
Tuan Liebert,UCY6ctjMXTzwt8Zb7gpSXjag
Genimate Animation,UCYCLZiYD5g1i7U6BuVEWOaA
Under Expert,UCYFGHJ4wWRoIxc6pjQ0Cj5g
Neco Gamer,UCYGieQw0nceBqnzkO-0TXeA
FlyingKitty,UCYQT13AtrJC0gsM1far_zJg
Bale Movie,UCYTglAz6UleRMAXzTu516Og
„Éû„É´„Ç∂„ÄÄ„Éó„É≠„Éû„Ç∏„Ç∑„É£„É≥„Ç∞„É´„Éº„Éó,UCYTxJC6kVpLZFZNp8GJ6NrQ
Klan Anime,UCYUh5hpgw8xIR-VrTR8Bx_g
zWORMz Gaming,UCYcVUqtQ0Bjl_h9qyWu969Q
Fingees,UCYjTMQZ0OJRdchRDNrfO69Q
Mr. Michal,UCYsu4DxiosXPbvZycfiQZ2g
olzhass Games,UCYy0YDJxbuxbczGFkOuboBA
Kureiji Ollie Ch. hololive-ID,UCYz_5n-uDuChHtLo7My1HnQ
Taka Radjiman„ÄêNIJISANJI / „Å´„Åò„Åï„Çì„Åò„Äë,UCZ5dNZsqBjBzbBl0l_IdmXg
Kubz Scouts,UCZBY6V8Lxmwu8gGRBOyO11w
Abdul Bari,UCZCFT11CWBi3MHNlGf019nw
CP Sub Indo,UCZEWgrCfRkZmTfTE1sYuWRw
Kaela Kovalskia Ch. hololive-ID,UCZLZ8Jjx_RN2CXloOmgTHVg
J Nehemia III,UCZNdxTOiQq4z0buWwjiKfaA
„Éã„É•„Éº„Éñ„É≠„ÉÉ„ÇØ„Åß„Å§„Åè„Çä„Åü„ÅÑÔºÅ,UCZQ2Mu1hf50wpbdee47KbfQ
Morphoduction,UCZaX6kXIssiDd5DrrQgfUJg
The Q,UCZdGJgHbmqQcVZaJCkqDRwg
Cooking with kian,UCZnEb05GaAdBbMv4XjBZbaw
Limekey0,UCZnjG8zzYfpxZNlSTIplvmQ
Brofessor Stein,UCZqJKUTmgB-cffFSzL3ENJA
AquaCop,UCZxZvsn4q-6RZgNtlx97rtg
PAW! Time,UCZxjKyjEwBd1mUz2-slRf5w
Jendela Sains,UCZxwWEEg_PB7paXg0yaRBLA
LASTDAY Production,UC_-dim0yiYBJ3Zb4xCoDmXA
Arctic Vanguard,UC_22_JSkd0ru1_Gg6hp17NA
Scorpo,UC_2Pifpk981bmvM69nhM6qg
Gatoride,UC_2o7v26b1RTMjbv6oQGong
Patrick Zeinali,UC_35hRJlT4PEmvFCcU6l_3Q
LearnWithSherlock,UC_3fwjSMwBMHisbBF7UJt2A
Ngelantur Indonesia,UC_5tCGLrVehijNbC1_G8a5w
David Alfarido,UC_6M5bpIHhfTAXvoJf_znWA
wayan x gaming,UC_EscjJlhNcJ4AT-QoMoWwg
CNA Insider,UC_Lnb8ZHqqgLbp-7hltuT9w
Nessie Judge,UC_SBt2BFBkExq_azj-P5lNA
moya tv,UC_Tn2BN38er75nLbHpsF6zQ
Drazen Kanzen,UC_W8Bh6yj7yrByDiQvNayWg
Edho Zell,UC_ZTmAt4G3AotY5RtfDK3Pg
Sue,UC_g2L6L3_OUD8CSo4feLy6g
Vexillographer,UC_gIbDngLZZFxKJeSIgogiw
Mike Mobil Bekas,UC_nhzM62B1G3H6aK8O417nQ
MARKOCOP,UC_rsMKPp_iGAXtblQ-KEXNQ
Nerissa Ravencroft Ch. hololive-EN,UC_sFNM0z0MWm9A6WlKPuMMg
Rynku Viceroy,UC_sGznPNRdDyRduVZosU7AQ
60 Second Lego,UC_ze35Kh6rX95YotXHqE0gw
Luna Ch. Âß´Ê£Æ„É´„Éº„Éä,UCa9Y57gfeY0Zro_noHRVrnw
Saya Ansor,UCaDSoSlPbCie91eqd9crSzQ
VaultCracker ,UCaEvLaXM-GzCi4dxDncGbMQ
JKT48,UCaIbbu5Xg3DpHsn_3Zw2m9w
0a Games,UCaLm5rwMwe9opkgsosbjF_A
Car Expert,UCaNXhr7N_Wc7og8HmsQFlZw
Ayanime,UCaU1yp-CZN_HGdRd6N76Dyw
CINEMA Z RECAP,UCaYywGkI1XGJJavulnd3pYw
Benny Productions,UCa_SOEXD5pGMaLpj9dILMBQ
somacguffin,UCaaZFxjlHI3T_I-uFbldIGA
MazMazing,UCacwUfh-p-y0zqF569WtaEA
Testify,UCadiEsTZ0hNxs5OxwGiyELQ
NAUTILUS,UCalFTc1HkmrIU655Q-1kKpw
YASYFI - Bocah Pony,UCalkvyCKVvFu2YspUbIRORw
„Ç¢„Éì„Çø„É™Akun Cadangan,UCamQzJHAXpLMNtEot2wyUPg
Worcester Terrariums,UCan2orv4NfutUSJaPYNwCWg
mr_cat ,UCanS6amZISK5l5XF85wiojw
Power Vision,UCatfiM69M9ZnNhOzy0jZ41A
lil lizat,UCauk7gKK5vlqxjMsfCVJX4A
Squared Media,UCawEP-InoKYKutsgq_vqIXA
ABDUL HANAN,UCaySxsUSxQWODx6PnmVFflw
*namirin,UCb-crO2ATrJsm253151B4Vg
williamdesuyo,UCb16OidmKlRZdM5xhgKc61g
Kagechiyo,UCb2ss2dIbo6k8vDe30qSJzg
„Ç±„É≥„ÉÜ„Ç£„ÉºÂÅ•‰∫∫_kenty_cook,UCb58mfa8JEkT7Oak1EG0SLw
Ya Begitulah,UCb5rk08d0Db4Ss0DqnMIAZQ
Bayashi TV,UCbCJmNKAL85O1VFeD6Wj60g
Yukishiro,UCbCQDFbLpkurWc4_0R5-pEA
josie lifts things,UCbDelWG0lH_xzQjnH-bNB_w
2Mind Bar,UCbFSDmUmpV8CSDED66275jg
A.I.Games,UCbFwe3COkDrbNsbMyGNCsDg
V Movies,UCbJWkrWIB4W-oR-cOASEBsQ
Alan Becker,UCbKWv2x9t6u8yZoB3KcPtnw
Portal Animasi,UCbLpVFB0CoJTOaT1R-yGCow
Jauh Dekat Film,UCbUHR-2TwUEK8htTMjcVlgA
The Lazy Monday,UCbb5TgzYFaLw0_QYxMvxDdg
Nkey Art,UCbdDokslvSTPTnz5HJBe--w
zurc „Ç∫„Éº„ÇØ,UCbjMUpOayBOzTZiBhjLGaGA
Kaminari PROJECT,UCbtlVIttwYmRyxFA1qnsKhQ
Excal's Art Tips,UCbua5Tu6mEvWeqAkk5S4__g
Jagat Review,UCbyVnlQdFIcdViuoPIPK68A
Zenturion7,UCc0j-JGHDR64bDpP6tW0iBQ
SENIMAN BOCAH,UCc5LHsnVOYIjBhqCrH74j5Q
Ika Gayou,UCc7I3eJolDchlxrEBSZJ8Iw
Zidney,UCcDHqSAPsGP5r8dWwJUM9Mw
PASTOR DANIEL,UCcDTPj1CietDDTbNL2rKeLA
MTH SG,UCcHJrtPUIt9n4BFV8xks1Iw
Noah Arkboi,UCcHPipmWGPVrRjUPIhKAkfg
FlipaClip,UCcI0Ej77aBkRCQ0O4Yf-Mxw
Lord Channel,UCcMCDXVHe6O_oTM_azUlYUA
Hydraulic Press Channel,UCcMDMoNu66_1Hwi5-MeiQgw
Tuan BreWork,UCcRXSyzoKOUFW97zsBzNCWA
West Edukasi,UCc_DmQY264M7748ei1cxXfg
Farhan Journal,UCcaMz-Gvf-QVkOspLfjEabg
Jaret Fajrianto „ÄêGHOSTY's COMIC„Äë,UCccGnj6mw4RHQHI_2mKfjCQ
„Åö„Å£„Å®ÁúüÂ§ú‰∏≠„Åß„ÅÑ„ÅÑ„ÅÆ„Å´„ÄÇZUTOMAYO,UCcd-GOvl9DdyPVHQxy58bOw
Crazy Russian Dad,UCcdXczfIFl9pOHZRCKCss_g
CodGrow,UCcdloLMqh58nD-ssMoQH4Gw
–ú–∏—Ä –º–æ–∏—Ö –¢–∞–Ω–∫–æ–≤,UCceRF31v3FVVdWowf2knB9A
Viva La Dirt League,UCchBatdUMZoMfJ3rIzgV84g
„Éò„Ç¢„Çµ„É≠„É≥„Çª„É¨„É≥TVÔºàHairSalon SerenTVÔºâ,UCcitggDNWldOk8KNmLUPnRg
Kommander Karl,UCco82nwl5frKBMJqNkr_iFw
Wortelemes,UCcteu7YX1JCfXSCpJixRqyw
Ardhianzy,UCd3PgaVcVCgfT_W_i78n0zg
SS manga diary-Shin Shinmoto-,UCd76oqcgFGKUOpyB-1Hmndw
Gemaaw Film,UCd9bzIVDfNjaTlgDU6_hJ0A
Japan is Yabai(crazy),UCdB_JAZxOxguHvSB1yRzm1A
NaKano,UCdJw98Jys0B49xcaEo6fdLw
Experimental Fun,UCdSNX8LZ4_ftLKKasQWZaJw
