PlayStation,UC-2Y8dQb0S6DtpxNgAKoJKA
ProsafiaGaming,UC-2wnBgTMRwgwkAkHq4V2rg
YME,UC-4aNYIYzNySjpVbcdM6byA
Syonide,UC-Gos-4HEMLotrY5SKKppQw
Titanfall Official,UC-LDrQRCxSifhrqNwldwZ-A
Mick9ine,UC-txB3R1klwFebltt7a8T1w
LowkeyLegend,UC0GA1iNq4nUt6GKO6aKnDhw
Mrow,UC0NQBpPkCxPhAWYvYVyncbw
Purpp HD,UC0UMGtD-LREGOAXJSDMfJtw
Shoe0nHead,UC0aanx5rpr7D1M7KCFYzrLQ
Spider Gang,UC0uy4HBuZxEIFyi8bwH_xWA
mmaro,UC0xqqi7C9o9au7MeiRV88Xw
Woozerson,UC11qWYC9rTx9iLOKK6Is7FA
–ö–∞–∫ –°–¥–µ–ª–∞—Ç—å ...,UC13jOfkwQtqqcLN5eoFPeZQ
Dane Hunt,UC1I8gcPyR536Emal6S017DA
Jacks√∏n,UC1Qj70v6ZJt5niAAgo82wlQ
Wilbur Soot,UC1n_PfsVqxllCcnMPlxBIjw
Cheesy Hfj,UC1tGHYIOm-SwPEfguF0Zbpg
Dobonhonkero,UC27f_79va2cGl1qF7LwHOZw
KRUGSTON,UC28dly7fFiPlISI-0AE-fbw
sodikken,UC28o1wgZmWTROz1uu8GbImw
Video Game AF,UC29cX9JmHV-7TOd_Wct7wMQ
My Two Pence,UC2Hy92d-OZihM90BT7Z4ABg
William Li,UC2ITsesXteK2yWdcQQ1xbrw
IStoleYourHAM,UC2MIagN49gWNW3xgR4Mt-lA
Lando,UC2Upsb_HWQ9jwvr8wXDWRmw
jschlattLIVE,UC2mP7il3YV7TxM_3m6U0bwA
ExplodingTNT,UC2nZMhZ2qG5-xpqb440WLYg
Reckerless,UC2pdms0yMa-m6xVyTH2IN6w
Rec Room,UC2uxjIodAjLGgdeZTVa5-KA
Nyctomatter,UC3AiaVhcLrKS4_1glZK4Ejg
Aztrosist,UC3HjOlfXBQJO12-YhumbJCg
Ali Nisah,UC3NGG3LNn1JdI95YKZ0Zvog
Painticus,UC3OycnktjrKQzATI3Uovlow
MillenniaThinker,UC3TUCGI-7rSjvHsE4ONXRww
James Lee (Animation),UC3XI0MtMTgqauxFS3Umi5Eg
Worst,UC3XzTvIXQV3lEkekviobeuQ
jacktastic,UC3a4PPsuLExctK40QrLJoGQ
nhl_hockey878 _,UC3a6KVX3P-V2A40YzkLUvRw
Karl Jobst,UC3ltptWa0xfrDweghW94Acg
Tyler Smith the Object Thingy,UC3tpengCoZTjIeh5SdQygtw
TetraNeo,UC3um_hnvkS6exkSwDgM973g
JaizKoys,UC4Ah06O-vqLR1GTEf_cyELA
Blantados,UC4rwJYVeDHxGKnFDhHz88ZQ
Brian Barczyk,UC4zS1wbO81p59CxKL7CQAcA
Dubtale Productions,UC51XDLIQChO8t4uhppfR3xQ
Ventuist,UC5_Vv00KGbxioPg5s6bfhzA
MrAtomicDuck,UC6BOGC2EEBgjp4vS_S7PQ2g
Oneshef,UC6Gc-01uwwvfTF2ot6KrTvQ
Jeaney Collects,UC6Ii2PPnHDkjLTJJQgOw7sQ
katyj98,UC6n6cH1DHsS-NjatbIBQPHg
Vsauce,UC6nSFpj9HTCZ5t-N3Rm3-HA
Villain Wins.mid,UC6pVWJDOwyLnQ7RPcBUQIRQ
cubabori,UC75Nnj9CvkJkX8gCgKTNQ_A
Countryballs Explained,UC77VmMDPloF0FGN4RIqfsVA
Snowy,UC7AR-7XK_xpGYgM6J6VoDGg
Etra Games,UC7Vj46GGL9VMUvd4YTMtjXg
Yoyo 808,UC7omgSMKSDz6g-iRTv-smsQ
livelife365,UC7umQAA8m9kmT-UKDxk_pxQ
Cuse,UC83L8NWyv4RE4qHZcE5f9Dw
Divine Pawn,UC84ajeHUX1TS-Pbo8_rqdVw
Tyiime,UC8CDdodHXQhslpYFVEMuUTA
Huggbees,UC8CsGpP6kVNrWeBVmlJ2UyA
cmx 21,UC8Mi_4rYPaLwr3yZvGooMUw
MrFudgeMonkeyz Studios,UC8QTb6EqLtKRpnWQb4iXy0A
GioFilms,UC8XU8oVYRbU2Lifpeb8eUfg
Citizen,UC8ftgK-RIJQnDfvE5XUHClg
Ruben Sim,UC8xo16miz2Jjji93BhE9Yug
MeatCanyon,UC91V6D3nkhP89wUb9f_h17g
HollowBeing,UC95Yqy6c3hZN3who-_WABrQ
JoshDub,UC9DWJ33CMvIseLlyx6hyRnA
TheCoolestPersonOnThePlanetEarth,UC9F1GS8Ngrc5-l5gM5_nd9Q
steveioe,UC9MU35bTvG9t06yf70hcGqQ
cyriak,UC9Ntx-EF3LzKY1nQ5rTUP2g
Serude,UC9_ule7Vx3LfdIawXvT9ifQ
EvanMCGaming,UCA1mxOwASgWGYkvxN20-MBw
Oyu'baat Cantina,UCA455GDlg59tRrxQGRhu5AQ
ZChum,UCAMddkbigTBIUyoi3U15RsQ
BlueJay,UCAPj20NhbPtpEbmndKXf3fQ
N_orte,UCAWOjp2sPmZ4E94tTes7hOw
_ Boisvert,UCA_jTM8W3NwgnGdQTs7BJpw
Q20A lol,UCAeMHUuNsNTaFQ9HzfkzDOQ
giftedtalents,UCAh_vxds9l4coaaDTgVUazA
LixianTV,UCAua9maY1vtNdBlYqnHRhwA
Sam Sulek,UCAuk798iHprjTtwlClkFxMA
vintage eight,UCB9KTq7gejaHmeRo_Nj7nQA
BMFVR,UCBJ1rwS7ARoCWLdab0wLD-Q
Maria Das Gra√ßas,UCBLV1Wr4aOTsmupB_Ks-_qg
Alpharad,UCBODyKF0JMbUd6D9Bklyzbw
vepze,UCC3595gl38gkQU6w5sokblQ
Abandoned Channel,UCC9FtCnLypJMK1_kxBAyfTg
GMER,UCCFHJiDpkZeP_02C-5zg69Q
Phone Repair Guru,UCCOrp7GPgZA8EGrbOcIAsyQ
French Tomahawk,UCCS0kXSb6AZQF8AYlJIlehw
surreal entertainment,UCChWvNbRQYQ5fj1Nj3RQu8Q
H2ODelirious,UCClNRixXlagwAd--5MwJKCw
mashed,UCCn62cYVpl0e_GN-yo1H9yQ
Yes2Day,UCCs8i97YepyR0F7jt6kr5Qw
pxin shu,UCCthQpTpM8BHtkwc_M94k3Q
Oyff,UCD1QymTi9ei-LPz61a2dPQA
BlueConX ,UCD1f-ZgAxaxn4ZFYNCFcciA
Dawko,UCDfYcuNw-ff952Xn0VDWwDw
zzbuer,UCDhlDlzxRE_wAgyK06ZUFJw
Azraeo,UCDoE22yI6cHKBx7LWwoHCUg
2222axe,UCDvNBXwnz3T7Q01Ixugdrcg
ANDY LAND,UCE6ItaxiKS3296-ZXcCkFhw
Kay's Cooking,UCEEmgAo0xP-2sz_vcjCwqnA
MetalJesusRocks,UCEFymXY4eFCo_AchSpxwyrg
Baphex,UCEHdbTzwFS49Y84lRWQfCeg
Richard Williams,UCEIWLNSEj3xCT2nJhLg2_KQ
Iamdices,UCESqho-TmmnJQJf4IWEbBkQ
worufualisu,UCEVrh73Nlc7bk6XlwnkXPTQ
Loosh,UCEZU1wMI5sgi_DOSqaFyitQ
Wrongboy152,UCEhN05PSgkec9XmoM548e7Q
Elite Modz,UCEqz2Cyvo2hJzvLvkoRWbEw
Youtooz,UCF94vOVUtzrZC8-nOFfrzig
Technoblade,UCFAiFyGs6oDiF1Nf-rRJpZA
harvo,UCFC-hMAK-F_tWATH1BTQjwg
Colonello,UCFTIJTxUiB35ETHGhNvQvOA
Plainrock124,UCFUsBdbrNe2a8tnVsxBwoZw
BlooZStella,UCFfaQCxQLEW7QG0pt_j3oKQ
Chillymon913,UCFnasyiAWtyKyKvAggQGPTg
ThatsSoRad,UCFr53uj_88fnqvswaUOhejg
Viral Kingdom,UCFtJHlYwZyb2ipqOGeNUs7Q
vvmtest,UCG74OWf0lYhUK89siLei-vQ
twomad 360,UCGGdOIkVIZipux13jt7rprw
TPTM,UCGMj90OilP4eJPwBVU1ExEg
RealMouth MUKBANG,UCGa0i7fssw6ZecR8BaulWyA
XboxAddictionz2,UCGktwoUX9hlRGMBXQ-04Z5Q
MonksCC,UCH0hUf9YLjzO3AyFrr44TFw
MikeAlike15,UCHMc_4zIUHYF61_d-QNYvDw
FitMC,UCHZ986wm_sJT6wntdDTIIcw
TierZoo,UCHsRtomD4twRf5WVHHk-cMw
Boethiah,UCHzHttA3M2o0P6N9GyQag5g
Glich'e Gaming,UCISq9SLKhHO2Evah0KWkP5A
Dani,UCIabPXjvT5BVTxRDPCBBOOQ
Pacckker,UCIeSAcXZHyznleXdOatVgYg
PACKGOD,UCIeuUT3mfhxreOMIls9fWew
jqhnathan,UCIm98GStsxUVLe3lgNhZ4Mg
Disney Plus,UCIrgJInjLS2BhlHOMDW7v0g
Lee Hardcastle,UCJ-4K4911cLZMNEZLnxnpIg
Gen Scinmore,UCJ4dDEKOwKFw1Kh1-oA6_rQ
Astro Soup Archive (Astro Soup Reborn),UCJ7TeCuwocaHpyxpTQ3v-PA
Exotics Lair,UCJIW-bpoAsZY5vnsEShgTSw
Ordinary Sausage,UCJLKwTg0IaSMoq6hLHT3CAA
Big Beak Entertainment,UCJgmJLF-0cSD6qxe8AA7FMA
TheMuteTroll,UCJhw9r7zSvMlYiuZQ3p_ljQ
CACTUS_BALLOON,UCJpcVBqLpTHbM-xEbDOVqbw
MintLemonade,UCJz0D68EmrWf-RwqZnpn78w
Slinkybox777,UCKBCfG0HrMOMNadmcOfBe5A
Elle's Reptiles,UCKDHM8V5bGutbLvPyGpRtfw
VanossGaming,UCKqH_9mk1waLgBiL2vT5b9g
ManlyBadassHero,UCKv8Rrrdc9oxLJmdHItafLA
Ricarro,UCKzKxfPXS5PeLr34YQYUUIg
paradox,UCKzp0dNCTl-bryh8aFM4IGQ
Ghost Mimic,UCLGrGIy3-_21TLw2hhg4uwA
Data illusion,UCLvzG3Axx3woai3kpnL_SNQ
AquaOnRR,UCMIMDd3XwfXo0uFCPB875Kw
No Idea Animation,UCMRbVkqlh90dMKGLJZEcNZA
MrDalekJD,UCMUP9j-QidC_S0KLlO06uCg
SwaggerSouls,UCMdGPato0IC5-zZjJIf-P9w
PetRussian'sOwner,UCMlpDK3QaXle5bGcXNtKMag
Your_Pal,UCMpGsJk6_r2G82Ui1egKvdg
100K ≈ö≈ÆB≈†√á≈îƒ∞Bƒñ≈î≈ö With No Videos Challenge,UCMxtCsAiWd6HW6abX_QS6Ew
Jazff Gaming,UCMymINiS3MCH2MsMY5eF9Sg
Pyrocynical,UCN5xN8gIljvWYnsj06V8WbQ
Lycethio Gaming,UCNGZ5Mz9fhV44serQO0YRng
Charborg,UCNM3W16DLgPc6NR1xHs5xbw
junky janker,UCO-TNXQvY7yis3S0oNvwEYw
OneyPlays,UCO1ITICo8MLHGAXR1uzFwjA
GetMadz,UCOAUz4d1NUNxSHh_SOJtdGQ
AntsCanada,UCONd1SNf3_QqjzjCVsURNuA
Zemete,UCOSn0kQddaFdk2cm_RCq32w
TomSka,UCOYWgypDktXdb-HfZnSMK6A
Flobbles,UCO_uOCkt43lICn9M71Fzm-g
truckstoptiger05,UCOjs8haaArvJjT6mBffrHWQ
forrestfire101,UCOmMUjaCM5koM_nSJ1KVg5Q
Dev Man!,UCP6izoRxXozezoaJy4s3zxg
nvRanger & Co. ,UCPE1O6aGY-Vc8s9tH9EYCpQ
Shane McGillicuddy,UCPJVs54XcE8RrdA_uW-lfUw
Parrot,UCPLMPHT-d8GZOqL_AHJFdQQ
Milkair,UCPMKZ3CyKw9KrWKJDVN3RWA
WillyBumBum ($BUM),UCPcDfV4Ur_2zgWYdtIaoxbQ
Willard the Worm,UCPgcQbTahxZNCFciLWBrYAg
Toni Tonight,UCPiolS0jdBJ3XV8SBTbon-A
Opsiian,UCPjRmop8jxwIQ5nj71EdtpQ
SolarBalls,UCQF0f62JXnfFSxKDmN8SDUg
eddygar,UCQN4CDJQIPkrRvJTuvaTdUA
ChinchillaByte,UCQaQ4QL35jrpeM0p8x-VYCg
Yash VR,UCQf6aRnzQ-bI3OpclY4DNsw
diesel patches,UCQmWt938Z8TkdPq6uasdlbA
Slimecicle,UCQmzgjEb7X6--w7CSE1erJg
Paleo Analysis,UCQoaCXh2vU2_qeUDt25LY-Q
Mastered UI Kostas,UCQrKvhhhtJaTJoDcOWXw_nA
mrpancake4343,UCRBLp7d0f2JPluCbxC_pa4Q
Stoic Stick,UCRGz96wHDgzVntRjak6Ohjw
Right Way BBQ,UCRJTirZSpmU3Blje8dWQnFA
Phantom Fear,UCRab81QtbYFqbnkvhYC9G4A
DanTDM,UCS5Oz6CHmeoF7vSad0qqXfw
Jagmaster,UCSDok7hOVi-0NNrnrrGfyiA
Xplodin Apple,UCSEpUlCVO4a5RBT-4A2lmSg
Slocky Wush 04,UCSFfyMZE7382r7hoh2haNzw
ThrillSeeker,UCSbdMXOI_3HGiFviLZO6kNA
adam,UCSiYilpfstqOD6o1vXzunGQ
sandwizard,UCSo2yDLlqJsCWLPh5tvygwg
Bay Yolal,UCTC9cz175q5QB9O16xyRxtA
‚ô° ùìÅùëúùìÅ_ùíæ_ùíπùü¢ùìÄùíæ ‚ô°,UCTeWI-mTRNZqMdsHotLoa7Q
ThePineappleLegacy,UCTgUkgWhe2PQTrbQq0PVVYw
mausedud,UCTilhQ8eEVTRULz-ihhJLaA
Red Dragon,UCTn3XO2FnHxUHPN8u89U31w
squizzy,UCTosgQvaBFbzVkx7qzi1tNw
PikeTastic,UCTtaPIKGnYCDyukKHfT8yYw
FSAction9,UCU1RiB-f-jCslMmEbZbvcnA
javeus,UCU2fTtyIj4uJ0uYlQnEH3LA
nuck,UCUTreTuDazxxDKJD22F7ZyA
Vinton Euler,UCUVY07tRgVVyUCN_LRdJucQ
The Grim Kleaper,UCUqLwBXfSeA4auWIX1ZLZJw
Jack Williams,UCUr1RGtVGu0R5qYmC8E9hZQ
Jacob Colvin,UCUw4K8hh4No3ks8wxfqj-uQ
THE BIG LEZ SHOW OFFICIAL,UCV1G6JkQtB2nobFm3MGNsBQ
MRswipez1,UCV6luCxsKUK2Ld-Zav-pGeg
Simon F,UCVJ6ywhkGb6PFs6_YteaZHQ
The Jakester,UCVKMKlkpPQlfq4aS00kKh_A
Enoumy,UCVPrql0BLm1gy13GfigLRyA
apandah,UCVQ9S8LoggEepxMYDiRpeeg
Rico. (Durty D),UCVdoFIWh8hDgaxZNMfSgR7A
Carppet,UCVfPsIeThHHagmes9ikyftQ
StickMations,UCVno5yslx1tJ4C4MbinHZlg
NerdFuel,UCVrVJ4ObNvBqTb1lVY-Yakw
Major Cloog,UCVv0XmWc-h1NqoHw4OGF0Vg
Tigerstriker5,UCVvXQ5y1FuXztNE_cf6rMfg
Katadan,UCW3adGpkiGmQexwFQWAS7Vw
Keneth YT,UCW89iEJuCoVjJLlZsceFXow
Milad Mirg,UCWLu3q9FEmPPYKcUAxKZb2A
Nitrocity,UCWNRVmFQ-dR27oOXg59zyXA
Dylan Lemay,UCWiXzvPDb5YqG7W0mr2TmlA
Doctor Nowhere ,UCWkb80VGt63_Er5qMUXDg3Q
Maxon Bee,UCWrRcIh-P33Mh_sukjKZSXw
Jammedbone,UCWsrsnnwAGQ3LZlYoJkIpHw
Hamza,UCWsslCoN3b_wBaFVWK_ye_A
Sion,UCWx-x9j0F9n79iv7xKxj05A
AzyLooper,UCX1IpPdf23j0S5OJAOm8kww
MrBeast,UCX6OQ3DkcsbYNE6H8uQQuVA
Dammit Jeff,UCXOSur_wiS9TK0WUhJrYrlA
Unsized,UCXUOExQ4JoK6_T2UpO0wZ1A
Chimaru,UCXUmHi2W9jFbvERgWhnYxbQ
Hamburglar Bourne,UCXVvvZywWZ1T1spcGLdt6mw
ThisIsRox,UCXpIT8aE3PkvUgUgO50TCwA
Gabbatron,UCXypGfRdpdDy4AbJLPYs63g
luisgamercool 23,UCXzZkAAGCytez8YnPfF1hww
Smosh,UCY30JRSgfhYXA6i6xX1erWg
Fireglobe Productions,UCYB_GM3JnkSPiCT0_X__LWg
Saltydkdan,UCYBbrJH2H6tmQZ7VHyA_esA
Serial Introvert,UCYC6ZtwZDfOkmFT-iWITQcg
EddieVR,UCYHnYO50VV8SzsmQq5PChRA
fatpie2,UCYJN37EH7Fwa2OMIGez4juA
Fur Family ,UCYZKDmmS5NNIaiD6hlNWh7Q
DrawzyDrawz,UCYai8EGfPhxDGUlVphAbqeQ
Matthew in the Kitchen,UCYeGRDiXnEd5a99bNXXKvYQ
PapiChuloTV,UCYrRk7z2OFB4xvkq7_VkTug
ArubaPlayer 1980,UCYsBzwFM840IqvsXLRj9c5w
Lemmy,UCYwRPV5Wi6C00HE3Yl2Qlqg
IloveSystemOfADown,UCYz36fNk4iJmTDkOVjC_Grg
jacksepticeye,UCYzPXprvl5Y-Sf0g4vX-m6g
tyrkey,UCZXaDsUJXpbeLElUHMs0CjA
CesarFever,UCZaHHIa-IIuD9W5L6t-RToA
BrodyAnimates,UCZft8Ol-dMtguwam7bWItnw
Icariaball,UC_2WbOWf6K_-6tX8LiBfHqQ
RoyaltyIsHere,UC_MjbTm-m5d3QtPv9eFNW8w
TheBatesee,UC_NBFe5Az4sIztJg22ECKWg
Slmccl,UC_tCuH9uVrUP-BqN4lSRwyg
KneeCaps,UC_topGGwb3s2gU3xXhYfILw
Ducks Commentary,UC_wnKFc9RZODgZKhPZFBRvA
LateNightPies,UC_y9Fro1aYRlPdAHHIMHiJQ
rinrin !!,UCa-oC4Nsh5lMzqBqwS1U8yw
Cowbelly,UCa0YfMRjgEMnCX1zk3QtNvg
David Firth,UCaGev0JRG7Dp5c_R4ROADLw
Lessons in Meme Culture,UCaHT88aobpcvRFEuy4v5Clg
BadwaterVideos2009,UCaJMov-LSiRcVjJhbf6hBFw
Caz,UCagYkvYGgGRKFUphxHH45zg
Reggles,UCakJtU-Eo4UXfrclXZbdUPw
Backwood,UCapPaBqUcoBtFDxDDpMaP5A
komp,UCbNBblrsQDk-VeDQGht3EDw
xXsquidwardXx,UCbOQice3c7U1Ul2tLxxXvMQ
UnstoppableLuck,UCbOkzQ-ojBmdA0g94lJVo2A
Sirlick,UCbSrnGfko3WWsRWs1ltzE8w
Broken Nation,UCbinPKqnVn6iw04ZOOUHUEw
Professor Stick,UCbjw7dE_hxJT-VGLTqCjlJA
AlienMyth64,UCblu07wdffUQpNB3s_T6SFA
Dream Sucks,UCbsU1w5G6sdIJrpuLZOEe9g
sn0wsh00,UCc44_NHR816bm5Ei2DH_HrQ
Blujai,UCcM7fv_WRR-1dP3jdj6qj3g
Usual Suspecktz,UCcXaY7p-xV7hiL8OR0EFmtg
Travingel,UCccE5menA2k61poF1REyEAg
Kayther,UCceSlVFcfPPZPlDZ4NjELkA
ChippyGaming,UCdImtrRS4UewEbPdnF8R4qw
i love goats,UCdMe_qpidmUFliHqtr3WSpw
Atomic Media,UCe1Ai9s6wU_HAbqppAzzZtQ
jacknjellify,UCeKLuqGciqZZ5RFYk5CbqXg
Meow Wolf,UCe_EJpcFdOTfnvIA7R4sDHA
JackStauber,UCe_ijwgvhtHQwQ55vsXDY8w
DarkSM,UCebncsaRNBdi-0BBJsdyW8A
Moruro,UCeh5JfrRN2MGytYXQp7EjCQ
You Suck At Cooking,UCekQr9znsk2vWxBo3YiLq2w
KindaGoodMeal,UCexSdtCozt-DnjDtJp2O3RA
Eklectic,UCf1pH88v_sUfhUoUhrUBaTA
Wizards with Guns,UCfJxmjbygyA5KEdzzZv6Pbw
ChokoBerd,UCfJyyPMurnrN-0wyX6TZRpQ
ibz,UCfNRr5dPpJhx6zzm6cbNRdw
Reptars Rampage,UCfObKzFwrifESeyGHtPZSqQ
Zanar Aesthetics,UCfVhjM2_XVvO5eGbOK-MO0A
TedE,UCg0df2u7rgsbDFj0jHq17jw
Your_friendly_fragil,UCgIC3zOP-BCE6bOwI3iDPdg
Philion,UCgKJPhVzv8w0VaZFnS_VmaA
Raw Media Archive,UCgYVGEnP_p7aazuy02lvGUA
Starcat,UCgjP37ihHNM-MHEPjaI6G-w
Enardo,UChEQqKMbTH3rxC3c34lH5ZQ
M4NTICOR3,UChpTxCrmfHNYo2jkt4rR6Rw
WoopDoo,UChytyZErCz6O2uqwnEJ6-XQ
Amerikaner,UCi-dcRS6Qy8F-wSHxEwxJFg
Mors Mutual Insurance,UCi3GT08RqryJMN8sf6a-Rmg
UNIVERSE PROTOCOL VHS,UCi3Nz8ynf3lDaIb9p-_ugmA
Forge Labs,UCiSVf-UpLC9rRjAT1qRTW0g
CoryxKenshin,UCiYcA0gJzg855iSKMrX3oHg
old memes,UCidV5L6UmY8ABbkBSNHxJOg
exurb1a,UCimiUgDLbi6P17BdaCZpVbg
Rick,UCioedGjpdpn0UKwirjpNUxw
TNTsquirrel,UCiu9oFC16-esAUpC2NZnvfg
Aquatic Apes,UCj6g9HNS_uisb8aSo5iUeow
Noodle,UCj74rJ9Lgl3WTngq675wxKg
JokingGuy,UCj8TdWBj943hO44biFcMX4Q
LarsBurrito,UCjTJQpkCRa4wJd5tLK_xNmA
Sacculish,UCj_9-NzD_9bmcG4Qf_yPUNQ
Nana‚Äôs Kitchen,UCj_G-_GDuzSSWK4rh-CCEhw
MaimyMayo,UCk7CrNOaxI-6eQ-NvS1Calg
Snazyyy,UCkBnmedsxM_n62IdKjA6tbQ
Super Earth Galactic War Data Archive,UCk_0b8kokaWWte9stv3fRig
TommyKay,UCl-9FxBYUjsIsC_FASvhymw
PolyMars,UCl7dSJloxuCa9IBFml7sakw
Tender Tomato,UClAXKuv4GCuZOd8AAKRmfZQ
Elliot Gough,UClGxMg3LjbPZ-HDL-77SMiQ
Ausvin King,UClH-mQgIxaOxcjacsE8LKOw
ZHC,UClQubH2NeMmGLTLgNdLBwXg
Unusual Yikes,UClcXoVsep-t5LX6QkdGk_Zw
RabidRetrospectGames,UCm4WlDrdOOSbht-NKQ0uTeg
‚Äå,UCmOiT9ZnSvLZ1XMBFjGiNmQ
Foekoe,UCmTPhoY-bYX2PKU03IKcKcA
kracc bacc,UCmVBahNSwnFt8c3jzkfNG-g
Ryy,UCmim_9UNRv6dhA_thCKN_YQ
Joel G,UCmo3YHm8GaHk0ZWovjow65A
hotdiggedydemon,UCmvXfmJEtURCEtHNbMXfDqg
Francesca Canty,UCmz2AIPIfKPU6Dji0L_VMRg
MooreOver,UCnQB-nMsMuvArnJ4lA1pGzg
Bokoen1,UCnQC_XGCCI__qrxwgZS27-A
Video Game Meals,UCnefrNhRsseX9oRrL12EOCw
Whirlwind,UCnrDNwzhH7mH2p0FxRfO8Fg
BreadedBreadRoll,UCnxDauX67r8xJ8PSWqP7mFw
omozoc,UCo0Ek8Te0osbhI0WnhF3QzA
BlueStopSign,UCo97ByRAUa0bYML1qPxO65g
Matt Sears,UCoHihEsNYcO1FjCF8irMt7w
GingerOreo,UCoRsKXdz4YAQA1up5uah-XQ
The Game Theorists,UCo_IB5145EVNcf8hw1Kku7w
Lumpy Touch,UCp2pLVMRCTCJh6WlQdFrH-A
Trickster üå†,UCp5yZvthWcj_G_b0-7wzF7A
Bumble Juice,UCp6PQj9JHzoFeRobWrKjj2g
Gus Johnson,UCpIafFPGutTAKOBHMtGen7g
Nighthawk,UCpQYdSnJBdVJlrwy9pfopiw
Chewy,UCpWl2nwLDQQI4TTa1kJgxrg
Suptestman,UCp_EoJ31p18XicajaJ1mWqg
scrawls,UCpgpXt5BhKxPfHXN-oxpeEQ
The_Quinzor,UCpkIiOC0Nr-CcxsCkZVF_EQ
penguinz0,UCq6VFHwMzcMXbuKyG7SQYIg
bill wurtz,UCq6aw03lNILzV96UvEAASfQ
Saint Bashington,UCq7IShVwE24kXl-4ylBDXKQ
AN7,UCqHKaISJ_00uZlzoj4GaEpg
SwinceBall,UCqSl9EYLGN8okNaavs7kmVQ
cchalkk,UCqfaD_nMNHEYgvH34Jux2iA
Vern Williams,UCqhFPM12seLUyRXhyTLAClg
cark,UCqlYHUyC6DtxNc-NM9DJqjw
Gameriel,UCqlg1BniDsIkd130nAEDsqA
gone_fishinq,UCr8bCxxslon0Rfs4LeX-KJg
McYum,UCrMUPP-xQ7BuEhADfo2GVDQ
Cloneology ,UCrVoyFysHSqXhz4tNEHyarw
OmicronGaming,UCryKACitFpPVPiqvYH6pQBQ
SagaTheYoungin,UCs-erbeCJNu-NqSoQ80w9fQ
FunMode,UCs0LcrPhNHomHGxK4NgsIuQ
Micro,UCs30GqI6zJXdOBf_A9a2PhQ
Mayo,UCs37O30H-mTlyRYOgoVG0NQ
Oxhorn,UCsC--WvN66vZlDoYShzn4sA
Kurzgesagt ‚Äì In a Nutshell,UCsXVk37bltHxD1rDPwtNM8Q
Garfilled,UCsn7gP4ZQFyzt9wxMiQKt0A
videogamedunkey,UCsvn_Po0SmunchJYOWpOxMg
Null and Void,UCt6V8Ut6mnVgrAy8yERuCbQ
CinnamonRoll Productions,UCtDVlXkjzndKPyxu5qJcA8Q
lilbpack1,UCtG-LNxN-bVAyeyxGiZzoqQ
hollowpoint,UCtNR4OMYQXQwdn4R4gNd8Hg
NostalgiaBox24,UCtVWuORrxphnMvxnlMPDnnw
G Money,UCtaLytdMqQUdYDMMAhRa6AQ
An entity shrouded in mystery.,UCtglLF0c5Eh2vrZ_aCuhahA
the poopshitters,UCto92GlgWaFa5Ua1vxVjJ-A
Sean Nalewanyj Shorts,UCtoCSRviHk6uFIb-zqeo4yQ
Decent,UCu2lt4wS1UqJZe72jbNqNMQ
Radiem Cinema,UCu5UWbv1R_Vl2DhwgUuiPSA
A L,UCuYWlc-ANAMgrA5EVExRaiQ
peensgo,UCudb9d4XwjJIBaTavREtw0A
Zeurel,UCukCyHaD-bK3in_pKpfH9Eg
LOCAL58TV,UCuoMasRkMhlj1VNVAOJdw5w
Kanteer,UCusXjz1K3Y6Gg-fVSY43TRQ
JuanC4,UCvEEARIGKMcWImvRCdUYgPw
Headcrab Zombie,UCvNEcFi_oU_d2shOjlm-RXw
Alwec,UCvSUhjBMgRVsfBleTa-VO4A
Swayed,UCvnBG6UxTrPBxKrYZkAN3xQ
Aurk,UCw77FJw80wzXmoxAFL00TOQ
Emergent Garden,UCwBhBDsqiQflTMLy2epbQVw
Chill With Will,UCwC6DcjZ0cs3hI6nS12JphA
Dinkie The Sink,UCwaXweAj7zkGOBt5JwSRjyg
Fatally Stoned,UCwcv36985G_d4f0jQrGcEsg
Ginko_,UCwwnEbPIL2M4c47MUacg7kQ
PolishTortoise,UCx22mlTERBqxg30j186hOsA
OBDI,UCx4dCMH5zrFAcTZWKXVJzbg
ShutUpJoJo,UCxQvStdCO5nnn6W22NxKMcA
GoHerping,UCxZQfGBeFsz6J_wfFKw-kvA
Humany,UCx_JS-Fzrq-bXUYP0mk9Zag
MSMdudes,UCy1BXziWt1vyyZk5abn9xeQ
LOLNEIN,UCy67FDpaC6hxcyWCAI-nUfg
Kir,UCy8-N75jPeYWWiAZKwqP-3w
CHRBRG,UCyMnHssVup_wBZRnCSMVt3w
Alert World,UCyc-vNS8Fy67G_K4Ku0y0RA
beaverrac,UCynS5J0eHHBkpdte1EuDpVQ
Niggalodeon,UCyq-oDKKu8pKaE_C-MvjicA
Necessary Information,UCz64T0MmXb2hcDdWK0QOSSw
GradeAUnderA,UCz7iJPVTBGX6DNO1RNI2Fcg
ophelia_xo,UCz8qbMXrZgGEFBsM-y6pUGQ
Skeppy,UCzMjRlKVO9XIqH_crIFpi6w
Ethereal Snake,UCzSHr-wO24dtLB0-KkiY3MQ
Aleks Le,UCzdKTfryijSX_zs6ZXU3Z-Q
Vivziepop,UCzfyYtgvkx5mLy8nlLlayYg
Christoper Lopez,UCziAiL4xFswmjAslhbvdRXw
jschlatt,UCzj25NxFjI5jJM8StIBOvPA
–õ–∏–º–æ–Ω–Ω—ã–π,UCzydz-FUeiEbUWOBIgRtK5A
