PewDiePie,UC-lHJZR3Gqxm24_Vd_AJ5Yw
agro,UC0QBCB2bwKEToGwwx1RchKQ
ExtinctZoo ,UC0ggS8bt4v7NiZpDfGqNpZQ
Not Just Bikes,UC0intLFzLaudFG-xAvUEO-A
Sam O'Nella Academy,UC1DTYW241WD64ah5BFWn4JA
Animeniaks,UC1GNOke2DJrgPaE2QlWMEsQ
wikiHow,UC1gi0J2xmZgP4sRFNEfcy7w
History Matters,UC22BdTgxefuvUivrjesETjg
All Sorts of Words,UC22pZQlui4ibpf0D3zqQZ0Q
Honkai: Star Rail,UC2PeMPA8PAOp-bynLoCeMLA
SuperFreddy64,UC2x0Ubk4ZBSxFvXPHD_je4A
Miloh,UC3FETgKUABF_fb3cS9N05gg
Danny Kim,UC3R57cNcy6hmpb-H4huxg6A
Basically Bowin,UC4kZDpDMS-kNoG6x9qX-rdA
Good Enough,UC4xDcLGTEslWvwBD7HAogqQ
FactSpark,UC5EcQrgvXsgGLR4ukxBTM8w
CaseOh,UC63anZxfVGHUEmfBAf5w7pw
ErikTheElectric,UC6huXz0F6-7KA7-mW0jdejA
GinoMachino,UC6qlrOtDPxx_QwWP8Ig6OIw
Professor Lando,UC6xZdbLoWpE07omW0xvBOBw
Hermit,UC71sKSkTU6RFt_RZGGBPN1A
Countryballs Explained,UC77VmMDPloF0FGN4RIqfsVA
Gigguk,UC7dF9qfBMXrSlaaFFDvV_Yg
Balarke,UC7lvJ9GrnjdQ62fY08NBXZw
KrutchyFooples,UC89R1gbsy17mDPHJ7YqjJ_w
Living Ironically in Europe,UC8SNsIS6XZ6WaEeEPCSVaQg
HollowBeing,UC95Yqy6c3hZN3who-_WABrQ
ClassicMan D,UC9mpbcyY7E4jQIBNNPUYO2Q
OTAKUBROZ,UCAIWsXACMvnq0PT6sgnu6VQ
hoser,UCAiEWppTvoNSHU939xhMb2g
Beast Philanthropy,UCAiLfjNXkNv24uhpzUgPa6A
sinisterbart,UCB-K2CpRgWed-NNTsQCCo5w
Wubzzy,UCBaJVMx5fcWOHsmPH3IxKKQ
Gattsu,UCCCmapQ-VnHWNZlK1Jdnalg
What if Animation,UCCJS5Mu0q0BGYTS4NRgHPUQ
brahkie,UCCokj-ZnFWavlYfQNtHHn4Q
Two Scuffed,UCEDfPzFX7OuUVXawUH2GrnA
BANDAI NAMCO Europe,UCETrNUjuH4EoRdZNFx9EI-A
Lord Ray,UCEUcAxvmS28SZo__tFNK9Dw
The Organic Chemistry Tutor,UCEWpbFLzoYGPfuWUMFPSaoA
saintlysilas,UCEYGvxpA1E2QPweRYRYO-3A
albert,UCF27yAV8ziSvh3Vihawz5Ag
Jonathan’s Corner,UCF2pLTqtRYkFKv2u5Y5xOWA
Bushy,UCF5RrlbsxJjAVLWgOCoNHMg
Technoblade,UCFAiFyGs6oDiF1Nf-rRJpZA
Joe Masini,UCFuLuPVNHqRg-VtMv035GJg
Sigma Games,UCG15WHbIZFbZTUrnypJttwg
Queen Abtin the golden,UCGA1LBobXePMfLCkW9dskeQ
Possible History,UCGQNwLGt7oFYC7XpUNqqSQg
Ray William Johnson,UCGt7X90Au6BV8rf49BiM6Dg
Axiore,UCH-hRvGG-A2zQDDPF-kIDpA
justmehabibi,UCHMyJmk7LeN2nNq5zZIP3zA
Doron’s World,UCHWSmTZltXaWVxgA_Zgyv0w
imthesan,UCHr5gYvzISpll23Je0urUeQ
StampyZaza,UCIBqCRKENGKaMRfRxrff-vQ
Cryptic Chatter,UCIEn8LDqfSF_exQlrdlrqQA
Stetti,UCJ6kVix22KbvJm39hmUF6IQ
MistahFeet,UCKPikWKJCCenLfmaVHl0R7A
ThottiYT,UCKhW1jSOt4HIklEhNswPWkA
HLANDAS,UCKksLtS1K7coc2G9A3JIfgg
Soluna,UCLJCzFrTzoolBNT-jt4e6gA
Crystal Blitz,UCMadZ48_jeieJdC72WO7x4w
brain4breakfast,UCMlORSJPK0zLLGU9EVni-EA
Degenerocity,UCMr1lqB1oN3-cYf6cj6-v-A
GriffinsShorts,UCN1T7z6HEJ2ymbvlfv2mFJA
Voice Quills,UCN5m4FU51DuJURjNKS2gUZg
OverSimplified,UCNIuvl7V8zACPpTmmNIqP2A
Tevyat Times,UCNT4m0ewpzBL9WWOtaCb6BQ
Kitt Gaming,UCOZsMcbEwVbEIKW4nMNTIVA
Denis,UCOaMOXfe8EWH1GJyhqhXrAA
WackyGee,UCOtjg3uEoc7TUCz4bIrfN6A
RealLifeLore,UCP5tjEmvPItGyLhmjdwP7Ww
anime boy Sayan,UCP7hyyrgT40ExxCo34FcWGA
Anime Nyan,UCPRmnnN7ApcElUSh-lmkZag
Drew Durnil,UCPcABVoFfCK5gDfX0PY1KGg
clipsofdantes,UCPvCJCsTh0frVzrIo5Np8Mg
Ingen,UCQ7_q-UwRnso1AzuYrJEuEw
Rainbowskinz,UCQb7VLbJru6vcTNMzYEzAjQ
Gamblrr,UCQbu3LVztc9Ze0VkExyG3ZQ
Gabfr,UCRGaAiFJj9YvEX-6wbldWmw
Dionell Games,UCRX2WOF0dD7cgLNQ5yHamOw
kracc bacc shorts,UCRbxIEI98U0urm0DbhQptFg
Kevinmathscience,UCRfDNAbcR-Y3T46XiL4Sqsw
Beerevity,UCSGKtBEJRXrqqsFQG1KrqYw
Scrub Daddy,UCSL8h6TsvdnGampuxJldwNg
Chrollo,UCSMBwel-I0fTXPd_5uZ84lw
Dream,UCTkXRDQl0luXxVQrRQvWS6w
Mischievous Elephant,UCTrenwE0xO39n7RlHYUQSPw
mrnigelng,UCVjlpEjEY9GpksqbEesJnNA
Raiden Shotgun,UCX1jnI9TeMSVfEMU71up25w
MrBeast,UCX6OQ3DkcsbYNE6H8uQQuVA
Night Driver,UCXYKg599W5rU02Q5lauZ71w
indiana souf,UCXoRb5fEVQGnGErwh1MpbmA
MrLian,UCYCPQwbRQjBBQrvvBkNNmVQ
jacksepticeye,UCYzPXprvl5Y-Sf0g4vX-m6g
Scorpo,UC_2Pifpk981bmvM69nhM6qg
Heisuten,UC_8KBp88oEGsqWJyZ2kxg3g
NoCopyrightSounds,UC_aEa8K-EOJ3D6gOs7HcyNg
Gamerpillar,UC_rqLZVSqhD4IKjzahdm6PQ
fredhours,UCaNmMcbsNaJgct6FMYfFHDw
Midtown Comics,UCacgeB3GHyAF5kFs5aJ9onw
Snarp,UCaiPWYj91M1p11bUliFA_VA
Wishful Audio,UCbEvlFjwqHpTOVkXdb6sfFQ
Cut,UCbaGn5VkOVlcRgIWAHcrJKA
RobbyIsntReal,UCbvR2skzBYHpWW9zg1Dz2Rg
Matt Stonie,UCd1fLoVFooPeWqCEYVUJZqg
dawit,UCd7JlEhpXmFwxQFiUZyKFMA
AstroKobi,UCdl3ece6ZfQwsiLbMnh2bCw
Kurosai,UCdxV8WMWlO1bWKwo9IwJiTw
BjornTheBear,UCe1ZGw7-rOh-BpigrX1zYOg
Kei VA,UCePA-LwlMu6jC2TXhhuVPyw
Bikini Bottomite,UCenR9iRCiTJhtXdlfqZu9pg
Blue Ryai,UCf36nsZu2yQ-iDO8cv0GCoQ
CG Plays,UCf7ew5ShITSfQFzgYkP4H2A
Theboss (Brandon),UCgexJYgcDO8NssFIs9QCUdQ
Skumnut,UCgxXKGdzo7jk4DxjTywCTew
MachinaMaker,UCgzUnURO1DxUdCe3ZR4hOKQ
My Mate VINCE,UChY9Cgv-iyPDvf1Bkyx20OQ
Femboy Universe .ASMR'S.,UChiRVozc4z1GnOyr-6UFHjw
Soul,UChxvNVvWkgoxctXIq0jMMPw
MidnightDre,UCiCnjfb9131VqSqarMIf2eQ
CoryxKenshin,UCiYcA0gJzg855iSKMrX3oHg
camman18,UCiZ2z8F8ilr6SC7lOaxAQ4g
•Sukii,UCjFHnvgtkJ968O1bXf8ZgGQ
none,UCjkus0YZG72gRyZWIi_7isg
Inferno Jae,UCkyZGnzRZTWxb9ubsHe1zeQ
ALittleSIMPle,UCl6DJDZtbeHCAMIqbPLS9og
ImStillDontai,UClylk2CQZtH7bSOuNJ66k4A
Flamingo,UCm-X6o81nRsXQTmqpyArkBQ
NotOG,UCmIvyKAcC1xBsr66925SXQw
Beluga,UCmSp4bDxS9R0jpeZEvkut2g
Ryan Trahan,UCnmGIkw-KdI0W5siakKPKog
DARKLORD2890_KRY,UCpDfB6i5jOuhCwbG_JGtZ4g
PopularMMOs,UCpGdL9Sn3Q5YWUH2DVUW1Ug
penguinz0,UCq6VFHwMzcMXbuKyG7SQYIg
Columbira,UCqGQNaol0Maa9wvY_1vrrcA
Plenty,UCqNhTdMAsb2djkjGgJILq2w
SwinceBall,UCqSl9EYLGN8okNaavs7kmVQ
AfroSenju XL,UCqpyFHhE13LsrG5qDknJcFQ
Alexander Rose,UCqy28JaczCKyutiXq41XwBg
officialnoobie,UCr4Ewp0K16mmjQbZLEr0OGA
Ludwig,UCrPseYLGpNygVi34QpGNqpA
Kr3w Kali,UCs6GwefUl97r8a2DZrCQVmQ
Altrax,UCsma1G3LqZ56Qc3Scyslo7w
Fathomm Gaming,UCsqPMXjXAhu3uVVONuejOFw
Jay Schilter,UCt3a9ijxI6L-kLwXfd8QRnA
HW5567,UCtJqaNF7McbeDB1UJZ_nWJg
The Urban Rescue Ranch,UCv3mh2P-q3UCtR9-2q8B-ZA
Merryweather Comics,UCvCtIO1it51jSkZGibS9R3w
Adrian Gray Comedy,UCvulgQYQPPUMwCs7tKMXO0g
LanwenTuzi Studio,UCvvsPT8l9RmoOp3xMgyb7cw
Mr Leech HGC,UCyBFW1oOG-1sMIhQNIqWlhA
Sly's Life,UCyQshm3tH_apJDIRmUxyY0Q
Bethy,UCzEL3k2qQKZhloHoH1aivMA
