Astro,UC-Fm2Ezn2Avm97IY3vMpKwA
PlayStationGrenade,UC-KM4Su6AEkUNea4TnYbBBg
Miniminuteman,UC-SrCCzkGq0wmSAuRs7EBFg
WoT Highlights,UC-aWX6eqjDp3jmB-o1vH9gA
Yarnhub,UC-f2WBfSCZiu0bOBydjot3w
SMii7Yplus,UC-gW4TeZAlKm7UATp24JsWQ
PewDiePie,UC-lHJZR3Gqxm24_Vd_AJ5Yw
McCreamy,UC-sjC5fKKsrpcZRJwlZJzZQ
isaacwhy,UC-yfMLscSY3vP_PKC1Z5B0w
MewZe,UC0-p-Hmc92YCtI8s3PEHC3A
ThirtyVirus,UC04QdEl71CFDogk8pzY7Geg
Oozern,UC0D7cU54WO5M6kdDnwd6MZQ
Doctor Mike,UC0QHWhjbe5fGJEPz3sVb6nw
SmallAnt,UC0VVYtw21rg2cokUystu2Dw
FunkyFrogBait,UC0aSHiQNMy8IMmS7_8WbtdA
Shoe0nHead,UC0aanx5rpr7D1M7KCFYzrLQ
Code Bullet,UC0e3QhIYukixgh5VVpKHH9Q
Valefisk,UC0eOlAEMdVgpmThPkpmR-qQ
rainbolt clips,UC0lf2-Y3nb5AWnZqie268FQ
GitGudWO,UC0poNmhV59dDVE6o3gxy5lA
Sam O'Nella Academy,UC1DTYW241WD64ah5BFWn4JA
MKBHD Shorts,UC1DoqbBY6dl8CEMVV9SK2FA
Vaush,UC1E-JS8L0j1Ei70D9VEFrPQ
ThatGuyFromCollege,UC1FEXU_DWnVnJEx-qroTJpg
amustycow,UC1GFqqHIBaiCW1ivJJCFTvg
Evbo,UC1HL3TABt6QGd_P857BH_CA
Gratz,UC1Re_uqvG9TG_5t0Z4TM2Bw
propellars,UC1WZOjI35f-hOXTnxC3DDZQ
ConeOfArc,UC1_oUtCGIqUMbIyRPeJsSyw
Minecraft,UC1sELGmy5jp5fQUugmuYlXQ
CGP Grey,UC2C_jShtL725hvbm1arSV9w
HellCastle & Tylerrrr,UC2GO6UL1OEC0Lk35bhMtNRQ
Nick's Kitchen,UC2HNqPgeKtVr2gZmLeeIk3g
MuYe,UC2PcEPhxydGmXaAhd3pAwuA
Kwite,UC2V1ul4ul85kac0Y81wXTqQ
Doobus Goobus,UC2d0Cp7XABGb3zpomS0d-WA
jschlattLIVE,UC2mP7il3YV7TxM_3m6U0bwA
Orange Juice Gaming,UC3S6nIDGJ5OtpC-mbvFA8Ew
LastWeekTonight,UC3XTzVzaHQEd30rQbuvCtTQ
ohnepixel,UC3ti8PjJczdDKHSwk7TESkw
MrBeast 2,UC4-79UOlP48-QNGgCko5p2g
Altrive Plus,UC443pIh2QPJ8v-9MtAlCe9A
Boosfer,UC4gpVFHGncQNVzWLGVrEpZA
Juicy News Network,UC4rD2NGH3LxRNeF6VCDLeiQ
Bitt3rSteel,UC4tWW-toq9KKo-HL3S8D23A
1Cloud9 ,UC4tb_1hfNkyp-zHYCsi_SAw
kajzoo,UC4zZXaIHDAjxIuv8qBzP_0w
Simple History,UC510QYlOlKNyhy_zdQxnGYw
XinoHusk,UC5DmrZFR2HkEjSaLPiE7iUg
Alpharad LIVE,UC5RpbFDGW-pgOaRMDUYpBFw
Mostly Facts,UC5gGSfxbjfj83l6A-FIaaUA
TommyInnit,UC5p_l5ZeB_wGjO_yDXwiqvw
Sleep Deprived,UC5qqBFOKTNAzIyE4g3SvuwQ
DougDougDoug,UC5sc1ysFs7RfjjEFMuQ3ZQw
Oxy,UC64bZ71e1F3pSSduIcXOhNg
spat,UC65_i1jDD6kVuQBSkEgNiPA
xkcd's What If?,UC6IxnFzHofFJ5X2PycSMsww
oompaville,UC6Mjg5R5QOJYjrio1JmP8Fg
Mike Shake,UC6ktP3PLU5sAJxN9Rb0TALg
Vsauce,UC6nSFpj9HTCZ5t-N3Rm3-HA
Professor Lando,UC6xZdbLoWpE07omW0xvBOBw
TGG,UC72PuhDwKtZ5MikpGNhPAtA
OffendingEverybody,UC7S2m-9UUUeSqUnr8_-XuvA
EmpLemon,UC7Ucs42FZy3uYzjrqzOIHsw
ISAB,UC7WQH4kpgxXJYHp8r9IAO-Q
supertf,UC7ZUmtySp0bx2lw_1VGw3Yg
Markiplier,UC7_YxT-KID8kRbqZo7MyscQ
Alex O'Connor,UC7kIy8fZavEni8Gzl8NLjOQ
Salty Phish,UC84HxrpnjIGDh2EwfiV4VeA
Judo Sloth Gaming,UC85aYbNSFjsJdxfpxgQr8tA
Reisshub Extra,UC8GQSHLyGTF7Y9rh3pVhjcg
MOUSAIT,UC8Kk9zhi8IKYkQF3MnJIhpw
SMG4,UC8LcA3grYZg0GNpxlXh8owg
Piemations,UC8RBLJdSpxSVWDc_bGKmdQQ
MackanRules,UC8lXw9DmvMYPZyTEAlSxGCg
Judo Sloth 2,UC8rsKxt6aRWTYk6b_K3dHbg
Ruben Sim,UC8xo16miz2Jjji93BhE9Yug
MeatCanyon,UC91V6D3nkhP89wUb9f_h17g
HaVoC Gaming,UC99fa54IUf9RVpEHaUTxQ9w
Luke TheNotable,UC9FkeEFIGd9FXRfxpTltXYA
NDL,UC9K44RtwiROAwCpALm1wdyQ
WolfeyVGC,UC9OZkS1Mhl5UvKSiPrYqsxg
Wendover Productions,UC9RM-iSvTu1uPJb8X5yp3EQ
AstralSpiff,UC9ek8xUVjnmQ-q7f6CTwtxg
Wanted ⭐,UC9jDrJTkY0kHf30mhlnV2fQ
Action Lab Shorts,UCA19mAJURyYHbJzhfpqhpCA
Red Wrench Films,UCAUCNU_M0EOtAs98NMA8QbQ
chems,UCAcrJDgQZAbwnCEFdueGUBQ
hoser,UCAiEWppTvoNSHU939xhMb2g
TommyNFG,UCAtYkwdhJ5o32z7gS-ef5vg
Arch,UCB5zZAm0b5-EqWkOEwHBE_A
KIER and DEV,UCBAu5h7VZBV2HaXBuZcz9aA
Hasanabi Productions,UCBBQ9PIs8ARguuwVJZowGIg
Marques Brownlee,UCBJycsmduvYEL83R_U4JriQ
Alpharad,UCBODyKF0JMbUd6D9Bklyzbw
BUT TRU,UCBa3l9iENht6QtbpvH6uyVQ
Eta320,UCCDIExSq87sLtY2YixbGBYw
Fundy,UCCE5NVlm0FhbunMMBT48WAw
ClayClaim,UCCotQ9x_MPdw3fwEpCxlbnQ
Clash of Clans,UCD1Em4q90ZUK2R5HKesszJg
SsethTzeentach,UCD6VugMZKRhSyzWEWA9W2fg
The Unwithered Truth,UCD8MvEFuywgosaImzWhCFJA
DonutWithMustache,UCDFojtj8gzLgj8WfUeOJSxg
Kwote,UCDVzv2EXv-TX1Jeuv7iIIRw
Pigicial,UCDWsSqyVAk5f6mtHYg8bheQ
Something like that,UCDctonvIlYaduZu7p9xMKbw
Rays Works,UCDi2s0xQrfFwivdmsPiuU_w
Scruffy,UCDoKh1xoqKDfUr3YxQBs_1w
Sidemen,UCDogdKl7t7NHzQ95aEwkdMw
MagnatesMedia,UCE4Gn00XZbpWvGUfIslT-tA
MOUSAIT Archive,UCED8PyQbLtmRGxOXACNy5tg
Disfunctional,UCENzOltnQs6-YrP9YB0Dj2A
Captain Disillusion,UCEOXxzW2vU0P-0THehuIIeg
Technoblade,UCFAiFyGs6oDiF1Nf-rRJpZA
GD Colon,UCFDsxSlQXpLLpVScy2NmbcQ
Coffeezilla,UCFQMnBA3CS502aghlcr0_aw
Cwitchy,UCFipayYs4TjaCVddojSK-pg
SB737,UCFrVj6wBM42y3XuKCAj8n5A
Glarses,UCFtOX-21N1earf-K58C7HjQ
Possible History,UCGQNwLGt7oFYC7XpUNqqSQg
Terrasteel,UCGprDqZlt5epQ6-fFbU-nmQ
JaidenAnimations,UCGwu0nbY2wSkW8N-cghnLpA
Be Smart,UCH4BNI0-FOK2dMXoFtViWHw
Tank Fish,UCH6sNLmH-rsATLffdpGYscQ
justmehabibi,UCHMyJmk7LeN2nNq5zZIP3zA
TheTekkitRealm,UCHOgE8XeaCjlgvH0t01fVZg
CJ DEATHBOT,UCHOjus2xFrvo9ORfw3aHLWg
Also Fitz,UCHXJ0dhS3NpTBFg7lR_5w8Q
The Food Theorists,UCHYoe8kQ-7Gn9ASOlmI0k6Q
shounic,UCHlTEt24Yb4ylJFuWz7hXIw
Veritasium,UCHnyfMqiRRG1u-2MsSQLbXA
TierZoo,UCHsRtomD4twRf5WVHHk-cMw
Joe Caine,UCHyMNXj5l7eTTQefXzT3MdQ
Gordon Ramsay,UCIEv3lZ_tNXHzL3ox-_uUGQ
Chaotic Florius,UCIRO1rb2duVChloHTMh6ssQ
F1nn5terLIVE,UCIw4ioKLP_tg_4QLrVO97qw
More SypherPK,UCJAPcllL_VRxUiNKtaLOpzw
Ted Nivison,UCJGgP4txIUr_7JTDvOGVQrA
Babish Culinary Universe,UCJHA_jMfCvEnv-3kRjTCQXw
I did a thing,UCJLZe_NoiG0hT7QCX_9vmqw
sponko,UCJXJIpCZxz3WKDInAfQoxBQ
TheMisterEpic,UCJiFgnnYpwlnadzTzhMnX_Q
Jubilee,UCJjSDX-jUChzOEyok9XYRJQ
NotVeryAndy,UCJylGQ0bMCM1nhdRGZsZDgw
DOLLARplays,UCK4ahuEsZI9mHH4_gJHlr8w
Zesty Jesus,UCK4vkBdxcbBo4dFjN46J4hg
LevelUpLifting,UCKXeD_318aHvJq_MNGt3M4g
Law By Mike,UCKmmERguliWTynG9OIoDhDw
Aliensrock,UCKtix2xNNXdcEfEFnoOnvMw
GDI,UCL-sE1KZquAmz-lbxS_I32w
Vox,UCLXo7UDZvByw2ixzpQCufnA
Vootz,UCLlyEZulDtSF1T-CPGMIjOg
Amandus,UCM-voTZSahH5WX75G4z-L6w
JJJacksfilms,UCMUyG01MXNeiTykIlvWwIRQ
SwaggerSouls,UCMdGPato0IC5-zZjJIf-P9w
Mrwhosetheboss,UCMiJRAwDNSNzuYeN2uWa0pA
Degenerocity,UCMr1lqB1oN3-cYf6cj6-v-A
Nick DiGiovanni,UCMyOj6fhvKFMjxUCp3b_3gA
Oh The Urbanity!,UCN5CBM1NkqDYAHgS-AbgGHA
OverSimplified,UCNIuvl7V8zACPpTmmNIqP2A
Dashcam Nation,UCOS7jdle9zw_HnKW4ytZnDw
urnotjustin,UCOri0zqQh1uPwSOE2Pih9KQ
ChainsFR,UCOuwU6aYcIgpKDdbekbUS2Q
Natt,UCOwnySwHSJ4-TaogUrF72ng
AnthonyPadilla,UCPJHQ5_DLtxZ1gzBvZE99_g
Parrot,UCPLMPHT-d8GZOqL_AHJFdQQ
Hakim,UCPPZoYsfoSekIpLcz9plX1Q
War Thunder. Official channel.,UCPZsNertSS82YCT2qX9-wHA
jacksfilms,UCPcFg7aBbaVzXoIKSNqwaww
GeorgeM,UCPvPrcWhqR0IN2WLpCbd95A
Politicized Gaming,UCPzQ8xmOX1qIyzGHGAhsZxg
PewDiePie Highlights,UCQ4zIVlfhsmvds7WuKeL2Bw
Vincey,UCQ62eviBm92rz20hE1IIIXQ
TheAMaazing,UCQ9HvHH-KRYHI5ynj2kbLwQ
Prime Video,UCQJWtTnAHhEG5w4uN0udnUQ
Jack,UCQSyMY7y11SjZ1oL2OjD_bw
VaazkL,UCQURA_IHST41KrZsoyrKEbQ
QuickyBaby,UCQWHq9e1hN268yjgYq-0hNw
BoosferExtra,UCQsaofRSI0zi0oGnl8O_DIw
Grian,UCR9Gcq0CMm6YgTzsDxAxjOQ
mrpancake4343,UCRBLp7d0f2JPluCbxC_pa4Q
LS Mark,UCRELfrtyz_teOEQXjF04BIA
The Spiffing Brit,UCRHXUZ0BxbkU2MYZgsuFgkQ
Mogswamp,UCRJBLIR5E1bfDmq3kAzRpeg
Strider,UCRTLKnHmj1yN7swi6e3Ueug
optimum,UCRYOj4DmyxhBVrdvbsUwmAA
LEMMiNO,UCRcgy6GzDeccI7dkbbBna3Q
Freezed,UCRdq4O_hmZlYwsJaXH-a1mw
Dude Perfect,UCRijo3ddMTht_IHyNSNXpNQ
SkyBoi,UCRnj_6JPKV0UkVEhBzoyaaQ
DanTDM,UCS5Oz6CHmeoF7vSad0qqXfw
Joeseppi,UCSC6F-cM6_Xm3aJnHs6ZDVA
Danny Gonzalez,UCSUf5_EPEfl4zlBKZHkZdmw
World of Tanks Best Replays,UCSein_8H--kGGWWlhFbx0yQ
Corridor Crew,UCSpFnDQr88xCZ80N-X7t0nQ
al1,UCSpzAXtHPzo3_vW1VbYi2eg
Task & Purpose,UCSq3p5NKEtyp5Rjd4ctiEbg
temp6t,UCT8zEoYJtcaPAU727D4d2bQ
Jadon,UCTTAX5yzd1pH2Q26DOg5cVQ
TetraBitGaming,UCT_dB4i0Jz971GVTA-D2Tbg
jackisanerd,UCTjqo_3046IXFFGZ_M5jedA
Dream,UCTkXRDQl0luXxVQrRQvWS6w
javeus,UCU2fTtyIj4uJ0uYlQnEH3LA
Disguised Toast,UCUT8RoNBTJvwW1iErP6-b-A
EmperorTigerstar,UCUXqYwTCR6R3Wr-FkLTD4AQ
JK Brickworks,UCUaiGrBfRCaC6pL7ZnZjWbg
More Lachlan,UCUuDY1vqHMDN6lp_vbaGcHQ
Brick Technology,UCUuvZ0skL2WYZ3rhPMZbfdA
Kariyu,UCV0L50-x7G38ER_tUsoKyTg
CircleToonsHD,UCV6g95OBbVtFmN9uiJzkFqQ
DarkViperAU,UCV6mNrW8CrmWtcxWfQXy11g
Dragoon,UCVEUCWGFB_-ojubEDjts2nA
Bislo,UCVYTv2YV-hKs5fAoGvIjdjg
Backseat Streams,UCVaz2Wz1mNQ0Eun8eq0DGFw
JackManifoldTV,UCVhZyGllAVd-Wl6kNufV0uA
Sticks,UCVun3IyFIh6AsEMV11zlVHg
elmaxo,UCVuyByFo6js2qeEIJQEzJfg
Sambucha,UCWBWgCD4oAqT3hUeq40SCUw
Zemie,UCWNtatGQsZcusgK8yWZq4dA
JimmyTheGiant,UCWYRT-NhEqkZ_afrqEgxYOQ
Big guy,UCWZp4y1jqBuvLtiyxSs_ZBw
DougDoug Clips,UCWcCxrPCRDAte7I4uFdVsFQ
KFC CLASH,UCWdBWdJLbI7MEWgx36Nnhsw
TheRussianBadger,UCWzLmNWhgeh3h1j-M-Isy0g
MrBeast,UCX6OQ3DkcsbYNE6H8uQQuVA
Chickeninja42,UCXRzjdHAHw-ouHBdKg_MzGQ
Refraction,UCXTIafdxOEU3zPSSSWvV0vA
HasAnimated,UCX_jJeAPN7CsI9ZAxZLFxgQ
PWR,UCXrExb1m3VjR0m1_l9luxRQ
Mark Rober,UCY1kMZp36IQSyNx_9h4mpCg
Smosh,UCY30JRSgfhYXA6i6xX1erWg
David Baron,UCY7t66EGxZGs9sOQX6qijYw
Fluxe,UCY8IL-PTEkxABj8WqlD0tUg
T5G,UCYBetkejPxK8t_41zueazcA
Smosh Pit,UCYJPby9DRCteedh5tfxVbrw
3Blue1Brown,UCYO_jab_esuFRV4b17AJtAw
Backseat,UCY_4J4XpgsOmdxjNAWSVQaA
Magic The Noah,UCYqsJbDDngvxb_rbHzHpYGA
jacksepticeye,UCYzPXprvl5Y-Sf0g4vX-m6g
LazarLazar,UCZ3AmknSJtbzXCeO5a4peoQ
Kila West Gaming,UCZCVQWj8aPa3mIdpazFI0Xw
Mrwhosetheboss Plus,UCZSlfzadjnw7G419c_OJ9eg
martincitopantsLIVE,UCZi0oII2ua_I-fEnHdg3U2A
Spookston,UCZjp01JbF-hCWlaDWi1zKbA
OverAchiever,UC_7MOsKfT8-r7Y_R-Esv91g
SDMP Clips,UC_Hjmf0vJ28L4MTFV7_BPKw
Trepkas,UC_LZEZfEoPOfybKJpkcgcqQ
RoyaltyIsHere,UC_MjbTm-m5d3QtPv9eFNW8w
Internet Anarchist,UC_iUeUzozCHEReJ-shKcCYA
SypherPK,UC_q5WZtFp36adwqhKpZzxwQ
RAINBOLT,UC_slDWTPHflhuZqbGc8u4yA
Lessons in Meme Culture,UCaHT88aobpcvRFEuy4v5Clg
HorrorScoped,UCaoW8eKXVifyuVAD_5BgYoA
iyouxin,UCb1Cc16ozngmp1gAP-GJoFA
yuo monkey,UCb2F1Kto634R7vyF6Ljmrgg
Max Fosh,UCb31gOY6OD8ES0zP8M0GhAw
Alan Becker,UCbKWv2x9t6u8yZoB3KcPtnw
Samifying,UCbNYvEBuKmVW2ysGLvlrLnw
WaffleTime,UCbXiWfLHx2MQc4eXW5-9xIw
Jay Foreman,UCbbQalJ4OaC0oQ0AqRaOJ9g
Ethan Reid,UCbdbgaxLYyqYiSyGT3uDlFg
Red Bull,UCblfuW_4rakIf2h6aqANefA
Dawg IV Life,UCbveQ-uFy0MGcHwZjPPZE7Q
Zenturion7,UCc0j-JGHDR64bDpP6tW0iBQ
BeardMeatsFood,UCc9CjaAjsMMvaSghZB7-Kog
Doaenel ,UCcIKDdClybN7AWT4OHcMWzQ
spatnz,UCcNPbOeFo-qM0wpis8Lwdig
T3rr0r,UCcaqDKIaqXNh0x0Sanj_yDA
martincitopants,UCcnci5vbpLJ-rh_V9yXwawg
FUNKe,UCd-qVRcjoK9zjtDs_LRxSmw
JackSucksAtGeography,UCd15dSPPT-EhTXekA7_UNAQ
Matt Stonie,UCd1fLoVFooPeWqCEYVUJZqg
DID SCHLATT WIN?,UCd71KmJZ8mxKGCUDkdNqoWw
Big A,UCdBXOyqr8cDshsp7kcKDAkg
MashClash,UCdB_Ni_omdjZwjzq7r3nGCw
Daily Dose Of Internet,UCdC0An4ZPNr_YiFiYoVbwaw
SmallCat,UCdIGk6ID4OvZLrPcCj1O7XA
ChippyGaming,UCdImtrRS4UewEbPdnF8R4qw
TheCodMineMan,UCdTRN_1r8mgubl5f4KTfuQA
Niko Omilana,UCdcUmdOxMrhRjKMw-BX19AA
Dramatic,UCe1r1GD67Wkuh_ZJXJ7F6qg
Keeoh,UCeIcwvxA_e5Dvrqg3rsuN1w
KashmanTV,UCeLvYd5MIeOB7KI8vHbporQ
The Armchair Historian,UCeUJFQ0D9qs6aVNyUt9fkeQ
gerg,UCecSuYMsSH8aJSSzfDwfQow
Wayton Pilkin,UCeg2dFpnarFPI14hbN_5rKg
AGC ANDY,UCeuqTclPonrhOflE9bc2Jjw
JackSucksAtLife,UCewMTclBJZPaNEfbf-qYMGA
MrJFL,UCey9mJx6W6MHBP7sti3JGNA
eggwick,UCeyyk9yemyyjHNvzuDMSC9w
ThunderWar,UCf06JSi2oiK-xcAAB3WPXAg
Skeletron,UCfALH2lomeYC_71oBf2ONxA
Connect-RN,UCfPypb6v9W5Npb14idRORoA
Jimmy Here,UCfcc8OORrouV1lO_qeIZVNQ
Big Tugg,UCfcxY_xh3V6engDMFhxlqZA
Apple Explained,UCfw2hvuj40AChU7n-N-PRHA
Squire,UCfwY-BIInmUEtz6YnntsKzA
sockrteez,UCg8Xrc81Cf9OIl-a83cHa7Q
jschlattVODS,UCgEo1zXlYoUvL9btrdR9Csg
Boffy,UCgTaH6nm8sby0hpb2DSKNhg
Dart Monkey,UCgmgosEaMu0KltTbgol08Bw
OTK,UCgpRORu9JQFC_jtQeQ99hBA
MrLowlander,UCgtbMb3djcXKj6CHerHwZ-A
Atrioc,UCgv4dPk_qZNAbUW9WkuLPSA
iSorrow,UCgvaWsBzNEox0PES4qBwHxw
World of Tanks - Official Channel,UCh554z2-7vIA-Mf9qAameoA
MoreSidemen,UCh5mLn90vUaB1PbRRx_AiaA
Lachlan,UCh7EqOZt7EvO2osuKbIlpGg
FeedBackGaming,UCh8GAqXvXDgQPJxvwTWoXug
Mumbo Jumbo,UChFur_NwVSbUozOcF_F2kMg
A World Without,UChIPJFsotELxfbCIAwo-dmw
SMii7Yplays,UChK0KzE7fazKdo4IfLBk9RQ
DreamXD,UChU3JRloULzdFX3aCu7BiSA
The Tank Museum,UChl-XKVVBAzoEVsnbOfpcqw
Kryoz,UCi-QR0jFereBXjU9SBxcdeg
Reisshub,UCi3i4mBcopoX2pT0z4dONhQ
Ken,UCiFOL6V9KbvxfXvzdFSsqCw
rubby,UCiseHIYkrhvawaU45RexiJA
Phoenix SC,UCj4zC1Hfj-uc90FUXzRamNw
Mogul Mail,UCjK0F1DopxQ5U0sCwOlXwOg
TheBones5,UCjdL8z9frr0dW-1GE-fU9uA
Hacksmith Industries,UCjgpFI5dU-D1-kh9H1muoxQ
Spoke,UCk2uxbWi5py_iJXaEsh2YRA
GP,UCkL7jK1J48ZjjanYLpg7BZQ
High Boi,UCkzaJDHBKbcaNatH_T00ieg
TommyKay,UCl-9FxBYUjsIsC_FASvhymw
Twozern,UCl1RVxUbYNN7klbflgEGH2Q
Spilling The Milk,UClFmbs3Ox9z0iPOW8rkxmOg
SalC1,UClY084mbGLK_SLlOfgizjow
Msushi,UClbDvbWhzImDvV831Jaco7g
AlternateHistoryHub,UClfEht64_NrzHf8Y0slKEjw
TheRealKenzo,UClgzkMby0QF9mgGJ8Rp--3g
PlainrockVlogs,UClo-m7j8vY05RUIduXqyjHw
DougDoug,UClyGlKOhDUooPJFy4v_mqPg
Flamingo,UCm-X6o81nRsXQTmqpyArkBQ
Agent Gumle,UCm0ncKDBehJcvh7ew11qx7Q
Aoeilaeiepae Hunts Teams,UCm39DDEpYbu31tOuPGxJ0Pw
LockPickingLawyer,UCm9K6rby98W8JigLoZOh6FQ
iSorrowproductions,UCmKdqsvmV6e7Pwy7N2PMnnA
AdizzPro,UCmYcL2krP0Szlw5XJrLcdkA
Doodley,UCmfJPEfaEMGTu6CaJNr0AEQ
Laughability,UCn4RkjqDN4UE0Uy3y1-K6_w
TommyKayVODs,UCnMp_7DVSGuzNfTpNKWVldw
Bokoen1,UCnQC_XGCCI__qrxwgZS27-A
Jackson Field,UCndV9QI4anHHUorIXGW3BIg
Dark Dom,UCnf_Txj_DaCY7_jj0Xo1Nhg
Ryan Trahan,UCnmGIkw-KdI0W5siakKPKog
Soggy Cereal,UCo06AuTxxPnHdUDPXWPEyjA
TheOdd1sOut,UCo8bcnLyZH8tBIH9V1mLgqQ
Evmo,UCoDVKS3d0NBKWwPtKwPNCkg
Drumsy,UCoUmahSj6YHyUb8kuGR-lwg
The Game Theorists,UCo_IB5145EVNcf8hw1Kku7w
SunlessKhan,UCocHtA1ADT6kTObipYzJoww
ConnorDawg,UCoil_VoKvJY4kdlBOZv974w
Daniel Krafft,UCojEXrCBzO-cP2N5YlRcrWw
JOHN ROBLOX,UCojsj6T5tNPGPZSx7wn4coQ
2 Danny 2 Furious,UCoo-9GEm2mpyYIXSptrKIpA
TommyKayVIBE,UCpL9w-bCkuuOeuqunT-94BQ
PDS News Clips,UCpLB7kBu9O5dbBKhaIOmqcQ
tamago2474,UCpLw_vyY6pDFIKhPGTSTLKw
Elppa,UCpURw-hYgzHogs2fkobvSNg
LegalEagle,UCpa-Zb0ZcQjTCPP1Dx_1M8Q
Lingualizer,UCpeSv0N9tbe2V5fLMVrlodA
AstralSpiff Extras,UCpeoCHNJdF0CIrHAMNrPrMw
Benaminute,UCpfXcgCK_RaBnXxjXzJN2Tw
ShorK,UCphDCIaX3CSb2pdkR9SMOXg
The Try Guys,UCpi8TJfiA4lKGkaXs__YdBA
LazerPig,UCpq_GFqDneAHWrUmZ0wM34A
childsquish,UCptWkU3Lc02nO5zbJjuQsdQ
Universal Pictures,UCq0OueAsdxH6b8nyAspwViw
Half-Asleep Chris,UCq4qiifOaFGW3a2oljSfxUg
penguinz0,UCq6VFHwMzcMXbuKyG7SQYIg
StevenBridges,UCqK0ukwGsTDh7sHih1OmLJA
Plenty,UCqNhTdMAsb2djkjGgJILq2w
Viper Rambles,UCqQUH9wOCH8h85yjk5HOALw
SwinceBall,UCqSl9EYLGN8okNaavs7kmVQ
Write Words - Make Magic,UCqUKQKd_rvJmF4eWnBPzyPQ
zi8gzag,UCqcxR9B59H4DT1e6hg1Smiw
Sipho,UCrDoJYJWutzF_JWeA3-8bhA
Legit Burger,UCrN_23oMHDn-NKAhrP4BV7A
Ludwig,UCrPseYLGpNygVi34QpGNqpA
Daebom,UCrVHlmiR7R5iZtn6zvkYLfg
Kenadian,UCrbA5a8z3E0Dm6hIiJRuL_w
Dankus Memecus,UCre24LGvsiVvaBeP8k7J2ug
Macro,UCs3uTN9G4MnZGOfYWoSs9mA
Kurzgesagt – In a Nutshell,UCsXVk37bltHxD1rDPwtNM8Q
Vasilikos,UCsYqdbCgx6dO60md0hc5tPA
Corridor Digital,UCsn6cjffsvyOZCZxvGoJxGg
Schlatt & Co.,UCsoIIWqR_2OAegsUTkY5E1g
MaxGamingFPS,UCsy9bJYu6XY9secP44TDBjQ
Sypher Reacts,UCt0JEQtkyzfk70DQ-NHtosw
Blockixel Artistry,UCtC9C1iMuBnlRjB61me7xMw
Michael Reeves,UCtHaxi4GTYDpJgMSGy7AeSw
Blue Paw Print,UCtKPoOleoyj9dlI0tw4AZeg
neo,UCtYKe7-XbaDjpUwcU5x0bLg
Fitz,UCtb8P4rf_1n8KS8eZk_lNNw
Offending All Day,UCtiBZiDjzCDmC3B4_bPt2LA
Keeoh+,UCtkZOp4HW1PMAohEl2oeubA
HasanAbi,UCtoaZpBnrd0lhycxYJ4MNOQ
skDoger,UCtxUWvYnNcoc8xcO86X30Gw
RAINBOLT TWO,UCuAWs9GxuTDLNyo2-cbrwDA
Half as Interesting,UCuCkxoKLYO_EQ2GeFtbM_bw
SunnyV2,UCuF49lP5gkkw5L8HK3H6GJg
Polygon,UCuVxaQDraOja6xKidcmoufA
Mitsi Studio,UCuXCgyOCMXic7j0_wghXnRA
Dakillzor,UCuYAw5CKeMMYJ22xdCGE8Jw
kristibbs,UCuai1OeyZm_hT_Wp_d23fqQ
Mainly Fact,UCvDiPRecJpyppOZ6MSwqGYg
Vorobey,UCvSfxFYLFImHcmi9BQMwKQw
The Stupendium,UCvbc2N6biTMUDFE_b79TPbw
al1,UCvixGcp-7KFTpbnIGkedYCw
rekrap2,UCvt0HYxX34vUvqu66HLXeUw
IGoByLotsOfNames,UCvwFAruyd5WGqi9qUoB91_g
lukeafk,UCw1KJiZ0M85ehyEKcbjN_nQ
LazarBeam,UCw1SQ6QRRtfAhrN_cjkrOgA
Redshell,UCw38-8_Ibv_L6hlKChHO9dQ
Daily Mail World,UCw3fku0sH3qA3c3pZeJwdAw
Brendan Miller,UCwKvgFP7gsNdlBQWOXq_fIg
BrightSaurus,UCwaJDmR0XaZlVA5aJNTnagA
ScriptKid,UCwhWV4r7e6J5TjvYjA4ccng
Insider Food,UCwiTOchWeKjrJZw7S1H__1g
JackSucksAtStuff,UCxLIJccyaRQDeyu6RzUsPuw
No Text To Speech,UCxaaULLk6UCnRl5VKRc7G0A
Jet Lag: The Game,UCxkM67T_Iele-mRVUiBkRqg
Marblr,UCxq5GS5pcR0SNazjC3qYQSQ
KreekCraft,UCxsk7hqE_CwZWGEJEkGanbA
Brux,UCxuAWlvSGhAM6aUY7-T5rJQ
FeedbackIRL,UCy0ysBweWNp76KG8xg1lKzg
J.J. McCullough,UCyhOl6uRlxryALlT5yifldw
Ludwin,UCz6XquIbM5OcfK7r3hQQCXA
Dylan Page,UCzPpbeK8ANcNKg5aoMB0miw
SMii7Y,UCzXwjTI6c6mVn6oui_p6oiw
Gungnir,UCzYkMlFTQxQlRvVPLezP1kA
