Hearts Of Iron IV,UC-Jqx-UvWJrQ_TiVZjI0m7w
Conoce a Arnold,UC07DLXbOs9JK3aUZhNYtE9g
KillerCreeper55 - Minecraft,UC1_aBBbg4vzI_Y8QAolPcCA
Nate Gentile,UC36xmz34q02JYaZYKrMwXng
Qué pasaría si - What If Español,UC5BW1w7JyJW3r8rpR3BhqKA
Allen,UC6VmhQK81et9ytEXLYvbcEg
M4TCEL,UC7nqHeYfbC5LfpZNqvcJkRw
Farfadox,UC9_krwU8wTPCZRKaf34QnPw
La Piña Kawaii,UC9n8N8u98RVbhOTTjXpyR5A
Helados Roll,UCAFJxKnxL8rIdMyVcsoNcYA
Royer Rancio,UCAVu7idkyPI1-Ze8_bv-WqA
Mario Lescano,UCAeGSE6L4MjaysAO5Rszv7g
LoreDad,UCBLYapZYrBHlxY9_onANYmA
Krieggerz,UCEXjqo6iqrY8ZfOXJeMvG2g
The Fire Rises,UCF40FZGPLhn2ti-qsgA3jGw
Possible History,UCGQNwLGt7oFYC7XpUNqqSQg
VolkZeit,UCIYm6jeWI1E2mBibSZ1KYlw
Stainless Productions,UCIwO_A4DbbFvzkiHCXpGTXw
Spaceflight Simulator Spain,UCJPnv4pjTA6z1kwWdNa3F1A
Prizo,UCJgMCvNaotIj2gB63YMEI6A
SoKrispyMedia,UCKo61AAaRD00ibCWJZ321MQ
Peri & Pai,UCL0QbLmGS4li3u1F3VaYQJA
LuLYeah,UCMdVacSOgVTjrRiRU1D1RTg
Nico Core Games,UCMrCa3f7sTgVOcB-JGa4l4w
ArmataZ,UCN-YIlIOgbvzLVdVKllj93w
Ima great person,UCO55gcAOngtuQWmne4MH88Q
VIVIENDO CON MAX,UCO8XyrXEQibkIBiP_6RSeRw
Wine XD,UCP2nIE2r-0oI7cgFrytS6hA
MoscowMapper,UCP496Nt3Xpt1qFdrd1t2faw
Date un Vlog,UCQX_MZRCaluNKxkywkLEgfA
MetaBallStudios,UCQwFuQLnLocj5F7ZcmcuWYQ
HandOfWar,UCSWsxZgvKRKVbMeKialKlsQ
Harry101UK,UCUJXm3LMFLSEe_A2IBf8GwQ
Gona89,UCVrrU-Z0cxcVIX9uq40LoqA
Tsar V,UCXMSs1Ewu1cMge2IcM7Ns1g
Zico Tops,UCXoPy1Q1G39fCemCMAmiorQ
Rewriting History,UCYf-oo-ULlXA_Cpz1rGFvMA
Rammstein Official,UCYp3rk70ACGXQ4gFAiMr1SQ
Miauna Zuche,UCZJQ5zRKAT78gPzTNS8tOHQ
Derker Bluer,UC_tRlGgQLi5nw0jz9KAdaJw
Chiches Extra,UCaE1N_0HgTa3cFSlBVaP_sA
HoI4 Timelapse,UCaEL4gFhnyuSUFb0W2B6LhA
Jir Mirza ,UCbneBmvJbTF5WN-jyarVUoQ
GodOfCoffee,UCdiSK7nKN_dWZnJqIH0ZFIw
Fulltwo,UCdnQE2qGdI2gd0MdqYQLfXw
Kaisertum Cinema,UCdoMwimDodEj69D-m1ABqjw
Lucas Let's Plays,UCelMlpAD0W_8pICW9JJ7YrQ
ElRichMC X,UCg3h1C6DOlkRkvQJi796atQ
Chiches,UCj7dwfhIeObuIlpktOy3tPQ
Sabaton,UCjQhd1APsd5NQhiVZV7GYzg
Project Borealis,UCk8l6-02Nui9gbdfc1aL6Uw
iSorrowproductions,UCmKdqsvmV6e7Pwy7N2PMnnA
La Cocina Del Pirata,UCmkj-Yx7IhPCYar95cRvVJQ
Date un Voltio,UCns-8DssCBba7M4nu7wk7Aw
Rulombot,UCnxyBZt2-HMqM6vdpSG_ZOQ
Baimon,UCpDtXMfW--sSr3dZ0U7b_iA
FFran Gomez,UCpNw4T60BlOSUJltOrIn8YA
SwinceBall,UCqSl9EYLGN8okNaavs7kmVQ
BeliTube,UCqX5K5URuDuf-ZQTvLDXGjg
Cuby,UCsB1iUrIcnNZ9pUAHs3oArQ
ElRichMC - Minecraft & Gaming a otro nivel,UCvnNkJsbONVhdXuHY_LpsdA
TheProphet,UCw5OZjxWeg-wVeM53IJ6FVw
Unraveling History,UCxIBZ-nQhgZES3UaTm8eDPA
