N.O.E. εnNOEiται,UC--wbFiVGC3lr5xKz6ZQ27w
"MOVED to ""user/KaizokuOniAMVMaker"" subscribe on my new",UC-CDR36vxevjXEvKtxivfWQ
Antony Giant,UC-ThH1QSVUeWwYG5NNgCWuw
Unknown5,UC-aJFR1Br26zYgtkvOZuIlA
Phenomenon309,UC-nhn7kJwqucPsbsMYapPVA
Justin Timberlake,UC-y8ci7xfsu4L3zkSuHae0A
Gaztransport & Technigaz (GTT),UC01KVs037peI4Yrc5RVNdxg
Young HistorianGr,UC05mW6vR3eMsoiCcCbh15OA
50 Cent,UC0sL86jDLgs2fGRD-XBnPQA
Greekonomics,UC1KjWRBCUGvxDkrhu_-UBWg
I AM HIP HOP,UC1L7llruQjolIaYnJzYxvhw
ESG,UC1jTdp2MsQHUcdaNyHVpC9w
EminemMusic,UC20vb-R_px4CguHzzBPhoyQ
Λόγος Τιμής (Logos Timis) OFFICIAL,UC28fjGJtk4N0GsWnz9Du0EA
Cryptorama,UC2APLHMCVe9n-ngUWtTOwug
ArtemiosNeorhapsody,UC2LajDkOLlVLHxmAHbq8Grg
TA Outdoors,UC2SMpy2oZV6BoyJEYShw9bw
StixoimaOfficial,UC2ajJ6QEg7BzykF4yqZXAyQ
Closed channel,UC2cmPatPbtmesVqo8r_Y58A
Maro95,UC2gLkrGFT4yKWajVTs840gw
Ellines Nakama,UC2gldw3RToEHff3eYyn_esg
Αυξημένες Δόσεις (iD),UC2j8xKiAe_1DwaAzf3sTiiA
Jerry Purpdrank,UC2mZorVGqET0P6mU929PrEQ
Nick Pamp.,UC2sZ_1igKen93sAxks98yTw
TheNightquest,UC35xR2JWxLg0pN_pzVt9dwQ
GetGreekMusic,UC38bDqQZJEcta8HmAHwQGgA
Greek_Culture,UC3VxHb2XqVa_Y7RVcc3er3Q
NEMESIS HD,UC3WqKucDEYawNf9tu5tleHw
YoungBuckVEVO,UC3jMMMA5SH3DIkOOOb1HcPA
BlazeeSoul,UC3oVBShFzPF394ruGdfG2Cg
whycreate,UC3pkHajeRX1WUtth4XSFPbg
Two Steps From Hell,UC3swwxiALG5c0Tvom83tPGg
Η ΜΟΥΡΓΑ,UC41QHPrt2i-06z2kmxZHnSQ
loosecontroiPL,UC4ebX0oF0LEukIO5yFweycQ
DanParthenis,UC4gYJrvWQ8sNCKqe5xdknaw
Bitt3rSteel,UC4tWW-toq9KKo-HL3S8D23A
mcspotlights,UC58d8ARCBI1ihewNbPWS1KQ
Bosporus's Timelapse,UC5Moj0b9rRhNBjfHsvxV9sw
SmooreMC85,UC5X_geWaMfbmc9-jmAUX4Ew
MrSuicideSheep,UC5nc_ZtjKW1htCVZVRxlQAQ
Trap City,UC65afEgL62PGFWXY7n6CUbA
Blacktail Studio,UC6I0KzAD7uFTL1qzxyunkvA
TheBestAMVsOfAllTime,UC6S81Ox7_peyOW74BvVTXYA
Myazui,UC6r7ImihRGxItUJxB5sXd7g
mbirdtraining,UC6xUKNWGlU_5zSZoWWPnyCw
How to pronounce in Greek,UC748lALEMfu1ynU2pPaOWgg
Official COB,UC74muG11VBCEV7OMstKHLOQ
Rizzle Kicks,UC7HVSLzF6Wm8GlH9Z3yLm1Q
Omorfo Studio,UC7HoqD61MI3LrfCtQHYtj7g
xXTheMarciXx,UC7PVZzYvXYadfiUKz4lq8Vw
PiratesDreamStudio,UC7ZwNXWHqLXlbKc7MrQlQpQ
Aculite,UC7bxtst_qd-STxMecToKJDw
M4VER1CK Production,UC7dulAGtmuORMR9uthLWh3Q
UsefulCharts,UC7o-UFkoAPCoKxpKOfrs4zQ
12os Pithikos,UC8J0vy5x7scOm6itUxWH8gg
Anser,UC8JKFsPVhwV2pGcqGWALyVg
Rap Nation,UC8QfB1wbfrNwNFHQxfyNJsw
history side ,UC8Vzm3XgLwShDSZTYrZQ8Lg
BlackStarZtudio,UC8cjyJWeuIADFSLzIjdTktw
AmaiMizu Amvs,UC8gt-Kd8Xg0YrO1WFu6eY_w
Διπλωματία και Πόλεμος,UC8lXWl1rU5eHdoKPsFCHgEg
Zirq,UC8xbOo7Ix71AKkzq5uGb3XA
50 Cent,UC8zJedg1f4sKnyuHWeS6vyw
HollowBeing,UC95Yqy6c3hZN3who-_WABrQ
Άκης Πετρετζίκης,UC9DGkZrmvWPk-yqLawxTcfQ
World Of Lapar,UC9zm8wkjL4WSpd9V5OCnP8w
Primitive Technology,UCAL3JXZSzSm8AlZyD3nQdBA
The Mythologist,UCAT1UxeW3AipHvLIU8PRUXQ
diaNEOsis,UCAmlywA9DomFUHvP2vhGGcQ
maria diamanti,UCAwtqEuNx2J_h9jci41k_rg
One Phoenix,UCAylSUxPSp-BnNzX3Ag-ufw
StoryAMV,UCBbzf5vyjO_WmPP9TrTsxuA
BIG BROTHER,UCBdyB7YOS2D7lk_Bz9UQ8XA
Vik,UCBeqiXc0A1vrjNtYJidqfyg
G-Eazy,UCBkNpeyvBO2TdPGVC_PsPUA
Timbaland,UCC3zgQZssIUMPZEYZWaqvbg
Sir Strategy,UCC8BGEsYJpSIxkzN69YP7Vg
Mystery History,UCC9JHVPm-4P5QDp9vk8EH-A
Devil Designs™ | Der Bayerische Lausbub ツ,UCCHM-UicdOZoplacjDW7UiA
Z3B [Lorokin],UCCROZ6SoyLKC8x7YI4jNdaw
StaSmaxat,UCD2yrRIqMFNEeOYZcsFx3bw
Stream Movie Trailers,UCDAxJFE1o6uD0YIQXt1jQ6g
TheBestAMVsOfAllTime,UCDNC9xvnTFgbFePXvW_NXew
Method Man,UCDP3pzdWHiMFZYxntz8zAvw
Αυτοκράτωρ Κοντοπίδης,UCDXXnXW4tvdx7TCYfDUzk9Q
StrikerAMVs,UCE1x8bL4c6sDJkGS-W8u_4Q
DarkRavenHD,UCErnJNYhyVVY6k30dxuAcAA
Z-Nation FFS,UCF3TYCwHDq9-tfAfGFpgicw
FutureCanoe,UCF3jMqkgvFRb6KBbSfsFFtQ
GEOPOLITIKI,UCFDC0dT0jlIpptz9XDjn9yw
Money laundering ,UCFkwPmpQkgPi3XFM6INp_aQ
stakuyi,UCG70W3nzRJ2ILbL8orxkBJQ
Ken Editsss,UCGRIkR92xFRlB6wZRvkSCQg
mycomics GR,UCGc3M8L9GdpZKx4ZFYd7oRg
ΜΥΚΟΝΙΑΤΗΣ,UCGfNd3MQnV1w7FHr42EGd0Q
Interscope Records,UCGgf_k1y-_d-4Eh922iCCJg
FOOD VIDEOs,UCGzANiyUCCzINpK0PjmUAWQ
Taureor,UCHCpQDg3KW3PODwTHE-lu6g
Kingtot,UCHPHZrV1KY84K9HT8Xk8cTQ
Black Morris,UCHautTFgiJVQeVKO_nHMRmQ
Top 5 Unknowns,UCHgI_MItRWEKLX7lKz7Xn0g
Reapers Gaming Team,UCHl_L8Hg1Ili3H8nuvPaHmw
Ασυμβίβαστοι Έλληνες,UCHpb5RO2k-Yrd08mksunG2w
XxtheShaMaNxX,UCHq3im2Si9iUS3z1PJ8gWaA
iShiny,UCHqTiiBE1Wd0r5Dh4Prq2fg
SianAnime&Manga,UCIFkIpxp6DJcAaZCQg32ryQ
Μανωλης Καγιαλογλου,UCIIDmuI_PF91hXzFEnTkezw
Sándor Siket,UCIPh6JQSnvs2hh9Ewbab64g
Corazon,UCIhsyAyNovz2437sTyFzUpw
MrOnepiecevideo,UCIjEXU3VkSwuOefIxXO8pug
ElectroBOOM,UCJ0-OtVpF0wOKEqT2Z1HEtA
Gaming_uin,UCJ00aKecAplTEgv6QPmRfeQ
Babish Culinary Universe,UCJHA_jMfCvEnv-3kRjTCQXw
ΣΑΝΤΑΜ,UCJJR_Twz2AliJbZWz7ab7Dg
Александр Тихомиров,UCJcqwL-7Xaw_8b9w1MW7uJQ
IndexSe7en,UCJrQNPr2tzF84XNMsE9AYig
GreenSlug,UCK2cMs1gVFr8UuWFXds4xpQ
Syntagma,UCK6sIU1Sb0jaIXzNWmcDmnQ
FuunnyBooy,UCKAo4YNjR1VeMQaCSxeerLg
OnePieceStudios,UCKHec_kwg26zr0q9B7T32tw
Defense Updates,UCKNCbBWiMiXBVXUmUuu_dsQ
TGN Star Wars,UCKVtW8ExxO21F2sNLtwrq_w
Konstantinos Karalis,UCKxbs8tlNKVHF_k7YZsoTlQ
IGN,UCKy1dAqELo0zrOtPkf0eTMw
Vologda Mapping,UCL55Isj2TNlr9ur5vK0oa-A
Τ.Γ.Κ.,UCLNpiZTixixy47tdPirjMDw
Robin Schulz,UCLVVBWrp9jw4-SYUoU42hcg
Cookpad Greece,UCLWhAj2tJDI-tOL9BMzCiaQ
Netwix,UCLexrmd9Dn8SnzdsZZcavYQ
TheSchlandover,UCLhOdANJ3FIHsl9ScXqJMPA
"Sports, History & Gaming ",UCLn9qE4VFe-bdjVXrEczNLg
Booyah TV,UCLufUA5bVH7i0Hv4F96mT_Q
RaiwashiSP,UCM4PhpRLdQq3STvDW-K4irg
Videntis,UCM9eAlHP2-IWgIQal3oVa7w
SouthCentralChannel,UCMZgyyLhyU0df6ascNEU38w
Gionatan Nigra,UCMf50PhUN9K5goo95udd-CQ
requiemofanime,UCMlLQHrZRL-X8kgDQFmYLQQ
Kings and Generals,UCMmaBzfCCwZ2KqaBJjkj0fw
Xzibit,UCMqLx2g4eAN3_gJ2qefQ0Xg
ERB,UCMu5gPmKp5av0QCAajKTMhw
Nick DiGiovanni,UCMyOj6fhvKFMjxUCp3b_3gA
Circus Records,UCN3Qs8QcRcNmn7W-0WHAqgA
Πολεμική Αεροπορία | Hellenic Air Force,UCNBbcYFWdJASJj819AoQ53w
TappBrothers,UCNCtWKts-e2hhF-_ojm7zUQ
TheBakanimationz,UCNFaIHFQvjxDI6O-Df6tPLA
AWE me,UCNKcMBYP_-18FLgk4BYGtfw
Sourestar,UCNfWkfJSO9usCCYXlvvqkSg
steve sotos,UCNrSUhVj25SNdoXEQDMecrQ
Practical Thinking,UCNzIt2rpwadPI7p94XvLkuA
XLukingearX,UCO0b6bGR86Llw1J5afOeFIw
fern,UCODHrzPMGbNv67e84WDZhQQ
Luben TV,UCOXgW2DaRkuyDlOf96ffhmg
Mpar Mpee Kiou,UCOoAgcyIJQt2MJC6EwL9xjA
ΜΟΥΣΙΚΟΙ ΙΣΟΒΙΤΕΣ,UCOpo2vzX3klp2EzOFeuOU8w
Tabwire,UCP9MrgHeBsas-89RdmGZoww
WaitWhat,UCPJBRGWn1gd75TBjrYAEt2g
Uncovered,UCPZiqlNI3RLyF47QTdq93GQ
xXxDamageProxXx,UCPayW2ufWyoORKs1Y_mGHog
Zack Hemsey,UCPc4C2RquK_0xZEvtiDjA9A
Jadow,UCPzRT1nmAApoFrcXCn3CsRg
Suibhne,UCQD-0MjUbDBwm2UTVYr0Dag
Βέβηλος,UCQOWb4nswdKInooXyIJ6nvQ
OneBrunou,UCQR09vSKdAu2HA_fKpm_VLA
Popular on YouTube - Greece,UCQTfjU2xbEFaj9gOVzWD_vg
Καθημερινή Φυσική,UCQXxfC5_Wvlx-eywB9EmaMw
Δίκτυο Έρευνας & Κριτικής Σκέψης,UCQcva-qWD_G6DXGB5tb8b9g
Faction Leader,UCQjdpGopTdsWxvRRTA5sq2A
MetaBallStudios,UCQwFuQLnLocj5F7ZcmcuWYQ
Dark5,UCRQebyNJm9YRyO5h0eWEVhw
sokar9169,UCRT-mqoZEUSS6LygoVs9mjg
LEMMiNO,UCRcgy6GzDeccI7dkbbBna3Q
Ευθύμης Έψιλον (Efthimis Epsilon),UCSW_XY9NwRSyTN47LDXM-AA
Liquicity,UCSXm6c-n6lsjtyjvdD0bFVw
loosecontroi TUT (loosecontroiTUT),UCSYuD527PEfn493DbO4-Y0A
Roron0aPNS,UCSuYr83OismSDfMiUydlbOw
VIDEOHUB,UCT8ki44uXsJC8YMoc1TKD4Q
Talltanic,UCTTQAOiR_0DuyQPZ6Dg-LHA
Vallvor Nr.2,UCTeNmhX_pGPlXK3Zjlw1wvA
Giorgos Tsoulis,UCU9135F98hcvFrlDwvK98zQ
NinjaCakeAssassin,UCUJexeVabymyw7G-rxdjUDw
MEZERG,UCUaQxmkh81tJAWrreHe3CJg
Vujo Gaming,UCUfx0U95wFlMW83wUsA2Jpw
xM4veR1cK,UCUpNeMj-d2g2WqKrt_Rdl4w
AlmazanKitchen,UCVVAnxQ2YMC_qlc7QfPA2YQ
ShadyCollabs,UCV_CwDiuO2vhaR1E2OUv3Uw
Defence and Geostrategy,UCW-aVc4fLGKbjoQDfk7pAZQ
04kurosakiichigo,UCWEwL3Payr7WcSmReUtx7WQ
RestInProof,UCWLbTk56SGmghca7zoxzmdw
TDC,UCWQ9ZFFhEqUZ0r1IspnBm6Q
Ryan Paquette,UCWsnHOniQz8znhB_fK0sKkg
ArtChanAMV,UCX0Ey-6y0_MDLs1nloQCD7A
YonkoProductionsHD,UCX5RrB4xAxqJHI_Sz16ksOQ
SniperPro23,UCXqdLFGGqn8jOxe3Kk_qkgg
Eversor - Topic,UCXsBp4-Xssgh6pbKvJONUcA
DeNYuNg89,UCY0gG3L-H2bxAz2i_65d4vw
MissTitannia,UCY7TP0f7OqL7Dj1WzPBCG3w
ΜΕΛΙSSES,UCYKwguxNV_UP9d9vqGbRwQA
ＡＴ 7,UCYXN4KHb5ThEH2nXgybTtRw
SurrealBeliefs,UCZ8Snmb6OD-GhiyNjsDUMqw
Linkin Park,UCZU9T1ceaOgwfLRq7OKFU4Q
OneWorldHD,UC_e0ql2jUdKYDK0qrJ3WLKQ
MarleyThirteen,UC_fZLqtcURWcUPeGJATPE5Q
Synonymous,UC_ftljppVQd7pwEpn4fejPA
BulletGamingLab,UC_nh8EcgUM45GHT77qPNntQ
YonkouProductions,UC_qIEVFAbxtHaDzM9hHqyBg
stayros gioylekas,UC_tN6MihWqDGwQoTBeJxfog
Trap Nation,UCa10nxShhzNrCE1o2ZOPztg
TrapMusicHDTV,UCaB_KyYOjfNHBm0f-TvBmiw
Αντιθέσεις στην ΚΡΗΤΗ TV,UCaR9ZClw2irsJ8RMm31KNvA
Felu - Fit by cooking,UCanFJj7l5LIdEsxlJVK0c5g
Ιωσήφ Παπαδόπουλος,UCb14JYkSM46c3dXfLhAxVyQ
Snow Tha Product,UCb934vQ6fg1JZQKvkCQ_j-Q
Lil CringeTV,UCbAe4YBesnDm1LurddKg7qQ
Yiannis Lucacos,UCbK7i-PotInIjVHhMxM25gA
StaventoTv,UCbbVtWqZuGKtpgYecF5JC4w
Undogmatic,UCblKX3q2g7RF0GjDCjEiqtw
TheMauo23,UCbuM_8I8PP_YsVTaVd3R9UA
Machinima,UCcMTZY1rFXO3Rj44D5VMyiw
Akis Petretzikis,UCcbNHNmULeU1OoNylpPIRQQ
Phoenix Projects,UCcvZc9oPq0iYDEzEVSoNEzQ
Xzibit,UCd2jm7IvcVOKFrItXjKQsbA
YugzAMVs,UCd4AF0yceq1ue2m_fDp4scQ
Wu-Tang Clan,UCdQKMtGgbbahJWE3rkPaGoA
SA Wardega,UCdZwMpK-iWqCos46xPscDeg
Matchcat Productions,UCdwsrtbCiwCvrgM1uKyajUA
Step Up Movie,UCe6_HAIg7aiCP3BQ6vFJV4Q
The Last Flame,UCeNgN5BPQpiFvuWPHtKbaMg
Grill philosophy,UCeQ2hjsfJWbQgLpUBG4r9yw
maxvonundzu2,UCelyTQAtFkARUZrwvezWUug
Spicy Official,UCfI9qmipPq3QW39vO1i5YAQ
UKF Dubstep,UCfLFTP1uTuIizynWsZq2nkQ
BZStudios,UCfLPHsiJ6jN_8EkaoT-4-QQ
EminemMusic,UCfM3zsQsOnfWNUppiycmBuw
The Infographics Show,UCfdNM3NAhaBOXCafH7krzrA
ΤΡΙ.Π.Α. ΚΡΟΥ,UCflp8Yj3V1CeFdvk38f6W8g
NukeSnippets,UCfu9B8R1uex_7Ckq8gF4b8w
Welyn,UCg4XK-l40KZD7fLi12pJ1YA
kofo,UCgAe3Eo-Jm4VlKnBQzYQuiQ
zoltantribe,UCgNWGpiVNM0B2FGops0BwhA
xDestinyShadowx,UCghq-KcwXT69kclVLb3GjBQ
FeedBackGaming,UCh8GAqXvXDgQPJxvwTWoXug
PirateKing AMVs,UChJcJfsIukDrcMszt2ixUFQ
Artur - The Library of Ohara,UChbPNYQcJKpSERQZWA9BOqA
No Strings Prd,UChmuggXW2LAtSvbRZyulK9A
Trap Music Now,UCi2bIyFtz-JdI-ou8kaqsqg
foodiechina888,UCi7zS5d6V1QrckBPmPzROwg
Rotten Tomatoes Trailers,UCi8e0iOVk1fEOogdfu4YgfA
StaventoTv,UCi9amt4KQF6Pb2Es2ObciLA
SpookyByte,UCiCXcFg43ji3JMBvV1P_4pw
PaoloMessiChannel,UCiEA_2vCwyHR1TTN3u-iJxA
Σκληροί Καριόληδες της Ιστορίας,UCiIPiiSSWfLEztgkK0M4uNg
ComedyLab GR,UCiOkLGlj4azqep3O_J0wLkw
ImminentStorm,UCiRj4lzPLY0xTrgS8VSqpPg
Titohmizo-Epic-AMVs,UCiTg0HFtkKJnj5CcJwIbM1g
Post Tenebras,UCidp7LFDVjd41pMWyTYuUCg
Versus Music Official,UCigSgBzRaVs1xGuCEEwzuZA
Hoog,UCii9ezsUa_mBiSdw0PtSOaw
GregzAnimationz1,UCit-ZcJIUWJHvMtZovFa0TA
mastersebiX,UCityCBF8JoQve3psUAvFXTQ
Αϋπνία,UCjAwOeaiDu9MJ874tJbqNpA
Ostrogrodsky,UCjgeS_2Y8d6cOUaOPoYXBrA
G-Eazy,UCjjC1Jk_1o1VWpLalgo21XQ
Warner Bros.,UCjmJDM5pRKbUlVIzDYYWb6g
CryptoCapitalist Greece,UCkLGxNtp2w4CMtrnYMuc8Kg
Άκου να δεις!,UCkPSTza0YJv9SrTqRBRZGFQ
Vis_G,UCkZKl6TFRQCwiuXVrYGoGAA
TommyKay,UCl-9FxBYUjsIsC_FASvhymw
Wu-Tang Clan,UCl0q_XqiWDMA-Q9SzUO3y-Q
Dark Docs,UCl3SuH2Ue044b7ACX1syk4A
KrhtikhKritikh,UClAmJSG50JzamnmlnbghaQA
Aendams,UClC1tZIckQqdZrBq3e--YGQ
War Maps,UClRdPI_hm5DIl1G1SNh9oMQ
"MOVED TO ""user/KaizokuOniAMVMaker"" Sub on my new",UClZ-9uQ7K8rP5zcLYGSJCag
AlternateHistoryHub,UClfEht64_NrzHf8Y0slKEjw
necco-fex,UCli9cdkaK0VXe_fHWHmdsdg
LeStefano,UCliU5L-YWT2rSUpp10pt8lQ
Method Man,UClsmea6T_IrOqTI-DOwso5g
World Unearthed,UClvg5wWCOAQseM1P64wOHOA
Moon,UCmFeOdJI3IXgTBDzqBLD8qg
Rémi GAILLARD,UCmPSwsooZq8an7xOLQQhAdw
LucioleAMV,UCmTZgMKZcL4Lg8H2-8McOBg
Roké,UCmXW8woIty24RER4Rqs9FQg
ΕΛΛΗΝΙΚΟ ΑΠΟΒΛΑΚΩΤΗΡΙΟ,UCmp26OvTPFPFuALCRq_ONzA
RapMusicHD,UCn-ibDkEUZnToED36Azm1Xw
Alexandros Kondopidis,UCnJnnEztMhpBEZaVORLriFg
AFEZZ aka Άνθρωπος Φανκ Είμαι,UCnLsmZdSiu5DCiXOEGxQNtg
paraplanisi,UCnSxZsOFt6jAdIgeGcAXXzg
Baal Prime,UCnYPexCwdzDlPpYgUTcNJIQ
SplinTer,UCnvFAq1h6ZQqE48Duah8wPA
Beats Pliz,UCo2DtBC_pLbzfCzk6fsuWqw
KAIZO,UCoF9x14sySSHG4wEycZBP2A
PigeonPoopTV,UCoP5sSrpVbiAKkpGXv3cjhg
The Crypto Capitalist,UCohpjh_bmGmQGUIpFpirLtA
2WEI,UCotdjDQV_MX5nUvrkkAlbbQ
Shroud,UCoz3Kpu5lv-ALhR4h9bDvcw
Ntreik96,UCpLEk5vyBXQHf5hPOh_JzhQ
Το οδοιπορικόν-The Wayfarers,UCpLErpjhSAEyYf5dDWOokDg
Top Lists,UCpOlCpYDCelxVJWtbZsYOmQ
Games4Kickz,UCpUd5vf6lvW9XeJkTTR8UGw
Sky Bass,UCpXbwekw4ySNHGt26aAKvHQ
salono123,UCp_NJiLQSz9YKwYrl1bnh_g
Votegreece.gr,UCpull4VAOxyPd3C1k7ooURQ
TheEaters_gr,UCpvLzxnFjXHgXgyw_znaW5g
Lucas King,UCq52MbjRULLbjRPvxM7FwZg
Giano182,UCqBaatBBo6qW1C1hneu570Q
Yung Piç,UCqC_T3lUZvla4gNxaaq3HQg
SwinceBall,UCqSl9EYLGN8okNaavs7kmVQ
Owen Han,UCqjhMGh3fQ7-9xoUJkWNxXQ
THENX,UCqjwF8rxRsotnojGl4gM0Zw
One Piece Japanese Material,UCqmJ4zy_1HrtR2B1Kjpd8iA
T,UCqniLcGmtiYE6k3N_v74uAw
Timbaland,UCrHeROKlt3iOzhZHRV2oYkg
Chillcloud,UCrWnh50mVY2Ctwi6CQ7JldQ
Above The Hood,UCrmIiK8WC-9S4vQFyWyZTFQ
Zizou Bahri,UCrv4T7d3NdOMl_z1Laa6XvQ
The Mad Scientist,UCsV_xDVe9DUY7xXq0rezB9g
Kurzgesagt – In a Nutshell,UCsXVk37bltHxD1rDPwtNM8Q
Justin Timberlake,UCsXfDf1CDgU3SCt0gxJNXGg
HighFocusTV,UCsdSVUYgClqB4zGU_yfQSAw
Rack “Up” Vinyls,UCt6s8-eEiPO4_L05WE7Cttg
Frost,UCtQ3NfmlxDDWyhfxxgOsJhA
CrossFit,UCtcQ6TPwXAYgZ1Mcl3M1vng
kouzina tis giagias,UCtcvJt_aqn-r_Biallrs0Hw
Anser,UCtlJcPWvqTQjgAzkmaUykCg
Silvers Rayleigh,UCtx2w-V0K1Je4OotFZu-COQ
OTTO,UCuRFhtmIkoKbfR9icanzUNg
Rag'n'Bone Man,UCuRwdG_2dvII6VaJPppXqAw
Wonder Productions,UCuU8mBXSg4eizz7W4sy-WfA
MagicDarkLight,UCuUTQefiYS0TWYPMtkZdqAQ
GionTeL AMV,UCux8q5Oye8pd449xZ_Zl9Ng
Maximus Haki,UCvF7cMqzhGQMPvU2jzHE_8w
loosecontroI,UCvjIlrU1ibWs0tU4XjKmpqQ
Slapped Ham,UCw4ccFtBN7dhQBcHmE0qylg
Voreia Asteria Official,UCwDaLhQj5TsZ-FeBInOOdfw
TheAMVjunkie1,UCwVMWb042ssCeMzRKKzxwfw
Secession Studios,UCwd8uu2mtJUgHYRffUl2yPQ
DM Pranks,UCwrfRCqA9wvqp9zCvzLl6Sw
RedDome1995,UCx366iol65v1vE9ThQDj6FQ
Taijutsu115,UCxChoAAtnGB9M1EhbUyAmZg
masterjohannes97,UCxKWI9c73zPRwhuA8PbpAjw
Lex - Topic,UCxLoixBanyv8VNELwtnPszg
DnManumont,UCxMKFmk5y3YyjdRNMwDN_Tg
Salmo Official,UCxPh2QJU5qTvOqxnOPTBskw
Thallasin,UCxc5_fYw34NK14Ori6jffkA
Λόγος Τιμής (Logos Timis) OFFICIAL,UCxxmj_aJ6EGeXC_EvpxR20A
Markos Seferlis,UCy67kUJlbfrJ6aNkEhMVyig
Φραγκούλης Φράγκος,UCy8DYgr4buqBrgD8tygIpJw
EDITOR,UCyB7-Gz6gdMialwhYH_AzdQ
e[L].G,UCyM0xsebq1QWdAmy8lQNHkA
Voicians,UCyQUWqp2sbO7rj8oQSk9a3A
DOF TWOGEE,UCye7XkgZKxLdk9ID_P1ynog
Ιστορικόν Αρχείον,UCywgI0UirpBVR2dB9_eTEvA
Alberigo Skera,UCyzBeYICGLztrhYKjPJ7Sag
Dariusz Sobotka,UCzbDmZHcdYNpHzTJo7ZPiCg
New World AMVz,UCzbKcx0SwL-v-ZJVYwsPopw
COACH,UCzvfXpUR1hbpu0G5E9DLUww
