decayingmidwest,UC-0LmMzjDI7CurtFFBUrvHQ
Jeff Lindblom,UC-2nVSDrEe3XBo_WbI0tbuw
Honest 2 Betsy,UC-73MfEOSSqFkVLw_lE1xTw
Tyrecordslol,UC-A2WBfHTnWkhNvehNo-MaA
itsRucka,UC-B2LyEZcl3avG0coKeohGQ
ReidBoehm,UC-JWdrbVdIkk7_gBxfZX2yA
Hearts Of Iron IV,UC-Jqx-UvWJrQ_TiVZjI0m7w
@‚óèEclipseùêòùêì‚óè,UC-Q14nSLbmZO-kI5ZG49ZXw
Miniminuteman,UC-SrCCzkGq0wmSAuRs7EBFg
Dugg abrugar,UC-XzEtV-A6w2f1FSHRK1qBg
The Theorizer,UC-btPIh4KalPw3hZxcB4zww
JOKER X ANIME,UC-jqboJccHK1vP0aPPeQPaQ
PewDiePie,UC-lHJZR3Gqxm24_Vd_AJ5Yw
TLDR News Global,UC-uhvujip5deVcEtLxnW8qg
Kleyko,UC-vYZTotk-U8DeP4p2RbhIw
Blind Surfer Pete Gustin,UC-zD0q7ryv_OWPB_xEwJJIQ
InVisibleWorld by David Baldo,UC01qVsvrs4eSt-EsijGBp0g
Danny_Productions,UC03q0x4Lcl4fkmqBuDYniqg
Cheddar,UC04KsGq3npibMCE9Td3mVDg
IdkSterling,UC0GbKJaeEN9k5CG1NLbN6Ow
Taiwanese countryball,UC0HYuZcnxBW4YJb2sadXc0w
Luis Urrutia,UC0Pa0bQ0LU-NL1v-B1Eg3lQ
OHIOBOSS SATOYU,UC0XwmKYoAkybFU8lw4veZrw
Shoe0nHead,UC0aanx5rpr7D1M7KCFYzrLQ
ExtinctZoo ,UC0ggS8bt4v7NiZpDfGqNpZQ
Not Just Bikes,UC0intLFzLaudFG-xAvUEO-A
nadenrowe1,UC0t18htHyRJM_9-g6P_mHgw
Real Science,UC176GAQozKKjhz62H8u9vQQ
SpoonFedStudy,UC1Co9XZd52hiVrePGZ8qfoQ
NileBlue,UC1D3yD4wlPMico0dss264XA
Jonny Devaney,UC1G9pwKwx9RpFwSohdkmhxA
Insane Clown Posse,UC1kxQJwhVuZyheS1XKpzAHQ
MC Atlas,UC1pam-0lJ9vZ1CxTC8r_bXA
Old Jerstin,UC1piJz95jYDurfzed2M74AA
Minecraft,UC1sELGmy5jp5fQUugmuYlXQ
TP Urbex,UC1sS27245hinTyzuW4Szjaw
Nine,UC1vWd1YudC_8CLJxOGFzYEA
UnwholesomePenguin,UC1w2IG7oAXfgbLeY-3_RmVA
CGP Grey,UC2C_jShtL725hvbm1arSV9w
Sportsmonkey,UC2CetDoIdrjGj6RPWPDsNrA
GeeGee,UC2Po9mtWzbmk6gItkk1e_dQ
ZekeBob,UC2TCvH2ky9T3ccgY73czGqQ
History World: Educational,UC2WN1_e9YD_BDVqAE89inhg
IZ11Y,UC2a-ZCUHRAn9YqDrdx05Xag
Nasty Naz,UC2uQ0-wdGkBJab4PuRVOe5w
Chewkz,UC2z8HLrUbudYX_fTyLzpptw
Binate,UC2zgC3LozGaIfE3mNh7Pliw
Andrei Terbea,UC3iNdSV_RQU7DHTGpqEW96w
The Mannii Show,UC3iwxKMRg5l2aDG_8XK2nSQ
Drawn of History,UC3l6ot2f6E6hxOOfMA3uIPQ
Meme Zee,UC3mB75p33VLYk3nv2SOVrmw
ùì£ùì∏ùìπùìüùìµùì™ùîÇùîÉùì°ùìëùìß. ùìîùì≠ùì≤ùìΩùìº,UC3pGjyI1GE6vOlz-eonunxw
The Film Theorists,UC3sznuotAs2ohg_U__Jzj_Q
Czardus,UC4-XrrKerNIEkZhxISUChqA
Cleo Abram,UC415bOPUcGSamy543abLmRA
hartharmony,UC4BWc4rwl6O4o234BuOmsaQ
TAMU Physics & Astronomy,UC4BzfoDeAwqdNckkp0htOuQ
Puppy,UC4DJYCE_xxzVfXro0ghaLsg
Trust Me Bro,UC4GYgpgZzfMhYr9y6rs5O6Q
OpiumDraught,UC4HdQ75KmfClvHWOlfcuHuw
Kosovoball,UC4IlnhSMjWYl1e9jodj1LLA
REnthusiast,UC4Lw0E7364ib1ZYshyPUtGw
LsCraft,UC4Qw1uE9kwUI4cCAx9HZtxw
Local News International,UC4V84y8cUtthXhRzLKSly7A
Violin Guy,UC4YUMK5ygB3blN0161SHkkw
UFD Tech,UC4Z8mPYjn6Dhr6n531YDh0Q
Brickcraft10,UC4dsn2Bw97Rhens_GH6QHfA
DashPum4,UC4n18-2VOfPDIHB5BUTOtng
The Twenty-Two Mapping,UC4p-egZpUuPAtHw3ffqcztA
Speed McQueen 2,UC4sKyXS2iwJGWlvGKdDCLbQ
Bitt3rSteel,UC4tWW-toq9KKo-HL3S8D23A
raxdflipnote,UC4z8nBfrXuWWx3noqd1I5Xw
EggyMemes,UC5-fDFaqyB5ytZLfOSL-UWg
Jaiven Boss,UC50qv2_SqvtZ8LhbzsQ_liA
Simple History,UC510QYlOlKNyhy_zdQxnGYw
Brent Rivera,UC56D-IHcUvLVFTX_8NpQMXg
Think That Through,UC57gLBfdhN1zWMLmiW2Ya6Q
Hew Moran,UC59Ied2j88dZUw7PzJa2-YA
7-ElevenZ,UC5CMNWLupGXtuVGD00qEWPg
Whatifalthist,UC5Dw9TFdbPJoTDMSiJdIQTA
Ncraft,UC5SjVjNWrmc3qE__AIAC81g
Scroll World,UC5Wqi8yainB04caMKXTSr7A
dsand,UC5f7SMkMhIwMBAujIdt79zg
tophat,UC5gZ0BgsSoCP-ieyggwK9og
Bernard Albertson,UC5hWk56PCwg1D11kDgtMg_w
TommyInnit,UC5p_l5ZeB_wGjO_yDXwiqvw
Frantic Frames,UC5uewak1o_RlHbU_10iGliw
Nirami,UC5vK_xyMGgFmtOvS_DVcLMQ
CaseOh,UC63anZxfVGHUEmfBAf5w7pw
yip.animals,UC67Ht6TILzPQYQDRe5PfwPg
Son of a Bear: Foraging,UC68xQe4fiYln7j4sktE1ZpA
Carter duz stuff ,UC6Axz8679LqE0rzUTyfekqQ
Pro India,UC6KWFYR9IXRmtVpgenjtpcQ
briman2000,UC6NoEi4e96zIDXGWNZPdISg
im_kankan,UC6NuTYY7u-JFsWwImGe9m9Q
Jenny Hoyos,UC6YjT1TJaANveVGQ4vl1CIg
Jakeneutron,UC6_L7fnczNalFZyBthUE9oA
BChungus,UC6hTmuCnroRL_DTbKKUlYeg
Legendary Shots,UC6nJLzpsncQW4d88YrpZAsg
Vsauce,UC6nSFpj9HTCZ5t-N3Rm3-HA
JustSaySteven,UC6o-2R-A2uqGZTJs0h4tVQA
Bruv Shorts,UC6tR8wF79u5Ds4nj7-36QqA
√òMNI_EDITZ,UC6v9wwx30rZ_F9HdF3v0Pog
Circus Pomni,UC74i5l66_whKppJrq913EyQ
LuigiPie23,UC75xv453lQmbAbmkdHcu4eg
Sciencephile the AI,UC7BhHN8NyMMru2RUygnDXSg
Ma'i,UC7IN4P6Xc3W3z6Vvlvc2jBQ
Rachel Elizabeth Dare ,UC7LiqIO7lkplb59UsbZ7AMA
Winter Cuberüßä,UC7QNyKJhutvcnwxlDMUbdpg
Markiplier,UC7_YxT-KID8kRbqZo7MyscQ
SimplyTasha,UC8-qVif2ALGPs3C1yem7XLg
Jack Stone,UC82D5KfblrTinHHQb5gfqow
JLaservideo,UC89AgkG34oooZubVt23wzFw
Jack E,UC8DtXr-yoop98kbExCpxHew
SCP Explained - Story & Animation,UC8JfkMtNAp44vmzdtnL4wow
CRYST4L1Z3D,UC8SbZxQUEgl3xPmU7tZ0Dsw
City Planner Plays,UC8WAaaW2FnctRI9coYJoUdA
Zairegardnerd,UC8bBMFh3U4GZYWhXBalFZbQ
chaos.ba11s,UC8lqVXb_Sn3bdeytrI9lHEA
Fizzy,UC8nBrCRYCVB28l5CfAn34MQ
Gabi‚Äôs Vintage,UC8voJ9Sjb9tdf2jVByTKlFQ
MeatCanyon,UC91V6D3nkhP89wUb9f_h17g
Blendy Bliss,UC94sdyxkmk9bnlrH9Mkv8aw
A common Snowballer,UC9AybpvSLKzzvjSuc8p3mXg
Banana Commenter,UC9AzKAmaXnpnTgYEz5kWBkg
Feltiepie,UC9DmvEtewn21XRjrKxm3kFg
Clifford Mwanamuke,UC9Jyeg18um38Pumik7rZbVw
Adriano Valentini,UC9KmczJ3GNinbOcb0hndZPQ
Seanie Dew,UC9OucCej3Rx7tS3O7df4ReA
Wendover Productions,UC9RM-iSvTu1uPJb8X5yp3EQ
ALEX PLAY2123,UC9azSwudC7SK6582SNqNYmg
SPLShortStories,UC9oCZ5wPKUUt0kcG0uu2WzQ
Gwen Haura sakhi,UC9q35ddYDdqnTvnyuMJaefg
Ian Boggs,UC9yadlAEiyOUNa3y4dnuYFg
ASB GEO,UC9zFh1mD79D1kPBHIrWU2Vg
MinuteFood,UCA0g3liRXdpqyhxiQiE55tA
K√§se Wasser,UCA86Cz9hFRRouilfS9cIBKQ
my head is empty,UCADJhczGwtPelGm0EqVi3Mg
Notinregs,UCAVoa4ZysyLq6AcWIV1Ccow
XANE,UCAW7Qd-C_M7CHxfnTet8M0A
Doug Sharpe,UCAYmlecATSG0wc5IxsFJSbQ
WheatThinner,UCAh7FcmxIbCfr7GKj7sk9cg
hoser,UCAiEWppTvoNSHU939xhMb2g
RUchannel,UCAlJworXEYxxFqcBhXWqMew
Charo Lyn,UCAqVzctMrJ0b21TMLHnO_lQ
Pekroler,UCAwQnxa0h1W4K8ntOllfWcA
Adam_Mapper174 üá≤üáæ,UCAwVEVNO0fysNA4wZlLJXUQ
Wowkay,UCB11XpVKK9X4B9f8GkXKMOg
PhantomDragon,UCB6a2mIGqCtegCaNWICjdSQ
WhoBlackPanther,UCBOvUgeHma6J6D1adSx_xBg
Lee D-2,UCBPPq2ibeuzFMciX2LEqzbQ
YouTube,UCBR8-60-B28hp2BmDPdntcQ
BigGaming64,UCBRQg9kB1hCwajeB1iwHs9A
FuncFlow,UCBcGha5FjnmsaOhMJJeXtIQ
Dabo Life,UCBr9B1FoXLyOPJYZU_xd4Ng
AI Magic,UCBrbI9gKwSFZAfMx0U5CYVA
Chr1st1anED1TS,UCBsJx3OaJyYFD4qVhO9BrrA
Jonny RaZeR Live,UCBvKI8qrm4B1I1N6Ka62UUg
Jenkinator,UCBwOdA675vrSc6qnXIzBl9Q
ReallyNotAi,UCC-Zhd1UVyJUmjpaunmHvBQ
GTA 5 Gamers 16 ,UCC6M9P43toIlDo_OTllVYGw
NuggetsAndJam,UCC6XGtC83Jrp6JQz_gDuBQQ
ashswag,UCCA0tdsd4tZc6j8HHtmprHw
Solver Tom,UCCENHdDo8Qq0tANT5FvPOQw
Cat Memes Hub,UCCGWAomYBjF297s9BcjNpHg
Extra History,UCCODtTcd5M1JavPCOr_Uydg
Memenade,UCCWp4CCmI2JmIaoAuv0ocEA
Paper Skylines,UCCZkeT4u5kRuxp9R9U3o_cQ
Dreams and Music,UCCodbuIGdSF17E2fegQyp5A
Danno Cal Drawings,UCCuZ0r9pDMI8DwhtRV1fNhg
G Triplets,UCD5Z-wImT2d9A41-WKrsYEw
DatUseFulGuy,UCDBAGF1Sx9SxVcaGdhx0HUw
k,UCDErazNH4IVoaE7qbAoAi1Q
Tom from Texas,UCDnzN6Kr9DBlQB9ixKqt1Ng
Coolmath Games,UCDqUhEV4oDzm_a5DDdyGneQ
ANDY LAND,UCE6ItaxiKS3296-ZXcCkFhw
John Casterline,UCE7spuKzxP1k8A-XucxxUAQ
Zen Maler,UCE8VX5KfTgIt5_8usV33Rmg
Surfshark Academy,UCEFFKGOqb1Mtvj3g3gjc6tQ
Nearlyeveryone,UCEGNJKDEDcOlsMKVMF6T6Qg
Matt Does Stuff,UCEK1-mO65zQG8jbf2F8UOVg
Josh Does Stuff ,UCESpwtyK6l8sA5VN6b1e8AA
ThatLoudTruck,UCEaJuz6snLW6jyTIZ34HMNA
Next School,UCEb1b2lWpBA0Ux4wi8A4yJA
Mystery Recapped,UCEmig2PwKGUmaQ9xzFWJ_xA
Ash the violater ,UCEnrEM369j0zEZcbNq40GCg
Reed Schultz Geo,UCEwd_VhwoyMnRAu5O8r0pzA
A L E X !!,UCEx_H8CEAHB3l-0ZIWAJh5w
Technoblade,UCFAiFyGs6oDiF1Nf-rRJpZA
Wargamer,UCFBPtpPbtrLmP03rtbIiyZQ
Humphrey Yang,UCFBpVaKCC0ajGps1vf0AgBg
King Meraxes,UCFEMC7XO55sdSOlIQgJhtvA
One Shot Quips,UCFGQgvXnEb0DJwqlWOLssRA
Henry Belcaster,UCFN6lQpfY8XIRdhv9G-f4bg
The Living Tombstone,UCFYMDSW-BzeYZKFSxROw3Rg
Truneh,UCF_Zh3UfjfWFolEEnQYTlqA
Chef Tyler,UCFhMOIr1FZNaLwHXNIkBMSg
NileRed,UCFhXFikryT4aFcLkLw2LBLA
IssacComedicCats,UCFjN_kMLjmrX95RYv5a9fQw
A Gamer,UCFkjE9rhwSVFwoKsilVPiuQ
That One Guy,UCFn7pc4Z95vOrpctUrAZ9FQ
Table,UCFp0X-OvdT0nrvjKe1Hw3NQ
DelkanPlays,UCFtdJBCfc2TtgnjIpYY_oMg
stakuyi,UCG70W3nzRJ2ILbL8orxkBJQ
Duolingo,UCG98ruDeyp55THxbpBCIv3g
G_mapper,UCGGX-u73cnxJWFfJxVUhzHA
Michelle Khare,UCGGZ_POGmIWG1pQXTDzQv-g
XMASBrody,UCGNiuFjnvKreulNjkU3Xoyw
Possible History,UCGQNwLGt7oFYC7XpUNqqSQg
Bacon Guy,UCGUNuEzeEabRWQ0GUH2KQZA
The Dubber From Mars,UCGd3XPK573uitVN0oyrHxOg
History of Everything Podcast,UCGeYShtGwQx9JO9CLFxGEBQ
Valkyrie Fox,UCGgLihcOd33-VCc0Ae4e7VQ
Don‚Äôt Read My Profile Picture,UCGn2YhSTjthvKVS340g1jAg
JaidenAnimations,UCGwu0nbY2wSkW8N-cghnLpA
Maphilindo Mapping Productions,UCGzgIVqdTIjGd1KPipKsvlw
Primz,UCH09O7Xp8SnwIlijQcevshg
Bernie Sanders,UCH1dpzjCEiGAt8CXkryhkZg
Be Smart,UCH4BNI0-FOK2dMXoFtViWHw
Disconic the Ultimate Mapper,UCHBNxyzjC5AAurYCY8nhlEg
Steve Harpster Draws His World!,UCHRHILY0t3i5VvKEeFMoJxw
RYODU,UCHViok6aBKVJZH565Zt6_3w
The Food Theorists,UCHYoe8kQ-7Gn9ASOlmI0k6Q
Veritasium,UCHnyfMqiRRG1u-2MsSQLbXA
TK Randell,UCHu978WKguIcQtxVetnCvfw
netVel,UCHuShb-jwSJ4dv69gydLTyg
Lionfield,UCHwpDpLoyJgtFXoAaaSut4Q
Joe Caine,UCHyMNXj5l7eTTQefXzT3MdQ
Omar's World ,UCIAJcdZpR0X2B1Q1VhZcliA
TheCrowReviewer,UCIOGxxgvo04BC3ASPwhz1rA
James Albin,UCISm6OpzN60aaFnDwKyQXUA
Lil Pumkin,UCI_TLicpB-jqtQhzKgR1ZoQ
Moon Walker,UCIhoxhVDrwowJW6X58zzBlg
Otis Bright ,UCIi-DGS8qauLntL39xVWWqA
Stud City,UCIp_fw9e_oyzS7iPBfOGnbg
MayaLifts,UCIpzwUb1gJXUmobOKSDp1dg
Gen Scinmore,UCJ4dDEKOwKFw1Kh1-oA6_rQ
Eli-‚òæ-FizzyMoon,UCJ4hB7rOJTdHd3b7SdCENGg
Gaspi - Artistomg,UCJHM0LdVKi7ou2aM8aVR1gA
YoEats23,UCJKO6f-JBCwLUsjmuGL_fNA
The Johnson Brothers,UCJN8qUaNK6M6WG-Kz5SjI9A
Streetcraft,UCJZ0pbf29b2nrLde-a-LuDQ
MR. ILLUSTRATED,UCJZj3q_2pHasvlILdU1huHA
made by a kid,UCJg09cli-KDC0xDYT7U67xw
Layah Heilpern,UCJk3wsIuHRzCTdKUZykIK8A
Second Thought,UCJm2TgUqtK1_NLBrjNQ1P-w
MongolMapsüá≤üá≥,UCJoFycHtQYMsXs9OdVNR78A
OBEMAS,UCJo_Oo1_Ssf_XCOYMVcHVvg
Nas Daily,UCJsUvAqDzczYv2UpFmu4PcA
I am MoBo,UCJswRv22oiUgmT1FuFeUekw
Greenskull AI,UCJvBXBYPWE1aIlrM0r1Ilhw
Grahtles,UCJvjn6-xvu9MFLLIi9rH9CA
PROTER,UCK2mbooQes4VBaOI9qQl4sQ
RGB MEMES,UCK2x9OQRU6u50hWp7r9u7AQ
ShorgiTheGreat,UCKKBrj58Ib10L_EM0xFpWNg
SKY,UCKKXBbKDDk7b4VhD6SKmTUw
Nat Hearn,UCKMYdnHrn9DCh3SQpsZWOKA
SKEPZI,UCKMcmnyNa7uLMJCFICY-Dtg
Chubbyemu,UCKOvOaJv4GK-oDqx-sj7VVg
Meanbean,UCKa0bLoF-qUsYXZDMJ9aSTg
Yerba Mate Labüßâ,UCKbUpvmYKz6MpUdvAXHCpoA
Blooming9,UCKcqJ0WnzbDRQxjXrPWcK9A
3deez,UCKdFUQBH76JRcvbRzq52iwg
MilitaryTorn,UCKlqbGXk9HwQivRm3rezKng
Nils the Brick,UCKmC0CRoZnje6tXoblUDrlw
Law By Mike,UCKmmERguliWTynG9OIoDhDw
Thoughts of a Hawk,UCKr6uFvIIZm4K-Ieywu1yTg
Trinks,UCKrCHwR3b7-LKpn7MPMTYDg
4viator,UCKskn9-xxLWkTYl8Ta1c0ng
Map Turtles,UCL3mFixC2OCCoCBpWFSffmQ
James Toland,UCL8_FK5K4vpMGxjiyM76B4w
CG5,UCLCdyRg3u5O-EVP5p46QxcQ
Lou the Chichi,UCLG7tVBqBomxU96D2zOxoJA
Matty Jordan - Antarctica,UCLH9jJetAPs9rKOnx7eWc5g
T4rget,UCLJOKofvdWYz3dVEsRXdMZA
deejus,UCLNCLOa1ChRr0fJlxMFNaUg
Vox,UCLXo7UDZvByw2ixzpQCufnA
SmokeeBee,UCLZnFlEl_FgKKy01icOAxoQ
Unmatched,UCLhsbZXf-Z_b6acvFhNdOkQ
Amandus,UCM-voTZSahH5WX75G4z-L6w
Iavender dti,UCM0PTr5p2X9OktTGr61IXEg
MovementbyDavid,UCM2ra7Od2jliHB9TLPKt76w
Warren Willowdale,UCM8Mb9KUZfeyyOEg7rpNkDw
bdz,UCMG2CceGTlksRCVdMkU8Ifw
üíÄ Skull,UCMO5JPRfP-AwI7kB0F8RAXw
Practical Engineering,UCMOqf8ab-42UUQIdVoKwjlQ
Pika Jokes,UCMQ8fgrH_vYaDiv9qjRBR-g
Dusty Douglas,UCMSIDB9jvhqBKby2qk6E4VA
Togi_incontext,UCMXrqv9g9TZbac3KtAPUoZg
Boii Lemon,UCMkx6bN6_M6c-_wUVOAklpw
FuzzySUS,UCMpY1agKWN3maJ0SUdFRmew
Thee Burger Dude,UCMw6K-dJTWUJxX4NCPCgS9w
Nick DiGiovanni,UCMyOj6fhvKFMjxUCp3b_3gA
YTR,UCN4NrcbQzaJyg_j77T7fmlQ
Speed McQueen ,UCNFT_eq_QCApMEwCACHto9Q
Etymology Nerd,UCNHb7I85BKnwbJF4fWBXJjA
OverSimplified,UCNIuvl7V8zACPpTmmNIqP2A
TheMilitaryTok,UCNJy1mEMORFvoJ94ZnxSNXg
Junskully,UCNLa64YyUKwpLtF62xXA0IA
ChinaBall,UCNMUOs-4HZdoo97gtj7y6Mg
Eryk Is Tired,UCNUQurdey9Y9TWcLtqr-2SQ
Simplified Things,UCNZNSRs5IjYAUdazMd2T-Vw
Avatar Legends,UCN_u5w69V9wUZYG8WeJWuNg
Quit,UCNjvr7AjbqTXTcFnW92WnYg
Pjcode12,UCNkPS4setv69_FOjPzgHOSQ
Mr gojira·ïï( ·êõ )·ïó,UCNmOwAA2UnSq53kfvhbpcQg
Flashgitz,UCNnKprAG-MWLsk-GsbsC2BA
Pravus,UCNoLwxiLiQIKX2Lk0WuTgkw
MOREKeithWongTV,UCNvXfOZvaePyim_ak32840g
Lightsaber,UCO3JMiEMosiavYSLuYSIbpg
Kareem Mapping,UCO7epfuVXYPciyPDYHSEh8w
Studz,UCO8SFuSshDVmL6z8RJj1IdA
ScaredFrenchSoldier,UCO9elheIB53l9w9B9enHO8w
Kod's Animations,UCOANf-UuicobJ5UThLu7wtw
King Cheesy,UCOCod5VqmEeNBFyWNgjhZPQ
fern,UCODHrzPMGbNv67e84WDZhQQ
Dirtieeee ,UCOJ7de-KBLWfvfY2wK0BUyw
God of Coin trading,UCOJsJqEbZ5virzz0Xu7SQnw
ABitof_Spit,UCOPxaKPpqoADt8LTyjZAonA
New York Mapping,UCOdu-yktCu0QOf7f_YY_82Q
Alien Simulation,UCOkMTPg5ZfveZlOyafBMhrg
Ice Cream Sandwich,UCOsATJw-IZgqGT8MFrHjKGg
Bad History,UCOvidg1tD2CxSrEDtmUKfBw
Yoontoons,UCP2pss2ZGxMAaDdqEYUzLRw
Enter your new reality,UCP31fDvPIxy3-zXQ6-hNj0A
RealLifeLore,UCP5tjEmvPItGyLhmjdwP7Ww
The North Mapper,UCPG47iYYNTYZi_vV3M6tObQ
Penesianball on space,UCPHm0SBzmUFh4Rhd2gmsm1Q
GeoGlobeTales,UCPKVNqfbunZCkbvjBgf6CdA
Hakim,UCPPZoYsfoSekIpLcz9plX1Q
Sly Huncho,UCPPuKO7tKiu0c4iq1KRripQ
Lyka Paula Siapno,UCP_O3FiOq7AusvwW1kD11Ag
Frisbee Commenter,UCPakq99nVPwGg7tH8B8jgxg
Dungvophantri,UCPbbnK-hcVCncYLpLxQQvcw
FootDocDana,UCPc9yOXlAFXcLILa104ZEKA
Drew Durnil,UCPcABVoFfCK5gDfX0PY1KGg
Gohar Khan,UCPk2s5c4R_d-EUUNvFFODoA
Diddy,UCPlVQrTbx0UxYtilJ3CVu0Q
NGVR,UCPokVctj4NCQPNXcEE3v3sQ
clipsofdantes,UCPvCJCsTh0frVzrIo5Np8Mg
CheeseParade,UCQ1aOToWpOdaIj1784_5M0g
PewDiePie Highlights,UCQ4zIVlfhsmvds7WuKeL2Bw
SolarBalls,UCQF0f62JXnfFSxKDmN8SDUg
Mr Scribbles,UCQGTc2jbQF6coFkOr_LK7Kw
TheGamer Crazy,UCQIVHVkwirmr1KSEad-mPmA
VaazkL,UCQURA_IHST41KrZsoyrKEbQ
Scott Frenzel,UCQWsAbnIFxAP-jQQfM_oYBQ
Mobi ,UCQaGmH_7nSkeo427my_-gEw
Spongebob Facts,UCQezZGGX4_ekhNlAVjn8rZA
OkCron,UCQliobRAqnJWuFnlY9Ua0Yg
AirGuy,UCQtDQOnpwd1KOrNOk6xvRYA
Kevin Temmer Tunes,UCR4u8Ny7c3V8qkvIF3JJG-Q
Crown Dubs,UCRAKyM8pzO5pU7uo5NV0TYw
Who Goat,UCRAZ1TVZwuf0ExZdp0EC4MA
DezO,UCRB20tlMYowb9L1kAta7Ndw
JacksonEatsIron,UCRC0u4nTLdZ1QmhM1VAW9KA
K10Productions,UCRDkWLNMY0wHkqCF5Tnyw_g
The Spiffing Brit,UCRHXUZ0BxbkU2MYZgsuFgkQ
Mogswamp,UCRJBLIR5E1bfDmq3kAzRpeg
Fish4Ever,UCRKuzYFOx5XE56jJi9QE43Q
Its ok koy,UCRPEO7-dA_XJU6bYz1Gm30A
Simon Clark,UCRRr_xrOm66qaigIbwFLvbQ
Jay & Sharon,UCRVtlcqayOmyuLIDrT3ng1w
FreedomToons,UCRXnOs1rjfLMYrtZ-0n29NA
‚òÜblack cat,UCReP8tS3wIOMEHuhPsVgETw
Jacob Knowles,UCS3rcqoSoXD8p23gsoORZNA
Tambanana,UCSIUUQQWjI4QvDR11lu4FxQ
Remainings,UCSSfq3nNRhpV7uh0NfBYxvg
Sporadic Gibberish,UCSTFNXkDLKcKPRzcyi-BHEQ
Oree,UCSVEspxsgPNhcRp2EQir2Kw
Natural Habitat Shorts,UCSb_Sui6FBxVS4_ROsrU_Iw
Uncle Roger Shorts,UCSd6xd7dKy9mb0JhHGpyOIQ
Best Movie Details,UCSgoYHCJvNepTf2TC5PKFLQ
Make Some Noise,UCSoJcY9wS0_L2yWOTWJWV5Q
Phil Mcracken,UCSyIyvgQAZO6SWVzxj_UGZA
Odd Animal Specimens,UCSz8X-JAmenxLH-uXlgVaCg
Dr. EyeGuy,UCT8aWINII3rDvUZUBGq-2tw
Ethan Ethier,UCT9VcHYtLZ-rAxN4aHXGvkA
GaroShadowscale,UCTHTutNmQfeMMk6Tme-dKyw
Chaseroony,UCTK2hDxZbhUpxX0_nd7IauA
Fork the People,UCTNET75_1rZifnYhNYNZrtw
Earth Percpective,UCTOWNS8ha9Vruplsj_nIQiA
Andjobe,UCTRKbVsBIAowTvU4B4yxJTA
Drew Talbert,UCT_QEGH0myu6lgbE_biQPuw
Nicolas Gamer Studios,UCTaBCG7wMCe65A39pbyuX7A
2winceball ,UCTjrGah14f1EXyxJh_U96pw
NORDHELO,UCTskFB5lixJtsvYWQunJrFg
Iballright Celebs,UCTu7N4-YzpGIN6Ftsb0QeGA
Turtles and company,UCTyFx-YIR0I04ilbcb18rTA
Greddebates,UCU3s87LHpvWIA--2S_nhduw
BBM,UCU7jwK9h55e5NQwI-7hBw9Q
ZillaEdits,UCU9B4CNnDkk9nD0hxm-Svhw
smallwhitemonster,UCUAn0puRsOaaUIgThaA0U4g
Tom Bates,UCUM6KH8_sU6hkA8byqfkyUA
Vinton Euler,UCUVY07tRgVVyUCN_LRdJucQ
ItsJonathanReed,UCUatUzPH6WbskaIl1W6Hx8g
Reddit,UCUgrUBKwSnXwQOBG4v3igMg
magnify,UCUi2SFPyyDNcsH2ZGpHyQIQ
WildWorld,UCUllTCC7n5vs_ZJ8F_mhWHg
Forestt,UCUn_jMqVSWUuBMBApyN3-5A
Nkunim,UCUrnihybG5L-If17B_uEMLA
Elise Ecklund,UCUsCq3Hq5haa6tTph41hpJQ
Ninye,UCUvw__zQnaI_pcvMy2O0v6g
AI Force One,UCUwXq_ndamd4ptOKoHMtufg
sunflowerstardust,UCV4S0e_x0uBFkHwbgSa9fTg
The Thought Emporium,UCV5vCi3jPJdURZwAOO_FNfQ
Spritz,UCV9I2Yb0T63JdQ6AaryfGTA
Cities: Skylines,UCV9RoEcgAO1Uc7oxZGS8Lkw
Mapping & Yapping,UCVKaM9NGc8pHkQniPaSVRQw
vlogswith naynay,UCVN5XG7eliMHA2qnnvHaGcA
Bislo,UCVYTv2YV-hKs5fAoGvIjdjg
Excuse Erased,UCVhO2TKGvbuUMjJDv6VxO7w
mrnigelng,UCVjlpEjEY9GpksqbEesJnNA
Andy Jiang,UCVrEHNmwOcTM85daIG6PSVg
KSI,UCVtFOytbRpEvzLjvqGG5gxQ
TheFeedski,UCVvymhr4N_GZJpJSdlj0dNw
Extra Credits,UCVzt0Ltq6VNKRqRMrry3OIA
Coolkidshorts,UCW3UQkKSwDFzjc5kpWQGcMg
Sambucha,UCWBWgCD4oAqT3hUeq40SCUw
racc,UCWBWiJsUJalJtqu-MsVqzVw
Noah,UCWH4e-S8hn2ltTYfCS1-gnQ
Milad Mirg,UCWLu3q9FEmPPYKcUAxKZb2A
Ankhor,UCWO3B4jZg8WJZ3jVFlz7DIA
badasmichael,UCWSJAx6r-Cb1lqaKJvgAHHw
Chef Thomson,UCWUX7SqCqCoG6VarZNXR7OQ
Rob2Sky,UCWVmxgVvOTaEsy1RF3Ooifg
Osreek,UCWYJlCTLWcNNDC410VbQ9Jg
Big guy,UCWZp4y1jqBuvLtiyxSs_ZBw
ANightmareXD,UCW_K0KfRpyVVaFtBrp2rJBQ
slyeihn,UCWhGiS-6TBkHS-w827zHKcA
justinthetrees,UCWjxOXQaHl4R_pEwFgJgEsw
Grandpavibez,UCWk67JRbl5yl2pU8SOqggQQ
ThatKingKian,UCWxh7Bs7KB10aZCHta7o2PA
TheRussianBadger,UCWzLmNWhgeh3h1j-M-Isy0g
Jon Solo,UCX03lOmgl3iRAzj8yPFxcVQ
MrBeast,UCX6OQ3DkcsbYNE6H8uQQuVA
Jeitan,UCX8Ca5mL0STFlddRYLBMAWA
Yung Vec,UCXEJoWOZBrQ9qJqPQmJezOg
CraftedGaming Shorts,UCXJabDS6FmDU9XgNsRujNOw
Globe Addict David,UCXJniNhLPJSeYXAfUzexHSA
AceEatsPancakes,UCXO2ZeHMMlsb4sMzf6B_aCA
twentysixchris,UCXSZHgAD4fStjfQpX-iL0Uw
Charles Peralo,UCXifmGGh6BozYPmrEY16gQQ
TOLML,UCXk_AhWFEUL6KKqFZkR7Jfg
Dwarkesh Patel,UCXl4i9dYBrFOabk0xGmbkRA
Megan and Ben,UCXvbilRzK1DrcrYM_0-BxfQ
Mark Rober,UCY1kMZp36IQSyNx_9h4mpCg
Washington Post Universe,UCYBARVyitZWkFKovnC2jf2g
Ino,UCYIqIe5N1o-8LZAPdBugmpg
Winchumbo,UCYJVujP2Mu8goR-DIAHF52Q
Hispanic Dude ,UCYJiuA16oVV5vocBWe-KZbQ
KeidBoi,UCYNvW7bGrVSr0pXMpo7jz8g
The Chalkeaters,UCYSvX0lqo-ZinYNQSHVCqlQ
Bento Club,UCYUPD1QyZStSkdRvG9FPQ4A
Lulu & Boba,UCYZ6fUF7U0Xo5JVOkYNpp-A
globtroterpoland,UCYZOueWXiT2czeaK2_YvZfg
History Scope,UCYb6v1AlX6prKl83DswM5iw
ibekeigh,UCYs2DbQVHdpToAu-ZrMoKBg
Blayneslife,UCYsoEINZmhkmskAO17rwgUw
jacksepticeye,UCYzPXprvl5Y-Sf0g4vX-m6g
Economics Explained,UCZ4AMrDcNrfy3X6nsU8-rPg
Rushgamer,UCZ70JwmiPMakVOvCQ9p2XJg
IamRoie2B,UCZAuwCYWNi-WXZ72c58qh2g
Polandball Official,UCZLOi_T4PJ0Wg9oBrM5X8eA
Fire Department Chronicles,UCZbWCodPFwH2QQn772QnUxQ
oMrJuve,UCZci84H31dvTx4EGzjK8e_A
husain,UCZfTWLrTkaoZoSx5fkrAPJA
Clounyx ,UCZgXZXK3hhWq26x54LkfmvA
Calligraphyti,UCZpnN4DN_TOY76DFNII_BeQ
üçì!CANNIBAL_SPROUT!üçì,UCZsvVAOHloIRFOOb75iioVw
Scorpo,UC_2Pifpk981bmvM69nhM6qg
Dr. Explained ,UC__yH4xHZUTgpFWxCXT7ZkQ
Urban_decay,UC_iD07UrOda6UgCQ-7s46BA
Internet Anarchist,UC_iUeUzozCHEReJ-shKcCYA
Mousetales,UC_lBbPXABwZsbuC3RYneGzg
movie_shorts,UC_odXo4D3g4zRg1GOik5dQA
Max the Meat Guy,UC_pT_Iz6XjuM-eMTlXghdfw
THE COMMUNIST CHANNEL,UC_pxWYt9HUy856Q8us396wA
gordie,UC_uj62W7DhKFz6Cwl9iewEg
Virgo Darlings,UCa3gVkqJ0n2hI9csAtLv4TQ
FreddyMC Shorts,UCa9VNml5Sffa1HDtFzxBRmQ
Cotzy,UCaENtIBVOn1ahdIUCVcxShQ
tuv,UCaKjtSZXjFLX-vynS5pRuYQ
zeerak zone,UCaOuIy6jYp9XSAOhhN5-cqw
Sean Andrew,UCaPu3LJBU5w_ghFUMeko-nA
Rabbitology,UCavYxV4TkBtaFQyThf60hlg
Denis Brem,UCavvo_FXKmQ324RS7WZ7BXg
Squared Media,UCawEP-InoKYKutsgq_vqIXA
‚ô°ùì¢ùìΩùì™ùìªùì±ùìÆùì™ùìªùìΩ‚ô° ,UCaxaPbZe9v8nJMud3A1-W4Q
White Lily Mapping,UCb2pxw_Ciyt2Ck5lJ7MJC1Q
Max Fosh,UCb31gOY6OD8ES0zP8M0GhAw
First Thought,UCb5CyUGW_tODKqsOknphG-A
Lightfoot Film,UCb7Unf9E3NebyJ4tMzSBjwg
Space Flight Rocketry,UCb8GVkz8RfWK5CP-3LRpOxA
Alan Becker,UCbKWv2x9t6u8yZoB3KcPtnw
reggisgood,UCbNuWqvVZik1Zm0bQ2HpaPw
Lou Holly,UCbabUTCLH4kSJnoFl5RhbtA
Nefali,UCbcJOHqpE0t8LUPahOeIkdA
Aster,UCbg3En_TSidjypt25J29XVQ
Red Bull,UCblfuW_4rakIf2h6aqANefA
Omar Agamy,UCbmOgzvvDg60mXGm9t9Ad5Q
Dam,UCbpAbeTSSyYoCNSXIFWFSRw
Senpapi Gabe,UCbtCatW6oMyvT285YDMLjKg
Morley Kert,UCbtEd1MuY6gd2RpdWqkzXFw
Requested Reads,UCc0nOJerxC8JHf7sg3CK3Vg
Ditibi Creator,UCc3u1onta-gasruxOnytLkw
slopsmcgee,UCcFtk0jBUXnrshmaisjhR8Q
MasterAquatics,UCcJJJBD6PX2m64I4gVgnAew
Cooper House,UCcKO_BrU7LANwUVQcj1FdbA
Vortide,UCcMAFvE3UU1pP0u_fIwxgkw
WelshMapper,UCcgt4UeoOHL3AjThO9Xj68w
ThatGeoGuy,UCcpFa51vhUb1VZ79aMIuPgw
Saving Hearts,UCctpNYmCfFzAymOiJxf9GHg
Vans_0201,UCcvwqus4ZZeaWCyoefl7gyg
Jeter 3000,UCcyBXYr7TzukZ2XJ3k2aFhg
Business Insider,UCcyq283he07B7_KUX07mmtA
Jarrod Benson,UCd5ifVOKujO9ljYb7wW2hHQ
Ruho xx,UCd8HhC0m98IjGlrCB-SC59A
ETMgaming ,UCdVCcfnbZFwuAraNnpLdvNQ
Firy Twig,UCdZCFRvGxLrUI1ImGwrmn6A
HeyitsmeRyanLW,UCdd1Z8rDBo6XGVW-N5etOAg
Paprika Gaming,UCdjsf5DaCw0OwAuSe1lgWFw
AstroKobi,UCdl3ece6ZfQwsiLbMnh2bCw
Corporate Tom,UCdlXwhuPLu0oEdtdMfYomXA
Glanmore National Historic Site of Canada,UCdq9k5yt1Zs3IJjZ5bdMUlw
OoferGuide,UCe3mG_FncuIt8UnF-3ntfGA
UTUBETROLLPOLICE ADMINISTRATOR HUGGY WUGGY,UCeEBtj5iLmAzw5Dr_QyW8HQ
PrettyBored,UCeKOGzYzL2JKUpW1IxS-jCA
Real Civil Engineer,UCeP4Yv3s4RvS0-6d9OInRMw
The Armchair Historian,UCeUJFQ0D9qs6aVNyUt9fkeQ
MinuteEarth,UCeiYXex_fwgYDonaTcSIk6w
Matt Storer,UCeogOLhewThX2lh8cPe2IWg
AGC ANDY,UCeuqTclPonrhOflE9bc2Jjw
MinuteMinis,UCewg2tYzQLkyKv-6FSbJtfg
bo en,UCf7eD2RJguOWovag4yc5n5Q
KariTheLoaf,UCf7iclA0pfMK1Sgu8bbzJNQ
Cody Murdock,UCfMgZfE_NuJGeP5Cb97MttA
b0tt3rfly,UCfRz6RFqZNW2hGAUn_hrwDw
‡ºäùêëùêûùêù_ùêÅùê•ùê®ùê¨ùê¨ùê®ùê¶êôö‚ãÜ.Àö,UCfS1tCglYExrK4Imd3xEdbw
ChilledOutAI,UCfUIvoC6i4Pe0OxxSbh3BSA
bread,UCfWpE0Wuxq1pLgWPmpm7Z5w
The Infographics Show,UCfdNM3NAhaBOXCafH7krzrA
India Ball Mapping,UCfiMMAtm2U0_j6Gon-50wIg
NamCook ÎÇ®Ïø°,UCfiOvlU7hCGHl_yP_ddfyRw
Drevan,UCfjFVHXj_CJaMeJDLIjY1sA
Outdoor Boys,UCfpCQ89W9wjkHc8J_6eTbBg
Squire,UCfwY-BIInmUEtz6YnntsKzA
Luke's Goldies,UCg0_9roN7QYzFNLjVSD5Z1Q
TakeNine,UCgLIykmYbaqL4vrtgP3vWZA
JakeJxke,UCgXOPO9YtqVv6QUmWGH7ZOg
Modern Goldsmith,UCgYvqPuBRBL4PAQGts3HFxQ
ODIE,UCg_AzJRF2JUkV7HPmjCqhAQ
ùìíùì±ùì∏ùì¨ùì∏ùîÇùì∏ùì¥ùì∏ùìº‚ò∫Ô∏é,UCg_qee2BZd26BxLNee7reEw
Spanner,UCgfAwvz4DXPBiEob79idvxg
Casually Overcomplicated,UCghQxkPc1nuBGINekYcAegg
JackRN,UCgiS7pf7CTsAK5IHs061g6A
Jun1p3r_Ta1l,UCglWo4rOOi1L1uGAg7ulRYg
Questicles,UCgvIxHJb5JidzfNpr3ysSoQ
Vinny The Shark,UCgxIDNdYzHXePFcLDEO3KSQ
meow,UCgxbXWK_aR7TbhZF0JuM4Wg
‚òÖSilly.s.k A’∏imation‚òÖ,UCh4X07oA7J8VVZarSJqc_2g
Thomas Mulligan,UChC_apOWk6MSl03byUiVZRQ
A World Without,UChIPJFsotELxfbCIAwo-dmw
Kangaroo Talk,UChPHnS7p0EIIuZPVzO9nmiw
Lewi and the Garden ,UChV8tsVJxxLbnr-BEXBQ73Q
Pro Movie,UChx9xig1LxXejDVtLlxiBvw
Digital Taxidermy,UChxsSI0e0kbiWyqIlu4Chfw
Moonflower ,UCi3bNzJeKH23YWeAm_MziSQ
codexx fluff,UCiBA1Ioy8jePN_Y-1ziPBqQ
Legends of Avantris,UCiER8p540j2SosO7OX7E0VA
Big Time Maca,UCiK718689nVpQOk-EUsczaA
Loulou the Pug,UCiKDlV6USccmLiymATAIUtg
Gamer 113,UCiKa0XpF2N0xOkq_P1XdAqA
camman18,UCiZ2z8F8ilr6SC7lOaxAQ4g
Hoog,UCii9ezsUa_mBiSdw0PtSOaw
kirkiimad,UCiqkIF0F_6y6psq0ullRYdQ
Fishin' with Tate,UCj4b7LgnN5uQ56-D7g3PEFw
Webcomic King,UCjAOhwBexdpsn0M7XCga2Vw
Aviation-history,UCjBIjVxBEpVvMeNUKWi9xFA
5haggy,UCjKVXTIqS7aK9NhDKYb-CVg
Imran | The Finance Engineer,UCjNmQ6frYwP0WDE7GJrn_WA
cardogjones,UCjU7AreEw9dXtCBc1uOpaTg
Finnish Mapping,UCjku--afOiMoWXNxn9jsJmA
TrashCountryMapping ,UCjrzDllkG0TOC-btFHt3Vog
CatieBoo,UCjtPivTGkBI0h7uROtlIZeA
Jonny RaZeR,UCjztW-DlDg05_YM6-oTJTPA
FootballProductions,UCk7V530niQHVnVZefS-Gtdw
ClawBoss,UCk7WS3CwOVcit18wa64TR_g
Alkin Oliver,UCkBTfmNiWZc5fgN1-wa-CAg
Psych2Go,UCkJEpR7JmS36tajD34Gp4VA
Watermelonz0,UCkMG-FCC62R2FQfPMpZ4dxg
YouTube Creators,UCkRfArvrzheW2E7b6SVT7vQ
Kumandan Ahmet,UCk_V5x6JKWbrnMgEVK250ZQ
LsMeme,UCkeAoKuRnYIxTR5_uOMmaCQ
Jim Leonard,UCklQKsAGt8zRAXT-8q25yhA
Baddog-1,UCkmDaccpYjvRVmORrSCz2_Q
Ok Corz,UCkq1ha7weWaz8gDSr9xA1eQ
Built By Gamers,UCkq8pLPNfKICwiL_pUnVSpA
thecincomedy,UClJs6Oh4rIJBGu26j-LbpyQ
Mks.Vision,UClJuCv9Cn5uFMOSkSg4w63A
War Maps,UClRdPI_hm5DIl1G1SNh9oMQ
rxided,UClW3ASiOr07UqTh8ypAKPGQ
Jrokecraft,UCl_xJKczK7xQ1j-YZEn-3tQ
Alpha Wars,UCleHRJwPIYf-4zNdkxWyhCA
AlternateHistoryHub,UClfEht64_NrzHf8Y0slKEjw
Big Nibbles,UClfLmmxQVEX8SauwFlfPpog
KeithWongTV,UCljAUjvkF9kzmifm8R-uoSQ
WayWayFN,UClmEByGVbq4TGqmb9kU3iqg
Stoneworks,UClnWLqdyrQ-hcDYW5kQQ6vQ
Reasoned Finance,UClqgcNjp6LeWug40hXqvmjg
Lightcheese Larry,UCly0TYFr8w4m2Q3fYKQKscw
Chris Biggs,UClzIngaKFJK9O0r7YmNAwgg
Tardigrade Inferno,UCm246J_436dbUOIHpra7J8A
iSorrowproductions,UCmKdqsvmV6e7Pwy7N2PMnnA
Ice Cream Man,UCmMUmu8T-SMdtrzq51uVH_A
Ice,UCmNRKz7AyUrT2GAvxG6m9lQ
Mr. Beat,UCmYesELO6axBrCuSpf7S9DQ
ImIsaac 2.0,UCmjIE43HdgW2RmcTtu97-Vw
Captain SLAX,UCmk4fBS2RI0DHTnDwrPHU7A
Amley‚ô°,UCmlcDJ0TKcAPipTfm21aJWA
Lady Cuddles Meow,UCmocHLE3HcrRzqdfGogk_IQ
Potemer,UCnEdTerOMGQmH03ahAmxaFA
Mr Spring,UCnEz53zTLJDKB6FK39hdJ0Q
Mr. McTikTok,UCnFOcX5aN5On3Su-R_CJafA
MrPeely,UCnGTNq0WHvfwQy186Jq4brA
Teslamodelsgirl ,UCnPcg8rDw0l5SAYahmHY5tA
Spaince,UCnYKmwXOE_zenuyQLOf7tZw
CallMeEzekiel,UCnZ1r94_Ptz_1gN5VBnE0Mg
GLITCH,UCn_FAXem2-e3HQvmK-mOH4g
Jackson Field,UCndV9QI4anHHUorIXGW3BIg
Dish17ish,UCnhEOKvNI05hvRQnV6dHcXw
BToons,UCnkzO6j3nfMG3wy1zOBUcfQ
Steve Winterburn,UCnntvvcv1cmiUM_oKkqHj3A
frankiethefairy,UCnoqyaCklF3mCWB-_9nZ7kA
Soggy Cereal,UCo06AuTxxPnHdUDPXWPEyjA
AGoodGamer,UCo9ytGbwoN3BgpHHyZ4gQdg
Fire Dept. Coffee,UCoFF1n89vVu7YorSV3uj_bg
Facemakemachine,UCoFkNpNA-j1VD0-y3HOW-CQ
Gurly pop (Selena Quintanilla version),UCoHe9BTYYXrjPz9G4T0X3FQ
Laura Escobar,UCoOlAAA4PRLkHFRhhMQXAgg
The Game Theorists,UCo_IB5145EVNcf8hw1Kku7w
YeTR,UConrMHJUZ2teQyURUDFA2bQ
DrewShorts,UCp8FaA-DeSMTpPRdgfN-Owg
History and painting,UCpCkfj5cvHEhaJB676vrq3g
VuungG,UCpDia_86EYwh9RNUYqfVP1Q
Poison,UCpJzot-S5sargFSDBhMKLMw
Petite Paintings,UCpK8I14A3je_PtyJcFCvmoQ
PDS News Clips,UCpLB7kBu9O5dbBKhaIOmqcQ
Don't Click On My Picture,UCpNOG1FaIf6clIgaQVudKug
Brick Science,UCpQB577lHFyWTyvrS73Ldlg
Fix_37,UCpg0643Sv1risW1jManBrkg
Tpi,UCpoujJBngZAI-Fq7jlQISlw
SoupTimmy,UCpp1GoykvTBuPiZt3FiFHjg
PlaguedDoubt,UCpx24iGTQ_FKbSZ7zM9TvCw
PBS Terra,UCpxYSWgxVt3Pyn1ovXsGQ0g
Half-Asleep Chris,UCq4qiifOaFGW3a2oljSfxUg
MuffinPuffin,UCq72Y09M_JP_TIDeLWXNeHg
Derin Alim,UCq8wQJUhza0_ZLOknvow-aw
Squirtle's animation,UCqCu_D0yQ5RJMKh0MjsIf-Q
DnA Reptiles,UCqFNTlT1d0WEiRVjQBw6JWg
Bexobia,UCqHBwWiNfIwiYHtDoUsV4Mg
JN Facts Bytes,UCqHsbT-n_GepdprJY6GFKKw
About Facts,UCqI05sriV4HoiJp_qTXbqHQ
SwinceBall,UCqSl9EYLGN8okNaavs7kmVQ
Dude Dans,UCqY5pKWHVq86lPb9cu-wv3Q
Marngel,UCqhwl9ByX9ytryV2bC-IjNg
Morning Brew,UCqit4NtRDfdEHKX_zgmAwrg
Emerson Brophy,UCqksHV6MVMSu4T2BMFk3nmQ
OPSanGZ,UCql7U-sGnZATuDIfPblziOw
Albert FN,UCqokMYkdjae8Vnm6dP7Ymkg
T.N.T.BOOM!,UCr-5FGbrmwJQty6ZCt0c5rQ
Absolute History,UCr5qeBG9g7bGtMGyHG2GzbQ
Theatre of the Unaligned,UCr69YQf6M8yeiYEeGjZ711Q
Brokeboyobie,UCrC2Nz5aX87DxwoqJE2M-cQ
Quiz Unlimited,UCrCHeDn0VZbOexFn1PoZ70Q
Rare Doodle,UCrDbQrdiaqfX6AzbeGzpfOw
RedditFolder,UCrEVsjWt4czoG_0u8C8aIWg
American High,UCrMabu7HclTiDf5ZAgjHxqQ
Nathan Dead Playz‚Ä¶,UCrdvJ-1vYlAC1Ac_akwXEpw
Colonel Cam,UCroRq_2nLagprhJBMuNeE4w
Peachybbies,UCrv0rZSx_6LWaZVWHWQdnlQ
Content Machine,UCsCWxHukxMUxJABZglzzOdA
illymation,UCsKVP_4zQ877TEiH_Ih5yDQ
DaFuq!?Boom!,UCsSsgPaZ2GSmO6il8Cb5iGA
Kurzgesagt ‚Äì In a Nutshell,UCsXVk37bltHxD1rDPwtNM8Q
Eastern European Empires,UCsg_Drtr_TBrhp8zvP05PKg
Captain slax shorts,UCsjy8NuEWnL0rhQVmqRp25g
ThermoPro,UCsk562EAd6le8Ahn6d4VFTQ
HellFrozen,UCslA-53ZFvH17GI_-AVrBbA
Anich.Mapping,UCso2tsdVU51lXVH6puSWxwQ
Saddamland Official,UCss9JUxa42bX6ydaMLrgeYA
ChaCha,UCstH1R4qLOR7PZ_uOp44eyg
HTONY,UCt4riMMCggPg6W4NQrWl6tA
We will do it ,UCt6c43iPaD0_jRiDwyo49FA
Trevor Brighton,UCt9jx_Xpkg_CRI4tzwpiRzw
memesondruggs,UCtK2WKXU-uLpQRkFL4YoyTw
neo,UCtYKe7-XbaDjpUwcU5x0bLg
Youspuishytuber VR ,UCtZUcF_hOEpQQjuCMeF9qew
SONNYVDP,UCtaLmijCvW0DYF-gIddHKbg
GabeSweats,UCteF4--g6cL7jXbmujpRfeQ
itzyaboisuper,UCthzqMrO5NZvrwyQoREEVvg
UKBM,UCtjYt0o501JTq4Xzue-lCjg
Anisa Dawson,UCtnWT8odkS31cA8ADbOyhPQ
MelissaKristinTV - DigitalMunchies,UCtqrHdplUzE9VYrn5k7MmZw
lukeislesbian,UCtrsMx6_w99QMnFD-G0q4Jg
Let Me Explain Studios,UCu6v4AdYxVH5fhfq9mi5llA
PMdamiann,UCuAd4nOvB1PSFiTkZYvYkdQ
Twirling Leaf,UCuCsuA8Qs8ERfiu_hw26GOQ
Cuddle Cats Tales,UCuH3RRD5dTkqrlnip7F6BpQ
VSmusic,UCuJshMGr-cAsmbNtcfzot2g
kon,UCuJunfjXH-PBLSqS_sX6Ozg
Alternate Meme Channel,UCuRjTLBF7hv-tgp759XybRg
Mitsi Studio,UCuXCgyOCMXic7j0_wghXnRA
Josh Rhoads,UCuZWiuCuc0M3KPJF3iFPHAA
kristibbs,UCuai1OeyZm_hT_Wp_d23fqQ
Sigma Monkey,UCucX9fhGbfLLMO6EmWdJeSQ
Mustafa G√∂k√ße,UCunlYFQLf_Ax0t9cCF1nZdA
Luke Davidson,UCuwJoiGWRxPYStBp0l0WuZw
Eluxe Mindset,UCv3c_8yK5h4xvjXOvwgFuGw
scpWyatt,UCvJua1pSc5RIZh0D8nCvI_w
Cinema Home,UCvLZSZGK88zLOe8R2sO5KKA
Dusty Dude,UCvYXnd_Av0OuxQZSjso3jQA
super monke,UCv_wVnqMVPvohCR0Ft1BYVQ
HISTORY HEADLINER,UCvnTmmIFiFGqhgZZa98o7aQ
Dwayne Davis,UCvpyeWPuw1sgiVclC74mXcQ
Geoxavi,UCvr8oLlEJBY2cIyt1P1AgSg
Master driver,UCvukFJ1366guBq9HijleSHw
JUSTBEBROTHERS,UCvz5xcBf4Yc0ULQ6GUpRXPg
Fishingarrett,UCwEPk3WoBvBD-ApI8K-VQKA
Geoballz Animations,UCwL6Z_Jzmdjk7p5ju9mxpxw
Michael Storen,UCwQOKgQ-2k4Ar7QFcF0EcTg
Patrick Campbell,UCwSWheJ9xiYm3P4WnXZWrkw
ZeroVR,UCwSjr-qmQJJ8vND3RE1XptQ
Geo quit ,UCwbdjZQpOPvdJ7_JIJUZywA
CaspianReport,UCwnKziETDbHJtx78nIkfYug
kyashi1,UCwuO6DYAh0K0rOUeaOMAahg
CambodianBallAnimations,UCwxDazURWqH9GNcrV2Eaqxg
MANGUZZü•≠,UCx1lUbHi8IXOHzBmU-yY-7Q
AXIE Music,UCx5ZXJJjrsR_OAK4X8XX-0A
thrhighving ,UCx8QUpvO9Jl-gl1_ZdKl4PA
NPC Pets,UCxADSXG5wmEB4EgrgmKO7HA
Mark Tilbury,UCxgAuX3XZROujMmGphN_scA
Owen Holt,UCxk4OTmTmSVo5AanTHDr_Bg
Stralixus,UCxo-UcY3zN3Cb3TSrlCav-Q
Tom De Anti-furry,UCxrCtlAWLE7oqoGdLPZzVPA
The Legends of History,UCy-VnRxdzpcQSnR8nPo4wWw
Willyandgaming,UCy-jd7_90SnIzqwu5uHzspg
BillyStupidity,UCy6YFCR21YOZaM1c0SU2G3g
Shegz Mighty,UCyYylDqlUoQEXDjinpTOGXA
Lawford Plays,UCyhAxosSJRkAGWLzOT5VsFA
MrDigit,UCyiNGQeYluUzMwC3vMkKvow
RoyalPear,UCyoW_EfdNy0Z3FudNgeEqdA
Airrack,UCyps-v4WNjWDnYRKmZ4BUGw
doctordude,UCyu3LjZOKamPPAiS5Z6FBQQ
DailyDoseOfEveryThing,UCz345Gk_de0heQgA5pVvz4A
Elle Cordova,UCz4nLZcOvXBhLZ9Da23Z7LQ
StephenP2003 Awkwardics,UCzAx-k-uci1UxZ2wVj37HQg
Live The Dash,UCzCXDfvCw0m7GNVXI5fD5yQ
Curious Duck,UCzEnoR39ovUTYviNXwwicqg
GrayStillPlays,UCzEy7pi3B7TIS9cn_sdKK9A
LifebyMikeG,UCzH5n3Ih5kgQoiDAQt2FwLw
blue_kit198,UCzL0fvzASXTlXeeVCG-P1CA
Top 10s Shorts,UCzOLBn81Ej6iy-O2ef0Nz5g
PBS Eons,UCzR-rom72PHN9Zg7RML9EbA
FUTE DUDE,UCzUnyaSlO3SOnBrQ6lEklTA
RealCrime Recaps,UCz_236zD2gX192sFG4mbuCQ
Eddiefrb,UCzeVric_Vra1xgQzMQKj_aw
YannisWRLD (EDITS),UCzf3a_ktOZPgIEo5Os6CUsw
SolarFluxVr,UCzfFp5R4g0qhGX7bnzXAHSA
Kevin Parry,UCzgkpehSWuFTQx9E8NkBqzw
Wyatt_random,UCziHgvGqrgVQCQIbzyS-yPg
Galaxy Exotics,UCzm5omGyCQMWQzw4vnokyUg
Dadusak,UCzsef5IfHJXLHhFcLW7m06w
