Lustiga Tankar,UC-3rBAx8EY9e903dby0JtGQ
Generic Stud,UC-Pa8PfXKoJbyYcdy0PmKuQ
AdizzGoesPro,UC-Xmo9Pf4z5oshF2dBdaauA
Fotbollstuben,UC-dHDpgfm_m1ZXPu-bfxjHw
EliteStudio,UC-uMkHLJ01xaRvh2NAervXw
isaacwhy,UC-yfMLscSY3vP_PKC1Z5B0w
Drew Builds Stuff,UC073quTeFarhKNe8ZuC6Qig
Pokesike1,UC081xkqq_Ufg65OoZeUscZQ
LennyBarn,UC0E_zsPAziGgkxaAtwvmFAA
Johans Pokemon GO,UC0cmIkbVX6pTnCHTdh9vYeg
ThoughTaken,UC0dbv9xP65UKL9KuDlTuEYQ
Paddy The Baddy,UC160Ln3rSb3Ym2iUxJasZVw
ZAK,UC1GTLEHYTrsBn7dd_-pF39A
Talia Mar,UC1YKc1TB0-bvWFXo8RqNJlQ
Minecraft,UC1sELGmy5jp5fQUugmuYlXQ
BrentTV,UC2C6_mSbiLp3CplZcgLTHXg
Matt Rife,UC2mKA8JTOCeodl9bEK7w42Q
Lucas Lundstedt,UC31n6rMsYByLJO5bZwLAOrQ
Erik Johansson,UC3O323L0WZ3Yci9zd9qWIDw
DreamZ,UC3XH1OyoXkHj-0QFNKifl6w
Imbrandonfarris,UC3v6sjWuPxtW36jQ-if4OuA
Skip the Tutorial,UC3xZYc4SZUGfRERIvDRGqDQ
MrBeast 2,UC4-79UOlP48-QNGgCko5p2g
Dangie Bros,UC495kynFX55dE0iorwV3RKQ
Druski,UC4PQqjGczpgmqbpicKjkwvw
Klippta Klipp,UC4TTBuYgMuVnn6Zc7YfS48w
Boosfer,UC4gpVFHGncQNVzWLGVrEpZA
SmallishBeans,UC4qdHN4zHhd4VvNy3zNgXPA
DavidUploads,UC4tK0q0nTRnRlakueWMbC0g
CjTheseDays,UC4uKK_YwAxTfad3x8cAJb6A
TommyInnit,UC5p_l5ZeB_wGjO_yDXwiqvw
Bazerk,UC6Hy1jVB7OSIpjqmiCRftyw
Spelfred,UC6OiygKu29AJkJ4m3MZT0MQ
JLC,UC6WAeYfHfNgaf9DNg5OAdKQ
Preston,UC70Dib4MvFfT1tU6MqeyHpQ
En Rullande Talkshow,UC7fZmjZheAd4cttQf7T-xHw
Theo??,UC7ydFd7YR8Ldk94ufya29zw
Talang p√• TV4,UC8Nr0Vq0lRo5299y_G--XOA
IJustWantToBeCool,UC8ZzDv6zN_GgZu8OLGhCtFw
Kiyya,UC8h7Za-CR0Jx_MLbq6rq5Ow
Fred Beyer,UC8jFPZS-p9MmVRCZi8giNcw
Guilty,UC9XxsR6414BYMFgLgHvHiVw
Cluee News,UCA1RIRkldU4gvQyO1WeCtdg
EvanMCGaming,UCA1mxOwASgWGYkvxN20-MBw
SwitchBackMongo,UCA2ui9pRukA5Rig32p8ZF2g
Hyper Fenton,UCAIZj4z2zhD4BUb6tiJbWXg
Papa Jake,UCANBW6ACWi9huiCfbKk1pbQ
Ninja,UCAW-NpUFkMyCNrvRSSGIvDQ
SpeirsTheAmazingHD,UCAbdeLiTPdjk1X2TY_ZdLDw
Albin L√∂f,UCAdFN505wUjx4LjyL_NeAIg
–ºŒø—Ç–ºœÖs,UCAdeR0tQ3_kNaUSt-UF5mbw
Beast Philanthropy,UCAiLfjNXkNv24uhpzUgPa6A
Sam Sulek,UCAuk798iHprjTtwlClkFxMA
Wenzo,UCBBDtB0-O33WncsvnZdYSrw
JeeJ,UCBXJp-7wZd_JKQFeHUo0SHw
MARKO,UCBlbxksRa-KRSEKLi6foxjQ
TommySHORTS,UCC11D7aoO_UYxJJPyEiatsw
Ufosxm,UCCIqPk-5xTsZGnLBSdh2rNA
Fe4RLess,UCChwR7eLKtbl1KyI7VFASzQ
Motorcycles Special,UCDVwCB-_oROZtwoYivH4Lbg
Keejz,UCDWfGxVlXjLu-Sy8denjnHQ
Sidemen,UCDogdKl7t7NHzQ95aEwkdMw
OG Crew,UCEEYC7-n3iCQSyZBAZOmpEg
Isak Karlsson ,UCEgMUdpdBZtvM4TGFEy_rCw
Karim,UCEihhbVbWy_kcrj-7tAxU-g
Jesse James West,UCEjIjshJ8bvvCkGNk0pkYcA
Nina Drama,UCF-NWYWndiEIH3J0abYR8tw
ish,UCF3KMM3QLVEfnFPI8AbLUJA
J√§rng√§nget,UCF9ouy2amB7x3YctbpEUelw
Technoblade,UCFAiFyGs6oDiF1Nf-rRJpZA
Sir Ananas,UCFGdneUiczFvaImDeHhZobg
Dhar Mann Studios Top Videos,UCFJLO3HoTMzXYoeb2ocXe8w
What's Good Podcast,UCFPElAbES8GHfBZrDrGbSLQ
QuackityTwo,UCFbZ2e9IrPejOdp8wsKUxvA
Lenuxx,UCFhdi1nw1RhZ5v-jDhRdxMw
ItzSubz,UCFqA6W2C4klDC-p60tJ5N5A
SB737,UCFrVj6wBM42y3XuKCAj8n5A
Br√∂derna Norberg - Daniel och Emil,UCG9wgUNfdfB_xZkpoPVbgZQ
IJustWantToBeCool2,UCGErcRAnYObPBiqcZYPltEA
Possible History,UCGQNwLGt7oFYC7XpUNqqSQg
Familjen Arcombe,UCGcg6nfoS7ujMZ1iQUz7p8w
JJ Olatunji,UCGmnsW623G1r-Chmo5RB4Yw
ryan trahan,UCGnSHwhOAczNqhGDiYt0Q8g
Reddoons,UCGnqunjHypvutkdX_iqmC2Q
Snabb Gaming,UCHUluxjx_vJ2LqLL6MbFH6Q
Daniel Dorch,UCHY0ay4b4QXWdNBxfKQ4u6w
Behzinga,UCHhfSXoDG6gSgpOvLH4wrRw
DALLMYD,UCI4fHQkguBNW3SwTqmehzjw
Sipover,UCIDQSqdVuNwtfRMKqfX-o7g
Zach Justice,UCIKGhmu-KdHCG5vZvOuNaww
MrBeast Gaming,UCIPPMRA040LQr5QPyJEbmXA
aCookieGod,UCIVSqoHCUN1XdEpiVItxfoQ
PACKGOD,UCIeuUT3mfhxreOMIls9fWew
DreamHack,UCIquhTRs7QJrzCfiAMwfV8w
Ringnes-Ronny Official,UCJ7OBsoiO25Qexd7AvBlgSw
Matinbum VODs,UCJATDKfEkROjQvrJEZUaR-w
Togliv09,UCJHlrp3O6Uc9xAYtHkcZ88A
Tom Simons,UCJdxdc4MqvZRD9oFYoCl7wQ
Hampus Hedstr√∂m,UCJkOyjgTW2XrQz6y5sv3E_A
Snabb Fakta,UCJzxCha0xig2L_y8zMqzQKQ
Law By Mike,UCKmmERguliWTynG9OIoDhDw
Give Me An Answer with Stuart & Cliffe Knechtle,UCKr-liguaGWMf3f94eQXsug
Crispy Concords,UCKt6UNcaVIS258z9Gujeirw
Mashable,UCL8Nxsa1LB9DrMTHtt3IKiw
Olof,UCLAHywdQzLN0KvG1bwQx_Wg
BrandinaMK,UCLCmpQX-qTnSRX2gSiI9-UQ
Jepex,UCLJYBNVUsAWELW8JtamstiQ
Shulkercraft,UCLdQc5zUbFpM4Y0iKfESDTA
TheTerrain,UCLlVS9RRl8nC2Yirs1YbrOg
Lookap,UCLzYQOE3ZvT8MPw5g3k4U6g
Erik GT,UCM5nw04R-pKnIU61n4MKSdg
JR JAYY,UCMEEC8zlPyCbwmtCnlOl1_Q
Dulle2012,UCMOwbjVghrT6X0g--Co98tA
OverSimplified,UCNIuvl7V8zACPpTmmNIqP2A
Jnx,UCNUzYcystxs_gx9mNc4xi-A
Aaron Branch,UCNdSQMxJuhdf93NnMEPF_nw
Full Squad Gaming,UCNhcopSj1dbR6nm3QEA5arQ
Extra Crispy,UCNrXyaj_RdP3XjLPBLfyBdg
Mary Mouser,UCNyDtYiQmr2yLvNtJAAtUcA
Poppies Studios,UCNzwsYxGc_AQSe5apbkIF6Q
KH SHOW,UCOX7lBP6zOpDRO7YAZ-xTrw
STAMSITE,UCOZr_fd45CDuyqQEPQZaqMA
Nationally funny,UCOhihGJbZA47aq9eROdBzcQ
Dylan,UCOhzOImpPwT1klYmttywq3w
ChainsFR,UCOuwU6aYcIgpKDdbekbUS2Q
Verz,UCP93oiGjgZSWmo1alnPwHAw
Parrot,UCPLMPHT-d8GZOqL_AHJFdQQ
algen_50,UCPTR9c0soAiApvRQPYR1Uxw
DrDonut,UCPYZ-R5LQGMeU7QikgxmH8Q
zaitr0s,UCPuXWFdEwX7YctcjkjLxWTQ
Lukas Lindgren,UCQHvfEGXujKNb-E5Uw7qj7A
Jesser,UCQIUhhcmXsu6cN6n3y9-Pww
angryginge13,UCQIdhgHHjGbkrThGV64bVzw
Leva Loppan,UCQeV40DRDXzxb_tQZtC1bkQ
Agge,UCQvv6jAp65MUqPKoi5wKo5g
Grian,UCR9Gcq0CMm6YgTzsDxAxjOQ
The Tren Twins,UCRBALvAmmqxBX4qiDSpV3PA
doctor4t,UCROkFwHWMk5QeZK_LHJPu5g
Matthew Beem,UCR_J_SntqJh5eXw66d5hJxA
AshleyGuggs,UCRdA93ZtCfaim3hawLfxPTQ
Amann,UCRfIGhoVrJ9a6TkRZbURFCQ
Dude Perfect,UCRijo3ddMTht_IHyNSNXpNQ
MaskedArab,UCSSfarijWHW6VqQiqtme4Aw
Footasylum,UCSTJELgD0j0gW2_wgF_TYuA
KingZayyy,UCSctvFlm6OIpsTC-nQ2ZE7g
TheBurntChip,UCTSCvnsxOcoknftrqdXQzyg
Dream,UCTkXRDQl0luXxVQrRQvWS6w
PokeRev,UCUHYM7gs-GZpRGEsskTEqzQ
TD BRICKS,UCUU3GdGuQshZFRGnxAPBf_w
Hooja,UCUVMBRhTQ5nN63Kd-5dtYXg
Beast Reacts,UCUaT_39o1x6qWjz7K2pWcgw
Fortnite Focus,UCUg0L_VHJFPROaRfgDA5i6A
ManfredErlandsson,UCUttU5E4S2ue7vlPDvUqQOQ
Merchsweden,UCV6raSHgmxQA3i0HI2xeFBQ
Viktor Klemming,UCVB-ZLNgxY3JPTzk5f3gdCA
GeorgeNotFound Streams,UCVYB4PaC3V0Ollih7DyMCjA
Preme,UCVZQj5I7D8hdooA_K3cwRAA
CountryZ,UCVjWIUtdNizm-0eFyzhAj0g
KSI,UCVtFOytbRpEvzLjvqGG5gxQ
Miniminter,UCWZmCMB7mmKWcXJSIPRhzZw
kanto,UCW_iyV-RKA3DT164UA1hntw
David Alvareeezy,UCWb0O7gdabdhZd62xiHTp0Q
J√∂nssonSquaden,UCWi-1pOraVu66V1GhRyqAQg
IShowSpeed,UCWsDFcIhY2DBi3GB5uykGXA
OSSA Movies,UCWzNNJTydHkd_nrJ4BFVWfQ
MrBeast,UCX6OQ3DkcsbYNE6H8uQQuVA
Uppdrag: Mat,UCXAjub1yM01dqjgJRG1nvsQ
Gordon Dewoon,UCX_sLa0Vq2oaGaTySNud4XQ
ShakTV,UCY0mmws6QfG3Mv4nixIlVqQ
Mark Rober,UCY1kMZp36IQSyNx_9h4mpCg
Oxillery,UCY2M81ehIg6vAXOWDcYWhlg
Rewriting History,UCYf-oo-ULlXA_Cpz1rGFvMA
LazarLazar,UCZ3AmknSJtbzXCeO5a4peoQ
FrenchieFries,UCZR1vQtTcy9qCB9zSfsA5Mg
Rezdar,UCZVdbq9or7ot2ix_d8oFd9w
ùêåùïñùìÉŒΩùêö,UCZcDb5L0qk8rZYRiKqutj5A
W2SClips,UCZiJzk4wTIzaqHI4FXZ_eRQ
William69,UCZprKqKFagmx4yNylkIGNow
MrBeast 3,UCZzvDDvaYti8Dd8bLEiSoyQ
Simon Lussetti,UC_0o0A1ofPIWD_P33FwtZ_g
itsJanke,UC_1w3oMr6ZkqUfNmdHuLVag
Quackity,UC_8NknAFiyhOUaZqHR3lq3Q
Kolanii,UC_GDu2QH3kp6vJlgEYyqjUA
Hermanos,UC_LR-ytXkZtruIlAiExVQ9w
Random Making Movies,UC_PD6qVk7DVkzE9yU_jTzIw
SpitBrix,UC_WXkNIJ2ncLIsAk_ltbvjA
Dhar Mann Studios,UC_hK9fOxyy_TM8FJGXIyG8Q
Grandpa,UCa-L8Tb_qct2MF3ucRppmcg
Figgehn & Whippit,UCaFKPjmxJ5qETRG7C_tR4MQ
WillNE,UCaFUrR3oSxOl5Y9y6tvLTEg
Snarp,UCaiPWYj91M1p11bUliFA_VA
Crash Brothers,UCb1DXQ5CmA4S-kr4P3uOTuw
TOGI,UCb2y3fAB0mt6Chk7fTko7eg
GhostNinja,UCbkMvtBNkpIbHqQdKHJSb5A
Diyari,UCbtbYHVF5yGvDbUsNBAfLgQ
IJustWantToBeCool GAMING,UCbuhrs2MVHtt_iyGtfwWlxA
Matkoma,UCc61F4RfGUn-spkCIFWC-kQ
YeahMad,UCcDj9XqT2YQERsdAnHGR7xg
thatdudekael,UCcfrHYcVIyL2S4hNh2tHJdw
Anomaly,UCcqsx0NjdN3Ng9Nd8VSOlXg
Chris Whippit Vloggar,UCdkHBGeyStyK2GefExrzlQw
TaZer,UCdp4qjUE3yra17FrBBXRauQ
Adamde,UCeGd-3Fn6Djz3tYv3nkDH7g
Reex,UCeHzRh5QpEXLcst5B9Rq-pQ
KashmanTV,UCeLvYd5MIeOB7KI8vHbporQ
Zealous,UCePxRBreVaMy_ontn4Vz2Yg
Rasplin,UCeSLUYmSirNG6x902X2VBKQ
Matinbum,UCegRIi_sCdK1-WZFLmtwrow
Emil Hansius,UCegpk2mYI9JRiVP8GYhrvjQ
AGC ANDY,UCeuqTclPonrhOflE9bc2Jjw
Tizer,UCezpvAUlYe05IXKxY3ZstEg
Cool Again Restoration,UCf3GDC-HtLKyr2NRgCzyzmw
Duno,UCfHuqG9nRASMtGs4bUQn9Mw
TBJZL,UCfNWN9s_s8kRTCadk04WWJA
Let's Feast,UCfVhfIHkSyzSnCErrbEeGLg
keebabb,UCfbP6MljKN3gEUq5z-yJbog
Teejay_Memes,UCfeWGHY2UmkAZSerYkHC8Rg
MrSpherical,UCfhc7xi7-ZDfpVsjIaFjkgw
HVERRE,UCflMSAV_lwGFte_eCMI1SCQ
Outdoor Boys,UCfpCQ89W9wjkHc8J_6eTbBg
TommyOutit,UCgAyQyy6x3L-tmM1GICelGA
Viktor Klemming2,UCgNriC0yw35HwFsefHvNTfA
FightFront,UCgiwS5QQGJtOyRuuv52eqyQ
TADROS,UCgmY0snVujmEpHcGUf_0eCQ
JUNS MAB Architecture Tutorial,UCgxqQveHlyKIqu2wDHMuAbg
Outdoors Weekly,UCh01_ql53m5uloYfiGgfFkQ
MoreSidemen,UCh5mLn90vUaB1PbRRx_AiaA
Konstantin,UChKVhjGmPAu7eWa2ITDd50w
Tan Choudhury,UChNNBVw4a7pbbzI9sAgHRWg
Zerkaa,UChntGq8THlUokhc1tT-M2wA
A Civilian,UCiKs8e67tqh1jwngIuzWliQ
Slushymelon,UCiUcFLOClICQiEhyvdISUBQ
Wifies,UCiVJZlfcmWMUiXv5oywnDhQ
Mugm,UCin9Svnf_dBgoI7rFNRa3jA
DarrenLevyOfficial,UCj7ADiT-RzESYpAd90OeEKA
MM7Games,UCjB_adDAIxOL8GA4Y4OCt8g
Dropouts Podcast Clips,UCjIIxbRDlZ5T0zjNgc8lIVg
da bee,UCjL9C79xJ8KULiKnEnoHvNA
Melliodas Gaming,UCjLoafTuOJGs4iVvk4iywyw
SidemenReacts,UCjRkTl_HP4zOh3UFaThgRZw
ItzFrolickz,UCjT0Tz7NFQaqpunEdXyG_3g
Amanda Lundgren,UCjYPy1Y4Bxz7CdhGZoFESsQ
Legendifer,UCjekN2J1BT0iZdaagcH2N6w
Hacksmith Industries,UCjgpFI5dU-D1-kh9H1muoxQ
Wishes,UCjrSC0ZTJLutu72ZZFl-VLg
W2S,UCjtLOfx1yt1NlnFIDyAX3Ug
Branzy,UCk56ama_RvUkMzexS8I9SIQ
Marcus D√ºbois,UCk9pfnhXnZXSC1atQNfaIhg
Treyten,UCk9xNdmgY8im4RDCops9YYw
BE AMAZED,UCkQO3QsgTpNTsOw6ujimT5Q
Wemmbu,UCkzzNLnuM-VsATWC53ehwOQ
Kevzter,UCl1ihalsfme2TpTFg1TPXdg
Jokemock!,UClECehjqrft9ocH2dG3lHjA
roshambogames,UClgolMrKuXABFC9H4DxlSCw
Bosnov,UClsCiiIZBhab0eeiPFOZQtg
Deeper Than Music,UCm0DTqgdK6rBlwsqty_LHSg
ChrisWhippit,UCm4nLrtw4bSYFNUsvHMaP1Q
HansumFella,UCmAkU81iZ_wBgEOav_trpUg
AdizzPro,UCmYcL2krP0Szlw5XJrLcdkA
Callux,UCmpWLoKQBVd5YPz0cYan_Xg
Frolles andrakanal,UCnBl8AIYPw3SS8QXtVBPyTQ
Dream Team Streams,UCnKjTuskQD_TceV1PTqo6XA
Deep Pocket Monster,UCnnrLDosqnpRPQ_TH3uXnnQ
figgehn,UCoC4bwQu_2ns6f2t0GgdCXA
Crusher 21,UCoeu6do5WPyhKYkwGk83pVg
Dropouts Podcast,UCoj1ZgGoSBoonNZqMsVUfAA
WiederDude,UCpDNnvxEf3iWuJbtmUk6DnA
Dhar Mann Best Moments,UCpHP6IJxxVqAtfq15h-5Dog
Brick Science,UCpQB577lHFyWTyvrS73Ldlg
VidCon,UCpfrvuFC6qpKukrZe85FyQg
Half-Asleep Chris,UCq4qiifOaFGW3a2oljSfxUg
bill wurtz,UCq6aw03lNILzV96UvEAASfQ
doober43,UCqKnghh18Lc0DwwRBlOkZHw
SwinceBall,UCqSl9EYLGN8okNaavs7kmVQ
Anomaly & Papanomaly,UCqck1kDsBbrlKWHGRsk7dbQ
Sword4000,UCqt4mmAqLmH-AwXz31URJsw
Sapnap,UCqynl7rdtktKMQESdSBmE-g
Red Knight,UCr-PWa6fp2JkaYwtsuOYKzA
Gurkis,UCr5OqakTrsHZh5pRtNsIsYA
Family Friendly,UCrR-9qug_zHoiBBGTXGP2Hw
Anomaly 3,UCrS8Da6rTX7ZfS0rfD9O-mg
PyroBrothers,UCrbWSbUcJ1ost-2cgK89IOw
Deji,UCrqsNpKuDQZreGaxBL_a5Jg
ClownPierce,UCs3bpV2sr9P9csJVAyogArQ
SpeedSilver,UCss_0YiNRBiQzFLt2dosZIg
L22,UCsvCwKoFk0PmPdMZQJpWiKw
Grannen M√•ns,UCtFTm62yroSo3U-3dGGmBTg
NightFoxx,UCtghAMGOpNxMheOfWRRMe6A
Lionviral,UCttVVR00qG8_QADkmFPtW-w
Kevin Langue 2,UCtx75zhisN7PtDvdzAhIjpQ
ManePear,UCu-bJoeEhX72x1R3ADEV-eg
Treyten Live,UCu1lq83POgLJq3x7WwYq7RQ
Oskyddat Samtal,UCuBt5BR-mKCItoZE-eXBBcg
Verz Reuploads,UCuCBgcs5ADxaiYMiY3WGAcw
FIVEISH,UCuDuv4Vf4zCL4qv8OG_NBxQ
Johanna & Marcus,UCuYAzAIdu1OToKRLf7V6lDQ
Metics Media,UCuwpzP90g1LuGk6JUNms_AQ
JStuStudios,UCv9rbAUUpoW0k8MP2R4UEJA
Berra och Sirre,UCvJVAKbWsIdyFxxTAdQb3Gw
FlameFrags,UCvYPobTo42NM36X7VC4dLhA
rekrap2,UCvt0HYxX34vUvqu66HLXeUw
Vikkstar123,UCvwgF_0NOZe2vN4Q3g1bY-A
Arnold Schwarzenegger,UCvyyU4AdijSZFEO7qqXP6kQ
LazarBeam,UCw1SQ6QRRtfAhrN_cjkrOgA
MinuteTech,UCwPlekBdyNPnNxLhkp9K--A
MOLLYDOGGY,UCwSx32LXpG3V3Od4Dhy6Svg
Xorbes,UCwa13_XKITEqtG9m8CKpB7Q
Baylen Levine,UCwsjrSWqxLdcZrd9xVpmxog
SampeV2,UCxLeUquqMYK-iiwsnY5WVJA
Kevin Langue,UCxOdcOE2j5vnDDMihFgN4rg
SoftisFFS,UCxycITFG0dE4cMiJ78yE0CA
Familjen Lundell,UCy8nxID41QLex23-iFiRtIQ
ViralVids,UCyVnbebBsiDLy_jch88tz3Q
TheSwedishEmilf,UCyik8ZYWEY-Jdsy3n6HF3kg
Airrack,UCyps-v4WNjWDnYRKmZ4BUGw
Jeremy Fragrance,UCzKrJ5NSA9o7RHYRG12kHZw
Skeppy,UCzMjRlKVO9XIqH_crIFpi6w
PowerfulJRE,UCzQUP1qoWDoEbmsQxvdjxgQ
Familjen Mitkus,UCzUCo8AuXrxMuZEfbnmw5iA
