ClearlyConfused,UC-JXB0eQfhf1d6I00PDNSrw
TLDR News EU,UC-eegKVWEgBCa4OzjnK_PtA
Not Just Bikes,UC0intLFzLaudFG-xAvUEO-A
Sam O'Nella Academy,UC1DTYW241WD64ah5BFWn4JA
jschlattLIVE,UC2mP7il3YV7TxM_3m6U0bwA
KWOOWK,UC3vQEjRhwgH2HAOBKwLjxNA
Rimmy Downunder,UC5gsrZTtWG_AqDFmuq81Q-w
The School of Life,UC7IcJI8PUf5Z3zKxnZvTBog
Spine_apples,UC7gy565bTIIpQ1IJqzePZBQ
Anthony Po,UC94XlnLwRY7AP1GhbfbAcYQ
Zalinki,UCC-slLJZ4p4HOznMUcFn_2g
Gattsu,UCCCmapQ-VnHWNZlK1Jdnalg
BritMonkey,UCCNFCLWh1AA-qbyOyp8jlZg
Extra History,UCCODtTcd5M1JavPCOr_Uydg
Cinema Therapy,UCCYX4s1DCn51Hpf1peHS30Q
Almost Friday TV,UCCgK6peZI5-FKDCWzMIFk2A
MasterofRoflness,UCFPeP6HuRmAr_Q2Vfbxnlww
Pretty Much It,UCGJs45Q1VsRt3CEF0z46vmA
Possible History,UCGQNwLGt7oFYC7XpUNqqSQg
Moon Channel,UCHhnS5M4EeNduNu5vP80L0w
Shaun,UCJ6o36XL0CpYb6U5dNBiXHQ
Streetcraft,UCJZ0pbf29b2nrLde-a-LuDQ
DamiLee,UCJ_2hNMxOzNjviJBiLWHMqg
Primer,UCKzJFdi57J53Vr_BkTfN3uQ
Kings and Generals,UCMmaBzfCCwZ2KqaBJjkj0fw
CrackerMilk,UCMn-zv1SE-2y6vyewscfFqw
OverSimplified,UCNIuvl7V8zACPpTmmNIqP2A
Jonathan Pie,UCO79NsDE5FpMowUH1YcBFcA
MemerMan,UCOjc2LTXq55J0HNUMvNhvYw
Screen Junkies,UCOpcACMWblDls9Z6GERVi1A
Psychology with Dr. Ana,UCOxhlNofmYH-MRC36TURUGw
Pringus McDingus,UCQ8Nk1VgyMgM7Mx3sX8WhPw
SovietWomble,UCQD3awTLw9i8Xzh85FKsuJA
Slimecicle,UCQmzgjEb7X6--w7CSE1erJg
RTGame,UCRC6cNamj9tYAO6h_RXd5xA
Joeseppi,UCSC6F-cM6_Xm3aJnHs6ZDVA
eli_handle_b․wav,UCUdZY_KRQndvMIPD-8_uXRw
Joel Haver,UCVIFCOJwv3emlVmBbPCZrvw
sympathetic,UCVx10iFqq4B4K0oavFefZsw
The Aesthetic City,UCX4ppwcUldlxpuiRGoT1INQ
Slmccl,UC_tCuH9uVrUP-BqN4lSRwyg
Seals are Good,UCaZ2M9qZfE899-JDE_TCZxA
Learn German,UCaeT58uDMlPpBlwAYaxN0LA
Trevor Wallace,UCc35WvHmQjLE8NN4Y_ITmUQ
Rick Steves' Europe,UCchgIh8Tc4sTmBfnMQ5pDdg
martincitopants,UCcnci5vbpLJ-rh_V9yXwawg
Adam Something,UCcvfHa-GHSOHFAjU0-Ie57A
zanny,UCd9TUql8V7J-Xy1RNgA7MlQ
Daily Dose Of Internet,UCdC0An4ZPNr_YiFiYoVbwaw
Koifish,UCfQhdC0i9MZ9Gah3DTafedQ
History Buffs,UCggHoXaj8BQHIiPmOxezeWA
Samuel Kim Music,UCgz0VectKPoh9DrIM73uHkQ
Ryan George,UCh9IfI45mmk59eDvSWtuuhQ
shar,UCib8MAX3TwtAPw007zcraRg
exurb1a,UCimiUgDLbi6P17BdaCZpVbg
Gianni Matragrano,UCjWsE9cjRu5gImk99yFhwVg
AlternateHistoryHub,UClfEht64_NrzHf8Y0slKEjw
iSorrowproductions,UCmKdqsvmV6e7Pwy7N2PMnnA
CallMeCarsonLIVE,UCmbP0Q_L9NzAQDz8voa4ZTw
Bokoen1,UCnQC_XGCCI__qrxwgZS27-A
Overly Sarcastic Productions,UCodbH5mUeF-m_BsNueRDjcw
colinfurze,UCp68_FLety0O-n9QU6phsgw
National Geographic,UCpVm7bg6pXKo1Pr6k5kxG9A
UnusualVideos,UCpnkp_D4FLPCiXOmDhoAeYA
The Templin Institute,UCpqCsO-fb2_OzVxm7J9MslA
SwinceBall,UCqSl9EYLGN8okNaavs7kmVQ
THENX,UCqjwF8rxRsotnojGl4gM0Zw
Mr. Krepshus,UCr3x3kutg5LlL68sI7amYLw
Kraut,UCr_Q-bPpcw5fJ-Oow1BW1NQ
Like Stories of Old,UCs7nPQIEba0T3tGOWWsZpJQ
Kurzgesagt – In a Nutshell,UCsXVk37bltHxD1rDPwtNM8Q
Michael Reeves,UCtHaxi4GTYDpJgMSGy7AeSw
neo,UCtYKe7-XbaDjpUwcU5x0bLg
Samuel Kim Music,UCuoKuTCQ9dmPIgOgyLm9HgQ
BlueJay,UCvQ4C0f9_OWRf1uyobwqOwA
Adrian Gray Comedy,UCvulgQYQPPUMwCs7tKMXO0g
Invicta,UCwO-UgquohXwoe7f0e6lMnw
Internet Comment Etiquette with Erik,UCyWDmyZRjrGHeKF-ofFsT5Q
