YourBoySponge,UC14oQ42xP6JnPvO_4GVq6yQ
BlueEggShark,UC3ifheQiR0gD_ZU5tyQbdJg
dsand,UC5f7SMkMhIwMBAujIdt79zg
kaka v420,UC8YgIoxMeCeMW_4U8C61VZw
VOIDENGER (fleppy),UC8cylWPNQVCM4imZTTNXzJA
NeotasticSHORTS,UC9rVsT61k5K5jdvuYk_DniA
Mr.RamenNoodlez,UCAVD1IM2a9j0GxMA1UU0SDg
John Casterline,UCE7spuKzxP1k8A-XucxxUAQ
Duolingo,UCG98ruDeyp55THxbpBCIv3g
netVel,UCHuShb-jwSJ4dv69gydLTyg
PACKGOD,UCIeuUT3mfhxreOMIls9fWew
Buur,UCIwZv2JVmkzM9OEflxvLKNQ
Joey Urbinati,UCK0OlKgFirAfbBYe0qsYUag
Nick DiGiovanni,UCMyOj6fhvKFMjxUCp3b_3gA
OverSimplified,UCNIuvl7V8zACPpTmmNIqP2A
Swedish_Fish,UCRbmwu-6eMgRijB0ybm-xuQ
Snooze,UCTIJ0315e-PBXcLAYKMTp7g
TD BRICKS,UCUU3GdGuQshZFRGnxAPBf_w
magnify,UCUi2SFPyyDNcsH2ZGpHyQIQ
Ninye,UCUvw__zQnaI_pcvMy2O0v6g
Big guy,UCWZp4y1jqBuvLtiyxSs_ZBw
MrBeast,UCX6OQ3DkcsbYNE6H8uQQuVA
The Winglet,UCe8Jx3nbqr-aZqNIBXfasGQ
Mumbo Jumbo,UChFur_NwVSbUozOcF_F2kMg
camman18,UCiZ2z8F8ilr6SC7lOaxAQ4g
Neotastic,UCkBlifL8Rk4gNLIcin7aZbQ
Samgaming01,UCkD-et33dTFlTDWfWZ3dLFQ
Your Average Orange Robloxian,UCnCR1QPMLkeHqEpPUUxAySA
SwinceBall,UCqSl9EYLGN8okNaavs7kmVQ
DaFuq!?Boom!,UCsSsgPaZ2GSmO6il8Cb5iGA
Elite Cameraman,UCuevnMrjieAbucLl46gTW9w
Willyandgaming,UCy-jd7_90SnIzqwu5uHzspg
RoyalPear,UCyoW_EfdNy0Z3FudNgeEqdA
