ProPepper,UC-BG8jc9gI_BpobNXldQuFw
Miniminuteman,UC-SrCCzkGq0wmSAuRs7EBFg
muyskerm,UC-bHiUvc7-Ru9R8CMkIUlpg
WILDCAT,UC-kOXc3gBwksVfmndSEz7jg
PewDiePie,UC-lHJZR3Gqxm24_Vd_AJ5Yw
Thamriyell,UC-nEaDR_bDc7_5oZDOh7TMA
Isaac Butterfield,UC-wBAxgUX9P0fXZ6-D0frRA
Elitelupus,UC00M4ztrpj2rMwpG6nMlM8w
GoldenLane Studio,UC0A7P5CK3JqoOq4p8BL4iFA
SoundSmith,UC0Eqb484X8EiNrFLSUQVsaA
DomCage,UC0Ibe0ewgaS6UGtjGS6Bqqw
Doctor Mike,UC0QHWhjbe5fGJEPz3sVb6nw
Superdansho,UC0VJroMD2AHuv0vEGA6d2bA
IAmCrusty,UC0coc93EYxWqNX6E5169lfw
Code Bullet,UC0e3QhIYukixgh5VVpKHH9Q
Valefisk,UC0eOlAEMdVgpmThPkpmR-qQ
Shyguymask,UC0kTZ3JppUFIitb7KhuDx7g
Seananners (Unofficial) VOD Archive,UC0llTu8mNInrquHzkm8QV3w
Two Star,UC0szxwii-u4CZkJIt2iu4_A
TheXPGamers,UC13nPkrDQH0A2s2vx_NAVdQ
Joeleo,UC13sP9RA0pO-sLEGY_zxAWg
Snaspey,UC14JqA-BgcbceUJT0ytBURQ
ymfah,UC17vsYVoIwch5UzPar1LDmQ
Level Up Norge,UC18gW9mv4LDAD_W_WcRYAvw
Atomic Nerd,UC1CRYVDEMX4OWXf3zbn5zyw
The Breakup Bounce,UC1GKruDGZlBa97Q1LL_YOGg
ApolloTV,UC1MaLhSumVa9tx_qL2BR-ug
GreyC Kid VR,UC1OqzexTQvHx1tFXynVdUig
Doktor Skipper,UC1UbX6IQrZfL42v1YqN_qsw
ANGELINA,UC1UhP8K98jURkORHXdMfxjg
woops,UC1Vat32duXWjY4uIdYVp5ow
Ryan Rushington,UC1XXl4mq6L-ggJoyEpvLGyw
Mate,UC1bX8lwdHmFZYmQ0JFvWyiw
NoBeans,UC1d8FpO_5Eo3r-gscCsKVgg
ImKevinn,UC1gFupzlvc-zqeI3mBz8GcQ
BigJigglyPanda,UC1o9zvRwIqP_K5ByWs-EVwA
IsTexmex,UC1xgG-ufde4HU3roi0YjqrQ
EminemMusic,UC20vb-R_px4CguHzzBPhoyQ
Chadoy,UC21x3ZFz_qlyVs_Xrvbi61Q
History Matters,UC22BdTgxefuvUivrjesETjg
Corey Loses,UC24e_8ncnLg-vptxVDNP-DA
Dead Meat,UC2IYWWifoIht9T47z1Z5lJw
Stimpee,UC2MjZanWOfyfsrHOyitmXbQ
Sbeev,UC2TiXlAJMU_QI2XQnYypdtQ
Leadstabxd,UC2j1xz7RSgLBpgajNe3KJjw
Zeducation,UC2kkU18MIJpUaCdokZj3_kQ
jschlattLIVE,UC2mP7il3YV7TxM_3m6U0bwA
Stealth17 Gaming,UC2mwsE-87Hfh9ZmSrqBqNIg
Kostamoinen,UC2uwKk98o5PMRQvQyiGTOog
RocketManFran,UC2xuBhl8yiLkMXTkBslh5pg
BaronVonGamez,UC34n5OYv8Z7PRP-mtkxkPwQ
Super Planet Dolan,UC3D_ZXHwaKekKwbO_LM48OQ
5uhDude,UC3HQp7xp7OIwsBoSirHq-8A
Lars?,UC3K1lGNrbD7Et436GH7K53w
MediExcalibur2012,UC3XsFM8tiaMOxbx2PW-hiPQ
Mini Ladd Vault,UC3YSK5WH8ZqimlIzc5iMc5Q
KODA HERE,UC3eP2Rn2iePLPLc3K2nFSJg
Lennester,UC3fuTjtext_YJuMLFuFX6hA
BaronVonGames,UC3qSqrIqiwgAY4LE1YHRv0Q
Defectus Expert,UC3rbooAaeZn-tsx1gWUqqeA
The Film Theorists,UC3sznuotAs2ohg_U__Jzj_Q
Northernlion,UC3tNpTOHsTnkmbwztCs30sA
Young America's Foundation,UC4-AGCUwX7C-D4BsBook9fQ
Pixelated Apollo,UC45a_j76kNDwJvbc2ufOkJg
ThatOnePrussian,UC4AGupKBcTVPQGVq9ClMvLA
Dino Stan,UC4Cqfx8Ju0HbtBzXDH-TCIA
Charles Cornell,UC4PIiYewI1YGyiZvgNlJNrA
Shermanator,UC4QQjqv-P_3LW_nMYp5T6HQ
Sp√•rtsklubben VGTV,UC4QjJrHPKO55921IMfbxSEw
parcel31u,UC4TjF-Z6jej88jz1lud-hQQ
PapaSheetbag,UC4WpFo4s9ffp26C9KXIJUig
Tango Tek,UC4YUKOBld2PoOLzk0YZ80lw
ADHD's World,UC4_b2E3PpCxnIPi5LfeIunQ
Endigo,UC4eazETNBaRuLwYrSYgMEig
TheAtlanticCraft,UC4f1zAG2BTkfOQV4_nFbpBQ
Smooth Line,UC4jSB23iC0u4hZU6IX0jvMA
SladeBlade,UC4mIXJ9mvfhchQd3uD7GeMw
Spudgun Official,UC4n1nJMC_kwDLM9-tm-zXjw
GooglyGazer,UC4pOady-cfXO0s6nboelCDw
Luna,UC4pxfsq8C7Ciwl2XOICD3Yw
BRIGHT SIDE,UC4rlAVgAK0SGk-yTfe48Qpw
Argyle Alligator,UC4sgVJ3_gffatIN2x34TR2A
MelodyAnimation,UC4tL-KMYcnTKP-kV-Oaa5NQ
Bitt3rSteel,UC4tWW-toq9KKo-HL3S8D23A
Demi,UC4wAEAMzWIHc2AJEgO-Iuvw
Akane Mirai [Moved to Akane Recaps],UC4zwMiigZ0xVK1Dqr1ILNIQ
Lord John,UC51X7EsDgBhsQdYHPKAqClQ
Dunderpatrullen,UC52orkO0DOHDVo_jT2o3EAg
Make America Great Again,UC53dQX2PHT6QgLaLi_D3-qw
Stryvver,UC5AIr59dKyaMVkBnWM-zb9w
Novakaido,UC5AW8aZOAuZpH6OaC58jWgg
Ace TheOcarinaMaker,UC5B4szjXkjgcwoAETpslE4Q
teamfortress,UC5BTcArAnit9p5W7etFsPsA
Devin Gibson,UC5DZ4oicRvd_rCK7zxTBXFQ
Whatifalthist,UC5Dw9TFdbPJoTDMSiJdIQTA
MrCatButts,UC5MYxjdFhX0s_x_T3gB7DgQ
Story Recapped,UC5NZ71oAHbXzhd-Mr1UxMNA
Zealous Creative,UC5OxO6isP-65pPOvgaoCmgA
Colder Milk,UC5Q6Zt6CxwsULGajC67na9Q
StanleyMOV,UC5QRSTUhnTCQo72Lh4ymWTA
Schaffrillas Productions,UC5UYMeKfZbFYnLHzoTJB1xA
Casual Geographic,UC5Yo88QF-chdugJbAnB2tUw
Tyler Csatari,UC5Z7Fc_QmKPzHv1Zl0Yw6AA
GreyWolf,UC5_GlxdVNBCuCVXBF2ocaPw
Techfast,UC5aa7bvaVs--LxBvl8GeXHQ
The Heritage Foundation,UC5bEfSFTYQVfLCwkhBt8NtQ
Typhoon Cinema,UC5dr8DMXhPeU3yKpEn8nR7Q
Music Theory for Gamers,UC5edtZAO_1Ay2Gu0UxdJcEQ
FusionZGamer,UC5enhS5tdXhHNbj8s_kdBUw
How Ridiculous,UC5f5IV0Bf79YLp_p9nfInRA
Rimmy Downunder,UC5gsrZTtWG_AqDFmuq81Q-w
Herman Dahl,UC5hrB_ax3FjT-ntl3pcWSOQ
Br0leg,UC5huW4frDgiMY02x8T4yE7g
CreativelyCristen,UC5kclG15ceJAKtDDbPrvsRA
Moto Madness,UC5nVgiv6elz5GnS6MTr1tVA
TommyInnit,UC5p_l5ZeB_wGjO_yDXwiqvw
Macrackle,UC5prGYMTbiMqK8-lMuX9clQ
SN4ILX,UC5q4mUxy3uaWlXa0y6ri8lw
KOSDFF tK,UC5qz52ldAit0D6fa9_lT7KA
IntelPlayz,UC5u2g4wA-PHxOzEvPfHKfSg
Insym,UC5uNya42ayhsRnZOR3mO6NA
Starlight_Syd [EN],UC5xRnKrJi7DDN_LQvotgpHg
Sum 41,UC5zU9uDbWQh6YW8qY5JsTXw
Interstellis,UC5zyfCm19cFdGAtWPLjgY5g
JennyMusic,UC60fI9UwIRsQkyGAX6bNCcA
PierreTheGod,UC61cIk7tsVr6amtml7B-Kag
spat,UC65_i1jDD6kVuQBSkEgNiPA
BlackSkyAudio,UC6D8KdQiqHf0gsELjmamPaA
Brave Wilderness,UC6E2mP01ZLH_kbAyeazCNdg
AICool27,UC6IQdngGzOC6hoE6u6tgcWQ
The Backlogs,UC6LBo0GXFaUtf-mWccqfw-w
oompaville,UC6Mjg5R5QOJYjrio1JmP8Fg
Reality Buzz,UC6N1ibfBDYeiw8BSJuB26sQ
Sarcasmitron,UC6WD1VImCVeOuNccuqDzAdA
The Lore Master,UC6X0WHKm7Po3FlBepIEg5og
Mous,UC6_DchggYg4N199lxNVn5hQ
Revtrosity,UC6_ZyTS_LCIMuB6aV4EabQg
faceplant47,UC6_r3gwij4KdlTQ97HQ8neg
Crayonized,UC6eGmK0TfIYhbwkLmXnyIeA
mostannoyingsounds,UC6ilALQ0lxezdtfZAaIqGug
DK,UC6imGoZz89lcLT0lqSI9FSA
Vsauce,UC6nSFpj9HTCZ5t-N3Rm3-HA
Crunchyroll,UC6pGDc4bFGD1_36IKv3FnYg
Adma,UC6teXMU1_AR1br5Dvvy_0jg
Jay Clay,UC6ut2ZgHivKIw0Bukbcyx2A
Kritter Klub,UC6zbH1Z4G32bBV9wyK6ikPA
WorstPremadeEver,UC7-e4BVU4SueDRU00h48d-A
Preston,UC70Dib4MvFfT1tU6MqeyHpQ
Curious Droid,UC726J5A0LLFRxQ0SZqr2mYQ
Cosy Naps VR-ASMR,UC72uhq8sHjLKNYOuL6g7H4w
Black and White Sports,UC73b_bf7j4fgTnBNRTqKKTA
Countryballs Explained,UC77VmMDPloF0FGN4RIqfsVA
DiMusiCover,UC78bGYLXCZuksMR1SQR_C7g
Krysiek,UC7AxhOcSFfzR9LIFp-tMiCQ
Danny Rayel,UC7GXtQx3ViCLls6-69hiYXg
Baker,UC7IqCZq_fhCBWd-_N8micnw
MusicNeverSleeps,UC7OlHCKh1QLUGpVfRQwKA-g
Team Ryan,UC7RCFI9hiScjU3qAzG1RwUw
Count Dankula,UC7SeFWZYFmsm1tqWxfuOTPQ
misterpaj,UC7T6Sb0V1SGF5oHv0fsePmA
TheNoohas,UC7TddNSxdkBYjNp-6mCYM0g
AviatorGaming,UC7U3eB5rsAGWPrR97unKRFQ
PizzaPie,UC7Uybl0rohmtyGRk2HWJJ-A
The Act Man,UC7WDD6yHgzdqijHluCi1z-Q
ISAB,UC7WQH4kpgxXJYHp8r9IAO-Q
Orrnery,UC7X46hORvlF6lSggtdSsbhg
Steal Rubles,UC7YaeRRncbDu2iQZOiMCAyA
Isherwood81,UC7YsBMY5Pdw-4cu811U1Ccw
Markiplier,UC7_YxT-KID8kRbqZo7MyscQ
Gigguk,UC7dF9qfBMXrSlaaFFDvV_Yg
The Podcast of the Lotus Eaters,UC7edjYPNhTm5LYJMT7UMt0Q
omegawott,UC7fK4hAJ6oM2g5qTLzPBLfQ
quotvine,UC7gxjMr0RPZadhtGLVFHeDQ
HalfEYEProduction,UC7j9yP0xYknSjzHWrlTV9Yg
THEIR0N$JEW,UC7kF0reY6_jGN2GJpuek_Ig
MELOO,UC7mUoVEsTSf2dVlvs8tB75A
Drain Cleaning AUSTRALIA,UC7sGXeJOixPBgJ3r5R55JYg
KINGDOM REACTS,UC7tHnNBqza2SrVtFb_b7fAg
Noise Boulder Records,UC7vCJzDy8VEn6sQlu93ezeA
Nogla & Terroriser React,UC7wV9BwhmNksC2VxZbOqiZA
Ryan Powell,UC7xVjmDaryKuczPfU_ngJug
boburnham,UC81hVmI5eEBIt3s3HQpJd_w
Dein0mite,UC8CG2a3IsUS8BV20HR-ahBw
StevieMcCrorie,UC8F7pXN82mueu988aqHZYEA
Dinesh D'Souza,UC8GAOCAJxBL4bExaUCvwL4Q
RetroSpecter,UC8H0nNZJfP4zYpuvdl_4AeA
Trigger Happy Media,UC8KbWhBEWVlEdkHmETx8MlA
Pathetic Millennial,UC8LDgti4_8TjZ3oAID8zSVw
ItsIlusion,UC8LE61Ru3afJ4ryezPQ2Qpg
SMG4,UC8LcA3grYZg0GNpxlXh8owg
Piemations,UC8RBLJdSpxSVWDc_bGKmdQQ
GioFilms,UC8XU8oVYRbU2Lifpeb8eUfg
History Secrets,UC8Yefv28y448lp_su2bZwhA
Canooon,UC8f80fwHF6nGLal5_1x0Slw
DropsteR,UC8iCEOnznY81akSLVkqRMeA
Lythero,UC8kCtPyCPg50n3XjmjRraGw
ShadowTheHedgehog2000,UC8lrt2S0ziI1MhjCifBNMxw
Smooved,UC8qkyF2XeTGSlN7hWTRcstw
Ruben Sim,UC8xo16miz2Jjji93BhE9Yug
Clockwork The Frog,UC8zNhbyCdAGRqRgeNSHLpFA
PokayLIVE,UC8zyZBjxlGyzs6i8A9W_SkA
Manga World,UC9-J6-dvKlchyg6ilpWuVpg
Timeless Dubs,UC92KOa8IzM2W55acxSmcydQ
SJW CRINGE MACHINE,UC92qENDvlCKpNCkUwJnFdkA
Wiishu,UC938rcL2U5qn7Pf8kspPE0g
PewDiePeePz,UC94HkRZ4dM_Q9QtaO-IOojg
triha,UC94Nvj7dKrHWFk5ZFAzrMBg
Glock9,UC96HuwJhXI2p-_zZi3oAR_g
Mega Lukas,UC9ATyzYGVcZkV41mbS7ZsWw
Battleforge,UC9As3L_Lw8R8hTudSOdmavw
UniqueGeese,UC9BkT4lu2bby5wdQe1brQHA
The Technical Miracle,UC9Bmvzk9QhEhGPVjgF8poSQ
GameGrumps,UC9CuvdOVfMPvKCiwdGKL3cQ
Chewyshoot,UC9DPjZJWe977Omwjuak3TGg
JoshDub,UC9DWJ33CMvIseLlyx6hyRnA
TheFateWeaver channel,UC9FNzg7KdUy3460J1YVG2AQ
Qualityxa,UC9HAoDhiSbCRsmZDtAdDoHw
VictorWirus,UC9HKgAOVSeRNntUfOcjv8xg
Seanie Dew,UC9OucCej3Rx7tS3O7df4ReA
RoomieOfficial,UC9SVhrnsGxWwiBRWT9c7Ozw
Dope,UC9VX0KXNH20x9MCH3xGjisg
SHiFT,UC9Y0uUKJ5y78QbhHbntAyFQ
TommyVODS,UC9gVCa6ap-KDayMRPg5wjIg
Dangoheart Animation,UC9iDlvBVMyE4sazC_cjaJ2A
Inside Edition,UC9k-yiEpRHMNVOnOi_aQK8w
That Creepy Reading,UC9li9QbQlmExYM6UxnvhuCQ
InnerLight Media,UC9mAlXHeaXA2zwK3JWlFj6w
Failboat,UC9mBJdNZxwE-La5vX0Kozvg
Dungeoneer Cartoons,UC9mGupWargZevz4LPLKwlgg
Richter Overtime,UC9mkzd_A2JEfLtITD6HF-Sg
Tyler Nicoli,UC9nJ8tyW_1TqZoDFYoqyAig
PsiSyn,UC9orSxnBRPy-fBLgv2JeWKA
Steemy,UC9rncYSPOFUx0nCdBh4P1Uw
RomanXV_,UC9sNWMBlFfw-nbp_Ks9ZMGA
Testwill23,UC9tVHHGovSRmy6zIom4w1vQ
ADC Vr,UC9wV7Px6V6cW3cUMJdCkGlQ
Jongo Phett,UC9ymgIEDVAcBysaWTGMNSvQ
The Anime Brain,UCA-FAv7smim_MmmIKR0UJBg
EvanMCGaming,UCA1mxOwASgWGYkvxN20-MBw
Daniel Valora,UCA1yISAMqcDVhVkdBxrcI6A
Ryan Reynolds,UCA3-nIYWu4PTWkb6NwhEpzg
Mori,UCA3OHQYyLKHdI_k54SMyb6w
Fatmagic,UCA5P2asXiu9Jmqg1YZpPo-A
TheInfectedFilms,UCA8Ch8SPGjQ2rhlrzrjJx-Q
SilentManJoe,UCA8WXl7HpoCY3ZYQeTjicMw
Campus Reform,UCA8sK_Bba0Eb-k33bD0ldhw
Barker,UCAH3oY4Gz0BDwmrkoiIUefA
Trafalgar,UCAJEdkwTB2xDYOU0Nz7VhcA
Give Heart Records,UCAKdbp1bKIdjqjRLIKvXCRA
Real Society,UCALzlENWuB4bwL9q5oo49wA
Papa Jake,UCANBW6ACWi9huiCfbKk1pbQ
SizzleGames,UCAPjEOZM0iMhgR-UxQYOzUQ
UmjiBear,UCAQgOB1WbhzfK03Dt3pNp0g
Kevin Staudt,UCAUaiFc0DfEMsvbmPM-Nz5w
Paint,UCAVns3lt0t7w8lmUZQFlvrA
Kaiffu Live,UCAYciZCU2lcmxgf4WzMMMaA
SpeirsTheAmazingHD,UCAbdeLiTPdjk1X2TY_ZdLDw
SupaAlf,UCAcTAVbuPXBnK8O5Dx-pVGA
Anton Hand,UCAh_PNH5RK1VF-vXrANLElQ
Beast Philanthropy,UCAiLfjNXkNv24uhpzUgPa6A
CharlesBerthoud,UCAi_uNeDWRXj8C8yw358gWw
Octo,UCAilZtisk9QHrFvQ-KNd0yg
Zealot,UCAkXaOSnlN01gOOxfkW705w
CarFlo,UCAoh6hCt0qHUM2WF4TzbEYg
Dieu le Roi,UCApR3wZK6ZfjOQY8ZBXQh3g
Donald J Trump,UCAql2DyGU2un1Ei2nMYsqOA
LixianTV,UCAua9maY1vtNdBlYqnHRhwA
PipeTron,UCAvcnH_qnVnAvMkRP0czfKw
Zooland.TV,UCAwU8LhVezlq6KW03CMexOw
Angelo Bissanti,UCAxUzEKUVWvrM4nRL1trxmg
Grapeapplesauce,UCAyFmGhTVmeSmGvx4ycr09A
KirksNewsNetwork,UCB63zbGTv8JgJGdYCfS4yRg
_toad14,UCB7BU11jVLkb9zcSEgrU15A
Sl1pg8r - Daily Stuff and Things!,UCB9y6hNzccY5rTQlnI1KNqA
Nux Taku,UCBBU7zUOhR_qShfMV26UUCA
theDa9L,UCBFcR4Z3OHszgx5t2xrW6nA
IGP,UCBGbTTcgn8AVEsEWdT3tI3Q
Doni Bobes,UCBGp_XPj3Oudk207UNw_tAg
Best of Markiplier Animated,UCBJiCPD23WVTcjBeYgiyH4Q
Jim Browning,UCBNG0osIBAprVcZZ3ic84vw
PrebzOgDennis,UCBNW5_epy0Yv_WLtflcGi_A
Vincenzobobenzo,UCBPPYLrNeSAj4AXuHoitO_Q
twenty one pilots,UCBQZwaNPFfJ1gZ1fLZpAEGw
Robot Head,UCBRWBRAwpuKvaOJpXd9Uj7Q
BuzzFeed Multiplayer,UCBUVGPsJzc1U8SECMgBaMFw
Starliner1701,UCBX7VRxASzvh3Z8XxCv_tkA
Fact5,UCBY0YI99QD1keTijkpGjQQw
Titanic Animations,UCBZaWaOLa_YHqP8TfFXeN-Q
Tom Scott,UCBa659QWEk1AI4Tg--mrJ2A
NotSamG,UCBazfMIzBtvB6FIfdlrhOTA
TrippyPepper,UCBczY8q9siLYhV_kP92JpmA
ShaneTheShadow,UCBj51z6msFQiX4pfmDejeZw
Bubbles Zest,UCBj7I_sknLgnbRPsyvtfN5w
Creeps20,UCBmKR5yKANis5RBxlLcMPbw
Bo Time Gaming,UCBnSIolzKHchMtU-_o-hntQ
im a squid kid,UCBoFMtI-g8t4gg3qGEvkSoA
KollektivetTV2,UCBtvGVEUmTuR7bKBDT03_FA
BCC Gaming,UCBw-Dz6wHRkxiXKCLoWqDzA
Morgz,UCBwSufNse8VMBvQM_rCSvgQ
bigschmokes,UCBz29LhkzEkQHSvWzjuxc4Q
A Dummie,UCBzYAtjNpudOSCP5_8W1iAw
Prestige Clips,UCC-uu-OqgYEx52KYQ-nJLRw
NaimManiger,UCC3SpSqaVKBwPiOuDa6fcDg
Camodo Gaming,UCC6ulNJ-KDoIa3VI2gcvQpA
RookieRider,UCC7aTOAhAZroKM14XHkh6Xg
Sir Strategy,UCC8BGEsYJpSIxkzN69YP7Vg
Slate,UCC8URt8-L-UTTRuH_Eohs_A
Ars Technica,UCCDU1fsmgvWljcW2aodfJsA
OnionReaper,UCCEO4AtwAupbQ721yraa5OQ
Jason Nash,UCCI_8nSz_TYWWaXMV475c9Q
GABBEE,UCCR19glb_uf1gAV5dtkfv5A
Cubby Cramer,UCCXT3JVyTo-C4tixskXdJ2A
Kingury,UCCXa4Khp9S161Qj-OGfQMIg
Xycron,UCCd2BkwTflJJQwCNBrUJ1cw
MortarMarv,UCCeRbpiu7tBeqk1q-f-1czA
Multicom,UCCeuzR_9KzUOaIo0EdTqQTQ
Minecrash,UCCh9h-mMJpfa6S1Nr1NTBLw
jmwFILMS,UCCiEKK4835FTejF4ogW4P-A
H2ODelirious,UCClNRixXlagwAd--5MwJKCw
Kadava,UCCmggVnEH_bpzaLnepgSUnw
Dr. Steve Turley,UCCsiAKRKcgzA_372WbXNBaw
MagicofRahat,UCCsj3Uk-cuVQejdoX-Pc_Lg
Markoni,UCCyWUAdEpsZFduikbljIBCA
Chickin,UCCy_f3PPyohjAhq01QrrJWw
Marine Ch. ÂÆùÈêò„Éû„É™„É≥,UCCzUftO8KOVkV4wQG1vkUvg
LlamaBomba,UCD-TpGxGOt1FZeJtrMFNBEg
Delfy,UCD-kJl5nhEKLp9WU76TwgKQ
Oyff,UCD1QymTi9ei-LPz61a2dPQA
SsethTzeentach,UCD6VugMZKRhSyzWEWA9W2fg
The Tryhard Party,UCD923yBwytFE7Vkl0plAyIw
Literally Nothing here,UCDCLUewXvZgx2tJXQHEUm4w
OfflineTV,UCDK9qD5DAQML-pzrtA7A4oA
TheRedmation,UCDLU7UERq5AqrZBB5UkwgmA
not Otzdarva,UCDO__Z-tZD4bfG9m4AkK_uA
Cassar,UCDQAF-9Tn2mgNtSYdLCIHZQ
MassiveG,UCDROnOVjS6VpxgAK6-HpzAQ
Let me solo her,UCDUpJh1Ek3plo34sGriwe-w
Kwote,UCDVzv2EXv-TX1Jeuv7iIIRw
SilentDroidd,UCDXStxlb4KX2yKHH01sr9Ug
flaretheunknown,UCDXhLMZsJSfifNxjpeyus5w
FunkySquadHD,UCDYCph3O3BlykIi2uegyEnA
Cj Dachamp,UCDZH6sjXpWd1k9kJyXJZn9g
Rat Knight,UCDZmaFnd0wA5vDvnWI6oU0Q
Teo,UCDa8HbNrmkFhKKOeiB7JaRw
LostInPlace,UCDixsf3UTX0xVPV4lhGn5Rg
UnusualTopHat Animations,UCDjG-LsV0rRoqN-G2DzNa4A
MusicalBasics,UCDjwdhrPW_MPEleDnPXOYTA
Toofty,UCDlA8px_8nNCqlTk1r9HuhA
Sidemen,UCDogdKl7t7NHzQ95aEwkdMw
WGN News,UCDrLGkZTcNCshOLiKi5NtEw
Vibey Squares,UCDtDAUNRSoBuBx1mtwn9Wlg
HannibalTheRising,UCDxoYcyHJy61xxS457l1v9A
Andrew Video,UCDzsdwNAO6K8CRCWD7ifJwQ
TheLazyPeon,UCE-f0sqi-H7kuLT0YiW9rcA
Ardy,UCE-w3J_iv5UHbielHVx1p2A
CuriousReason,UCE2nCeWL6oxoYXEsC8pAqPA
blueAwoo,UCE6l02Iwv7vJlAXfBE7ZUcw
FavreMySabre,UCE8AXzs4x8VDoC58JYppO2g
Frogarchist,UCE9UqO3J3G7_WqGJLWNzvjg
WhiteNoiseDesign,UCECOBLLaLrMP8HmrVTGVZZA
The8BitDrummer,UCEHXNknwbsRu73QsakWIdzQ
Ronald Reagan Presidential Foundation & Institute,UCEJi23qnygQHE5UeLXoV_JQ
FakeJake,UCELShpTQ3-sXIjHNO--NHwg
Howard Day,UCEO9HVZSX-YiYBRo6s10igQ
Cohh Shorts,UCEOlsprowVkc5gWlvtf0RBw
Neither,UCEPOq67xCrD5pW6LIAIFqsg
Baibai & Huginn,UCEQw7uNijPAWpQcXtTeKRJw
DashieGames,UCERUmrDh9hmqEXBsnYFNTIA
Our Protagonist,UCETBl65oV19jVKztrSsIUqg
The Engineer,UCEU7w9Cq1WYImCEbgdgvDhQ
Penguinos007,UCEWK537a_3Ddy38cBItnjaA
Patty Mayo,UCEYLdM2bdhmw-TS3c0TjFNw
Cannur,UCE_PWDA01KI5ubI4K69A2Ww
VShojo Shorts,UCEcW1x1GhXZNxurEVJ5lB2A
Ro0oney,UCEibqgKRgUg_iVIq2w6bGgg
Pizza Pasta,UCEjil7Zm4i2ExjD7hsB43Hg
Solid jj,UCEq_Dr1GHvnNPQNfgOzhZ8Q
MerryMemes,UCExcfoGQSv3LPg7Hc2jCOrA
The Iron Channel,UCF1bMc0qeM5VPTkxndgD15A
OtakMori Vtuber Clips,UCF4-I8ZQL6Aa-iHfdz-B9KQ
ThatOnePianoKid,UCF8fBX0xRssrywepdRUQ1Mw
People Ruin Everything,UCFAWGdmiwzSkeF3AALEp3Bg
Technoblade,UCFAiFyGs6oDiF1Nf-rRJpZA
Quazies,UCFCnAjYi692ryCBxngcfMFg
Dr Shaym,UCFCnavulDXsrIHGNZpzY-Ow
Slash Gaming,UCFE359CTDRwda3r0zgd716A
Wolfy Playz,UCFEO-6i4jm0qABa8I-hnUtA
ZombieSMT,UCFF2EpkAZoX8MQKhSjMZELw
Gun Vs Gun,UCFFUY0PCOH3CieBjbZd5suw
Muichirou XIV,UCFGbR-eb7DMjHXZNsvJzwoA
TKTails VR,UCFHUy95T0ftDIkQKFdRZSHw
iSpy OC*,UCFJrulJOEn6Xh66xa-SAH8A
Lathland,UCFLXUteuWTuXIjxf2OpKC4A
UpIsNotJump,UCFLwN7vRu8M057qJF8TsBaA
ProdCharles,UCFNAsYiEkgvevo6fbfepOqg
Jowatt,UCFOT3LZh-YKj4nWEfPWCnPg
MasterofRoflness,UCFPeP6HuRmAr_Q2Vfbxnlww
The Living Tombstone,UCFYMDSW-BzeYZKFSxROw3Rg
Life of Tom,UCFYs3KYHDPoZfwGv0A4sYGQ
Phantaboulous,UCFarfo41ttZcCEGReiXuhdA
Davyd Kotok,UCFbmvnsYSXY8uQOM33ETgSQ
Elite Rejects,UCFgNxNVSxneyuGavnCxvr6A
Jordan Peterson Fan Channel,UCFh3dBRQToGvu8bjr-CdV4Q
Cwitchy,UCFipayYs4TjaCVddojSK-pg
MOTHERv3,UCFozqRSzA3K_EcCGHRKspRw
B-WHERE,UCFtswsldq3ts7n4ftUFtYrg
The Kiffness,UCFy846QdKs3LbLgBpSqPcdg
Magickappa,UCFzTDOtwWftwsU6gYuU224g
Deargrigh,UCFzk6ohjuN5uQlzH_-Mq78g
Kanon's RomCom Mangas,UCG0bIjs1DXYKvaCO4t6irAQ
Koefficient,UCG4vQ1sUbqy_1B8ePnqaBrw
Zalzar,UCG5kMICcdFXNhhK5KyggloA
stakuyi,UCG70W3nzRJ2ILbL8orxkBJQ
Tim Pool,UCG749Dj4V2fKa143f8sE60Q
Yrridian,UCGBpgyws51hzfELwQZg4ltQ
MHGR,UCGE2ndyQmVcg1QZWCKZ_3lg
Battle Universe,UCGGlk1zXSXEeb_gP2ciY7Hg
THEBrandonBrownsonJr,UCGKmY5E_AacZ0KlxvWd_ixw
Rhyming Moves,UCGKt7OOIsKtQsfTh6Ll3vPA
Dokudokus,UCGLHdKrRVhxsVya9Vo2mtmA
Artemisblue,UCGNFaLYWrCOoyMOzcQ5GIHA
ItalianNinja,UCGP3b_ymk3gY8cUHmsnYyng
Possible History,UCGQNwLGt7oFYC7XpUNqqSQg
Star Wars Reading Club,UCGShEunFKvEhTYRKesRgakQ
Aubarino,UCGTDNFipjYbGAFPhXC2nXDQ
Just James,UCGTSIn3qkCMhYtgVQNdNXhA
Morley,UCGWold-_31XcfRvZgykoKqQ
PBJ,UCGcjS1DkSio8pyeK7dpWzbQ
Mixxed King,UCGdOin_x69Lp4_TbuNExuFg
Kougaon,UCGe4oE3KCvI8dVG_dbADPAQ
Th3Vale,UCGeABNLJrrNXhAVHnmIYVqQ
Bo Pacino,UCGgv1IUeLgIVEg-fg9HVzSA
Krayzeke TV,UCGiurMWufhNi9inQ4LpK8Tg
Goat Breakers,UCGjH-fUd8xNpERe23On-n2Q
iTMG,UCGlrmkGiIu-FFAxcifnng4g
HRT Knowable,UCGm12C0Xn3KAfybqzqAyiFw
JJ Olatunji,UCGmnsW623G1r-Chmo5RB4Yw
RowdyGuy,UCGxmh7rCymCYYl85xl5r1UA
No Rap Versions,UCGxoxw2A-fNH-MUyzVzp4Rg
Rebel News,UCGy6uV7yqGWDeUWTZzT3ZEg
Pernee,UCH2ERH46UkG-J50NcBN_0KA
Drunken Invader,UCH2V2c0cCuJ4WKo_pgm-Y1g
Dan Povenmire,UCH6Xtt4GpcQXjOq0_PTDhAw
Tank Fish,UCH6sNLmH-rsATLffdpGYscQ
Chibi Devi Chaos Ch.,UCH7UxlhZ8uIyPu4logeZ6aA
Case,UCH7xPJPFID_kPsxaw50vveg
Osirois Music,UCH8297E24GJcGeRyoW2CpEw
Stephan Krosecz,UCH8A0tBodub5ZNg8BbDCecA
Skye Storme,UCH8Eirtdko5wjPmuOp6wb_Q
Olli43,UCH91ivVTdIPZkhWi6oqeQPQ
Taureor,UCHCpQDg3KW3PODwTHE-lu6g
Strong Successful Male,UCHFqcgpUuyOGSsG5N3_N0sA
Gizzy Gazza Cartoons,UCHJEU52X1zlv80dzfc3sYUg
AniPin ,UCHLxd4SLFb3zE9hlNHppEBQ
ULTIMATE MEANING,UCHML8bcnDKSV2idf3OdoHng
The Serious Strategy Gamer,UCHMi-e2GhEKpwPEolvK96ag
AllShamNoWow,UCHQESNIbXuQM-QUeMf7CFjQ
JFB492,UCHR9EypGYO2LZf2ZeMCltsg
Ryguyrocky,UCHRTfR2r0Ss3UjFyw7gSA-A
Bodil40,UCHRhlf-UGgfolYOTaFxM2rQ
D'Angelo Wallace,UCHTM9IknXs4ZHzwHqDjakoQ
Rekson,UCHUp19nJMUs_nQRChmeHUTw
Steve Hofstetter,UCHVd0LM1g9S0cttDHkidEHA
Crusader King ,UCHX8g_u23-DYaQCHGTJAjdA
M√∂nkey,UCHYAMXC21gNetMz14imBc9A
FitMC,UCHZ986wm_sJT6wntdDTIIcw
Pungence,UCHcOgmlVc0Ua5RI4pGoNB0w
ChiliOfDestiny,UCHccuAPqKRjMu5oVJQt_nbw
Seriamon,UCHfdcK0aPhOWlCITEVW_fCg
Fliptrip,UCHis1zYTu-Tkz7FkDHa9aWA
Pr1vateLime,UCHmCNLSWfsA6uoHB-3ClP1w
The Guardian,UCHpw8xwDNhU9gdohEcJu4aA
Gilbert Beltran,UCHqXQbvPMLvEIst9R-m-fKA
SpeTheof1996,UCHqoYyD6UdHLXQsICeE9iXQ
NickHal,UCHrVTL2g9dck0ga4NSvReYA
PandaFire11,UCHs3J1IGiZQ8yicr58p1TRA
TierZoo,UCHsRtomD4twRf5WVHHk-cMw
Daily Dose of Hololive EN,UCHt7_vg0S5-wCIhvTWPt8Dw
DayDream,UCHw8is7GfBWi9Xt55sQXq_A
Tyrannicon,UCHxt657_CXou2olVGks-tGw
Jack Cole,UCHzfWTvyt4VY7QTKKwY84Tw
1sh1k1,UCI1Fe4LQ1IHOE09s93QniZQ
Node,UCI4Wh0EQPjGx2jJLjmTsFBQ
DALLMYD,UCI4fHQkguBNW3SwTqmehzjw
ChrisQuitsReality,UCI6uojLUMMuHqPKUd7SL8Jw
Eliminate,UCI7kKmUuSQOHUvSWIYFDf1Q
Birdman,UCI9f0Yq6Om7Q8HWZdncJ2Ng
Doctor Lalve,UCIB9yxqIxexGonoYMl2mrfQ
ThatFella,UCIDMvJsKV2euLeFWEAl1eKg
Incognito Mouse,UCIDTTYgcxAN-jFYMsFu-lGA
Gordon Ramsay,UCIEv3lZ_tNXHzL3ox-_uUGQ
80skidgrownup 00,UCII_aT_4E6gI8U-UAVoey2A
Kaptein Sabeltann - Topic,UCIK7aQJUhAv7ATzhTUowSUQ
I REALLY LIKE PIES,UCIKkYV95WgYv-9ibt9Hi9Kg
a Woolen Sleevelet,UCIKlNynwbTJVNH2M8i9yGhw
The Dodo,UCINb0wqPz-A0dV9nARjJlOQ
Nerd Explains,UCIOE_IzglfnHyaOYbvpJxjA
Don Stever,UCIPvxxHtvyQ4fSTj5JWpzog
Chaotic Florius,UCIRO1rb2duVChloHTMh6ssQ
Best of Asmongold,UCIS4oO_HUGtNDmUETH5vSCQ
ETU - Animated Stories,UCISM-HG8LA5pzD4S8CXZfkQ
Arumba,UCISPcad-6svNxgViVr_syvA
Kelski,UCIUT3n7rmlWgXb5gf7o8uIA
Mevoda,UCIVaqSOrVjJg_YOAKaTp25w
E,UCIZOwwQ2GsbtXbCkNS4S3Uw
ZAMination,UCI_hjK53AIDlpB-Rpr1WnwQ
Dani,UCIabPXjvT5BVTxRDPCBBOOQ
Laura Vitr√©,UCIdYtialPCJ7Gigoy8eEz9g
lionheartx10,UCIeaxRCoSLFLHvrCInghqcw
Maurice Barnett,UCIew7f8kbCT2xijgT6s73pA
Nordavinden,UCIi3PTB4_BvoAhhyn9HWNlQ
ProHenis,UCIjFoXSQ9HYbcWmRVIsH-Ow
Metatron,UCIjGKyrdT4Gja0VLO40RlOw
ng1nx,UCInNTGItCxYr3HrWce2ub4g
druxfilms,UCIok1W8ZDXIhrZCpKFISKBQ
Adamhp1212,UCIokqfbO3zSuBE3FTtnVLFQ
Liberal Hivemind,UCIr4vkCsn0tdTW2xZ1jRG1g
Keith C,UCItxDIthdDxzMqJJTJDDyoA
foxxomusic,UCIuPScTxTUfAlPpaQ0q7crg
StevenCrowder,UCIveFvW-ARp_B_RckhweNJw
Dwevy,UCIzAQYPKC6DcxDSYxqfcAWA
ElectroBOOM,UCJ0-OtVpF0wOKEqT2Z1HEtA
The Late Late Show with James Corden,UCJ0uqCI0Vqr2Rrt1HseGirg
Yosuto,UCJ1FHssfaGtUx1Ax-8-7C_g
unnamed,UCJ6CXXez670DpUYOCVgEE0Q
ItsAllViral,UCJ9Is1AFrg6CmtM1K7A_z5w
Oris tv,UCJ9nM6-wAt9RIiPqw2i-fuA
OOfro,UCJBjMXZn0p0mo6KndePbImw
LICHTENSTEIN,UCJEdqOhpTEtHf246ri8vkrw
Nylex,UCJJctLAgwQujZ_pVyeddyUQ
Snap Strategy,UCJK4WRLF64hpJrRIjIkQsdw
CrowBarrier,UCJLqLswj66ftmMjZPiUJRCA
Moo,UCJQcOj0yUAef9Wq6wE7OWVA
Whitt,UCJUNV-KfKHt3_4Zxm-cZWvA
pwnagemcgee,UCJZBmay5Wu_dMzr8KJNlr1w
MR. ILLUSTRATED,UCJZj3q_2pHasvlILdU1huHA
HintShot,UCJZtxZyMmB0E919ZhkAKW8A
PHD Mcstuffin,UCJ_CjbIHEySj3vvouZMU86A
raddles,UCJbVuKBKdegR5-ZlsSQpQMg
ASMR Shanny,UCJbZIdpEuS5YmV7KkFdA0mw
The Rubin Report,UCJdKr0Bgd_5saZYqLCa9mng
omotea ‚Äúomotti‚Äù,UCJdoOeD2N8sM_LEREHG6kYQ
Tom Simons,UCJdxdc4MqvZRD9oFYoCl7wQ
Big Coomer,UCJitrNqvsMIHQlNBVXlZADA
Thoelian,UCJjlfJ9dZI0PVxeWbY9wJIw
Undertale Comic TV,UCJpL0JQKe7I2EbphDI7IKPw
HAWXX IS RIPPIN,UCJsDE8sTo5oLtEeKYmXg4BA
Dschinghis Khan Official,UCJsvoYhlKQH6wqZJ9eDYYsA
Jakkuba,UCJvI5gBqnnshcwGdpdDxp0A
Sir Swag,UCJy232tY_LUd1NuBgsSNUEA
Plants vs Zombies Gaming,UCJyPxQA19QWAmR7ePOqV4dg
Hecuba,UCJzyqivEVGq4NVOdpd8HLGg
Mah-Dry-Bread - Gameplay & Streams!,UCK-QfN_fautoBhHm2C4uECQ
Blitz,UCK3eoeo-HGHH11Pevo1MzfQ
DOLLARplays,UCK4ahuEsZI9mHH4_gJHlr8w
Zesty Jesus,UCK4vkBdxcbBo4dFjN46J4hg
TheEnforcerGuy,UCK5-1HS4-iBJgzHl1xNs6_g
DAGames,UCK7OXr0m5mnM1z9p7n_Bwfw
LazyBones official,UCKCkM6-QEN1ygywUMVQRGZg
ISP,UCKEHKGXN9i0djB3tGHbfCZg
MC Fixer,UCKENt-CKt3km1iPtgulHrJA
ManofTheThighs,UCKEmZleprwRUVv5dn5B5Yvg
kingani,UCKHR-onQ7E0vyrEWgxiRljQ
Fin Draper,UCKIlXRT17tow9IItqnMo5NA
STBlackST,UCKJ_K9leOcR74yF-R1vjYog
Benjamin Magnus Games,UCKLfxJMnEM9dn_KAHmJSAcw
TruNoom,UCKQEfXR_uflA4vDtJHmEIIQ
lol ik,UCKUGFkMQq-79xYLVSsgXeFQ
African Diaspora News Channel,UCKZGcrxRAhdUi58Mdr565mw
David JP Phillips,UCKZXMa9trFmNTAoGKM-_wfg
choopo,UCKZue4bYHQ1X46WMcZTPfXA
TheWhat Show,UCKaLvqnOyhNjOa5lvfZBZRg
OfficialNerdCubed,UCKab3hYnOoTZZbEUQBMx-ww
Nobodies Records,UCKhsGIW3ER77D-w6uWnX-HQ
Spegady,UCKia6S5YKsd0NuAt64jluGA
outsidexbox,UCKk076mm-7JjLxJcFSXIPJA
Sky Does Everything,UCKlhpmbHGxBE6uw9B_uLeqQ
Rob Landes,UCKnBNM0_8P87KomLAAqVxNw
VanossGaming,UCKqH_9mk1waLgBiL2vT5b9g
Awhmi,UCKr2Dvc51C6QMaXp6DrULHA
Crispy Concords,UCKt6UNcaVIS258z9Gujeirw
ManlyBadassHero,UCKv8Rrrdc9oxLJmdHItafLA
Strategiser,UCKvYioZUoOxcrUghUEFs4Xw
Adobe Creative Cloud,UCL0iAkpqV5YaIVG7xkDtS4Q
Candace Owens,UCL0u5uz7KZ9q-pe-VC8TY-w
Tyler McVicker,UCL5RKbiAPqSC_mUIjCpx3xg
GeneralMcBadass,UCL7q5W3i9hUEC0qnyClOGlQ
Coda,UCL8Wk-_MgnFnZV5Hfn9eM7g
GhostRobo,UCL9QTpkZUW8iW_0Y4XKWhrA
CG5,UCLCdyRg3u5O-EVP5p46QxcQ
TobyGames,UCLCmJiSbIoa_ZFiBOBDf6ZA
Cowokie,UCLEJGD49J7vxwKSUCJQYrGg
Justa Minx,UCLKqE_2ypspRF7_z4bTmLBQ
Numskull TV,UCLMWf4_-Rf4rxBCcwIvufPw
FlareSnare,UCLN6NNLHu2wcIrehyQfdKxg
Daily Dose of Snuffy,UCLU7qj7RHY2TLx6Mu8v3FBQ
Gamza,UCLVAZkz0cydrnWbQqSg0Exw
Jordan B Peterson,UCL_f53ZEJxp8TtlOkHwMV9Q
Bitz,UCLa4kFhK3uSTB3xegO6ny6A
XtremeGamez,UCLe_kjXzRP_0opzw-BXiQxw
theduckgoesmoo,UCLf7okBJU8O9h9GuT7iFDwg
PWA,UCLhSJ9SUOsBm2hEbw9jWA_w
Dumbsville,UCLhoj8ijqBVymbVD48hhQIQ
Remixer Darken,UCLjGi0-AFiodk50e0hEjPSQ
Joe Weller,UCLk9wddjT0F-HILLRFXodtg
Vootz,UCLlyEZulDtSF1T-CPGMIjOg
The Next News Network,UCLoNQH9RCndfUGOb2f7E1Ew
Shadow Star,UCLqy_WhC9JSpqMR7YfwVNRA
SilverC16,UCLr7GSshXcPxt6Kt-_1WqPg
Big Joey,UCLtTJ0ru8UoMm6ikvp-YS8A
L'Orchestra Cin√©matique,UCLuEtEE-MF7EYtGcN0Z6mDg
Havenhand,UCM2o5Sn0Tb8s7H0gmwafeYw
SoCloseToToast,UCM90gMiLPlVnhSLhrdF_MZA
CrowderBits,UCMAtX9eFBpwc4LtgvbqsOpQ
ThatUmbrellaGuy,UCMAwi5fm2yOSEeKd_Qv0Z2Q
Yahiamice,UCMEKIloLcEmtdW7PpvGhGwQ
Nate,UCMFYDvYDFEHfHp9pb3YEeow
Doc Rich,UCMJD9wZVMP8X-9pa1JxbGTw
Elijah Delrisco,UCMLkeRSmGuPlpYqw02zH9lw
RuffSenpai 2,UCMOqKecbSzEqB8WEJE0U9kA
Rezzy,UCMPcoizmPrbvFCs1X-eEmng
JJJacksfilms,UCMUyG01MXNeiTykIlvWwIRQ
The Last Bacon,UCMVAbo1bIaXtoHeKaZRnU5Q
The Countdown,UCMXcg6jFmCwXCl8Xa6hq8fQ
Mirai Akari Project,UCMYtONm441rBogWK_xPH9HA
Fortnite Central,UCMc_udNCbogsweA2o58knww
SwaggerSouls,UCMdGPato0IC5-zZjJIf-P9w
JM,UCMfM39xhfy7t73RWQS0kCWg
Radiant Soul,UCMfe3UO3KtKxUNhkGatcPGQ
Big Fat Racing,UCMhEKTKGDWLZzjbc5YACX3Q
The Poor Mans Podcast Reacts,UCMhMHJ4XMIgrq0Bp8Xn06Dw
Modern History TV,UCMjlDOf0UO9wSijFqPE9wBw
Yog Stuff,UCMlKWsPKWAEAlPHCqj9lZAg
Kings and Generals,UCMmaBzfCCwZ2KqaBJjkj0fw
Jerz,UCMpyObh-8N1pT5tKx4PBSPg
Degenerocity,UCMr1lqB1oN3-cYf6cj6-v-A
kernel,UCMri-JRKKRc8utWzfPApx-Q
YellowFlash 2,UCMrpRnyBJhgVBy3rm0K4P5w
AdventuresOfSly,UCMtfSWbhQkrRjli4eT6_xag
REAL LIFE HEROES,UCMtovPdEt_pwJuJ8MwVyS0g
Ninomae Ina'nis Ch. hololive-EN,UCMwGHR0BTZuLsmjY_NT5Pwg
Yappy Beeman   ,UCMxMK8p95f-5mWEEDKLA8WA
GaLm,UCN-Klifn9C7kINwpIA0uOHw
Vlogging Through History,UCN-p-fxcoKT4Ltg1vPZIxGQ
Absolute Habibi,UCN0ciGS11yW89ziWTrFY5eg
Nano,UCN17Z31n_ionhzAjyV7pmXw
Stand Your Ground America,UCN1ojhK767ig65QOanROK3w
Angry Cops,UCN3rhkHmloHwqgat8LHk2yg
Robbaz,UCN474WQPkqqhUbxhkXKieQw
Pyrocynical,UCN5xN8gIljvWYnsj06V8WbQ
NISLT,UCN9LNqoduSQkOdxlxKgPnnw
MarkoJD1997x,UCNACgXXtgwSFpyWSObBlE2w
DuckSwagington,UCNB8gBfH5B8LIC-L5p8SA-A
myworldisgettingdumber,UCNBG27S1kuMrx0oO19QUMPA
A&E,UCNIFiHaLZkYASaWDdkC1njg
OverSimplified,UCNIuvl7V8zACPpTmmNIqP2A
Charborg,UCNM3W16DLgPc6NR1xHs5xbw
BedBananas,UCNMSCL9rDJJez6mP5gSpAPQ
Mr Sark,UCNPCx6BWK0ID6UKO1QicOmQ
farfromsubtle,UCNUx8bzoHniTZ3hp-UfA4OQ
SHINIGAMIEATER,UCNVEfJWVP6TXWIv6M3W6x3g
schmoyoho,UCNYrK4tc5i1-eL8TXesH2pg
Exploring With Josh,UCNYsIqBwQyhnNDVf7SXJV9w
Christ Like Media,UCNkdg2cf3NZ0FSYqyJx4FCQ
Flashgitz,UCNnKprAG-MWLsk-GsbsC2BA
Pravus,UCNoLwxiLiQIKX2Lk0WuTgkw
RelicMC,UCNpX7sQKwRQI6mQLHehTT5Q
RubixRaptor,UCNq9guLAKVEUqh7m3aOgleQ
Ant & Dec's Saturday Night Takeaway,UCNsXOvE8mBbs0r5ijYkHVWQ
AULTISMCJ,UCNt5PBqs92x2wamsOxB9VPw
TedsAttic,UCNv5RD6QAQEPSxofmafHszw
gameranx,UCNvzD7Z-g64bPXxGzaQaa4g
Matt Walsh,UCO01ytfzgXYy4glnPJm4PPQ
Sky News Australia,UCO0akufu9MOzyz3nvGIXAAw
OneyPlays,UCO1ITICo8MLHGAXR1uzFwjA
ChilledChaos,UCO5KTtyzcJK2R4VUhsCVYUQ
Atozy,UCO7dBj4bwaDOMoX-kKYF2Ww
MaTSix,UCO7glIp4VBQFPex1JFdArfw
PhuzzyBond,UCO8PSfAHaJtWKW4NiJ-WCKg
ReformistTM,UCOA1yrrvuBsl0ifIioiTNXQ
Muaaz,UCOCBH9Xcdf9vN6gpWxM0POA
Salohcin Studios,UCOEe0p1X-WlTIaddK2QPObA
Pree Spunky,UCOHCtydr31G1LyXtAP1P6_g
VroomVroomDana,UCOPESltEaai1-QsCNT5ioCA
Reeses,UCOPPLHDT0himQshyvVUcM4g
Aaron Esser,UCOTaQOueW7Va3rVF3PGL4hw
LordMinion777,UCOTiOsMISuYcYV7aV-4z-Rw
KeysJore,UCOTyb6e_v9cz2Bu7VzFW7tg
Soliloquy,UCOU-cHVIJhJ9JAeg2ZIIrRg
Did You Know ?,UCOaD4JxNYk29LHbHTOx3SQA
Denis,UCOaMOXfe8EWH1GJyhqhXrAA
Aimin,UCOb-ws0S8DmfU4nq4M4z6Rw
Solid Helium,UCOcDkC1rQBxw_ddXDCGl8Hw
Comic Crafter,UCOhJWGUihAcbMGRMPm8KO0A
Starsnipe - Daily Videos,UCOishUlW3I83Ocp8rvJJTfQ
Hypercore Ripper,UCOj1279n5mk5tH-BQuFN-2w
MemerMan,UCOjc2LTXq55J0HNUMvNhvYw
Noodly Noodles,UCOlFvGRL2cB9Tje0RImsjnw
DanQ8000,UCOlvhCZQc3P9WuD7486BVFw
PoisonousCookie,UCOmCUMe_k4xbsJGNoIZ3Ddg
J-Hall,UCOmGSSJp64kx0930T98l2cA
Killem,UCOmgFmujG7IRrz4zeDfi-YQ
Scrubs,UCOoj5CUi2dns4kLN5jrOvQw
AaronSayWhat,UCOuaylb4q8uCnmtChhOOLiQ
LyricWulf,UCOvUbpPE2ev8pXcmadB6ryw
Bad History,UCOvidg1tD2CxSrEDtmUKfBw
CypherDen,UCOwxx9VnEnlFKt5EB70KTzQ
Your Soul Music,UCOySU_n63NHuDQdzIc0ic1A
RealLifeLore,UCP5tjEmvPItGyLhmjdwP7Ww
wiseman52,UCP86hnrHwSp1AVNezVq1gqw
UDY,UCP8dEm4e63fY8rG-cQXgo7A
First We Feast,UCPD_bxCRGpmmeQcbe2kpPaA
3D SBS BEST X-TREME HD videos & gameplays,UCPGng1wqi3AjbTP3ZXqrdtQ
Aiko Okonomiyaki „ÄêHololive En Clips„Äë,UCPH715EHo1FhZcneh383m4A
AnthonyPadilla,UCPJHQ5_DLtxZ1gzBvZE99_g
WatTheWut,UCPKQ5y7vzE_QwN5z4tILsRg
TheDooo,UCPKgIhTC3BdkAwMw6s-GEug
The Big Fat Quiz Channel,UCPLprhhvUopJOf3Lvv1hNZQ
KAISER VS,UCPPP8HB_VF3TOfBxEVOTe_g
Great idea,UCPQCG4ohoQXAGOV8bpb7eqQ
Dennis Vareide,UCPT72qgNnoVt7xzjw7iWQEg
Tim Hansen,UCPU624qm7JS4dmIgYWEMB3Q
Garbaj,UCPUe9uOcp1UMpVi6Vll60Jw
Junk,UCPW60M9vFu8veTmBB-kF0jw
Rampaned,UCPWnrCdM50Cg2RdiUs7N0eQ
The Completionist,UCPYJR2EIu0_MJaDeSGwkIVw
Miskatonic Memorialist,UCP_y3YX-VES9_kQIc1tBhEg
Charles J. Thomas,UCPeBO3yHa4PKw9wzE_axDAQ
Sapherz,UCPeCeIDhe8uwWmgrJDgV0bg
Jameskii,UCPfjB94mhe8Gsnd9qIzUKHA
Andiematronic,UCPie1jklJXu7aZeEDgNzp5A
A Different Perspective,UCPil_4BGRUgC7OAN21V4nOQ
GradeBUnderB,UCPipGON7E7TV4vw3ByW031g
Epic Orchestra,UCPnwQLqtO7ESlLH_329WE-g
Crash Maul,UCPqsKHhMJnrNBHqwBBoHDBA
Luigikid Gaming,UCPsV7o0y_il6tF5vhl8fhTQ
CDawgVA,UCPsZ_0SkFdi551iYTG04R2g
Just a Robot,UCQ0IAkWrkZi_UPhV-JFUFDA
LIVE DJ FLO,UCQ1Flkyp7e2Vqgu4y5mJvsg
Mini Ladd,UCQCnMFr8uHBaMTaNBhych_A
SovietWomble,UCQD3awTLw9i8Xzh85FKsuJA
A Jolly Wangcore,UCQEnQfezywrAwkHWX_Uo_Qg
MRFACE,UCQFhDCeJTc25IrJHLiFWpZQ
Undead Chronic XIV,UCQFmMdigU77jb2nFs3DAz1w
Red Z,UCQFpHnCKtQXWO5yI9dcIRlw
MsHildur90,UCQKSzZvZHwW4AlmJ4WStmjg
Mr.Wobbles,UCQLOEmIHO97_C_QjK4zfS3Q
CallMeCarson,UCQMjMW-9PhWoH6TWwmnVWvA
ITzDark - Stream Highlights,UCQNeaM7nybBW3VatOXs4bNQ
HeyYa,UCQOCqvl-Rak9fyoCz1ikK_g
pan da,UCQQdTQ70BtQQM_RqOI846bQ
Monsieur Z,UCQR_kmeb0lBEk1Zj_9LWDHA
EazySpeezy,UCQSEAbOs6vsJfy7WN7iYaGQ
TED Archive,UCQSrdt0-Iu8qVEiJyzhrfdQ
FactFile,UCQYqZHRVVWo_CFk2xryfzkg
Martinez Twins,UCQ_RJNjvGLGLoxU6pPodvkQ
ListenOnRepeat,UCQaVHC5cXAo9B2Ji-lW2zuQ
Freyjinn,UCQaVcOXtnkCs9fEBBUkW7wA
Landor og CO,UCQcgBaZZTA5DUto_rfHrK7A
IULITMx,UCQdgVr3dEAeUvDbhSHAw4Gg
Cece,UCQe6S-H4Ynjcf-F3OvGMn4g
Asmongold TV  ,UCQeRaTukNYft1_6AZPACnog
Terroriser,UCQiojTHkAvFvdCSajklqUXA
Slimecicle,UCQmzgjEb7X6--w7CSE1erJg
EthanAnimatez,UCQnd94xwAlgvtlgnv_0UTtg
RedVacktor,UCQq6heiARaTWUwuheSciJ3g
Nukazooka,UCQqi--mpTFtGNim0WCtPH-A
Larry Wombat,UCQroaG8vX6wXihDjnKUXLVQ
RAZZLE,UCQsJ--Y3PMHCXdj7wGPsD7A
GtaMedia,UCQxK3gOJiRuIThbDmGw117g
HeyImCalVR ,UCQz4kfmyIyQdwtEfCEn2E-w
Satirical,UCR2r47zjRyQHVhNbsB0HnkA
Odomfire,UCR5usrcD6WYlnCnvPwuvPOA
Tericho,UCR6MD3rdF1SS_4ka0OBs1YQ
CG5LIVE,UCR8e2oQ06uYJ6yas1VnEx3Q
RTGame,UCRC6cNamj9tYAO6h_RXd5xA
Therm,UCRDGoUiPVitiB6Ks_esR7rg
The Spiffing Brit,UCRHXUZ0BxbkU2MYZgsuFgkQ
Trygve Skaug,UCRLNaohdAHoyt8wV6Q4GWvA
Count Dankula 2 : Electric Boogaloo,UCRLO8HU2LWaMH6mjbQ1falQ
Wolfy,UCRMMgmwU6oGkeCHPIetnofg
doctor4t,UCROkFwHWMk5QeZK_LHJPu5g
Hummy's VR Comedy,UCROochQfs2p5KKH-WrFSd5w
Imagine AI,UCRP0hwySIdUs5wCTinvghoQ
WPE Extras,UCRPauCcF8ZTP2C_z3NMlw0g
Atle,UCRPqiHDufmOolbHrxwih7-A
SayMaxWell,UCRS7aBXC0ib0dJDlSFkSlCQ
Nagzz,UCR_8NDPrC0cwoAhvxmx1kgg
Durham Hearing Specialists,UCRb0HICflhoIXaoB7be166Q
HardstyleUp2Datez [HU2Dz],UCRdr2mcvuxjeF453ICIjQpQ
Future Bass Mix,UCRiCm3PH5riqxXZCHfbQxJQ
Comrade Ivan,UCRoR2um1wEZ7cRxLNLwYbQw
Andrew Dyer,UCRrGPiBGcSCwWqAOwGsMIew
Captain Jack,UCRttXyDY0A8Ym3HEdtSlpFg
Ashunera Games,UCRvjVShijFGDg90sLprZ3pQ
Dovska,UCRxfnVo0vjevzidXVdiQ9-g
verbalase,UCRyS4kYdsaGcuFczzCjFXag
PolyDev,UCRzkBwiXv-6wtjlqGn00Wjg
The Grandma Savers,UCS-WGvlN33HmRbOAg8t99bw
DJ Heartbeat,UCS1ZZa2R3q1fOv7J1Twvtxw
Nick AR,UCS5297aXIngj9gDHAdTerQw
DanTDM,UCS5Oz6CHmeoF7vSad0qqXfw
Alacho,UCS6R1el_Vp6rBfm9Y3pItHg
InquisitorMaster,UCS7b93ZwoL1xt2hR7a7l2mg
Ventura Audios,UCS8gh8G_DxM_lBUgGN7CeiQ
Eggsceptional,UCSBoKVPqiSIK0QtuEH87-pQ
beatdownboogie,UCSC1TOJ4B_aw5o9T9EPo6hA
Joeseppi,UCSC6F-cM6_Xm3aJnHs6ZDVA
General Tony ,UCSDMmlBoH5wJrKm82DpqXDA
Vinheteiro,UCSE6yilNScIz1SLTNQvrXMw
SmugAlana,UCSE_JyJeiJQvg3RCnSD272Q
BricK üß± Shooter,UCSFFOGtbGCJGtDEwuBZm5zg
AsePlayer,UCSFw0TyBxyYj2CvZOsq9RCQ
The Critical Drinker,UCSJPFQdZwrOutnmSFYtbstA
Max Winterfield,UCSMA91R0RnwVHR4XRZuKgog
GungraveAyumu,UCSRNW_O5jlizZck7jkzJUZQ
cKnoor,UCSUFDI7z8CpObL6kXdd3tnA
Ben Plays VR,UCSVjrpufOzTd3jZsUGs-L0g
Alexander Joten,UCSayyQtAPFK1s8zS_Dafe5A
TheUltimateVideoMan,UCSbKAh_DixeK-vzSYAh-u3Q
Addexio,UCSir1dZRh2enFyjKPYkrKfw
John Wolfe,UCSjXXHwfaDq1w9oQ0xgOFNg
SHAKEHUNTER,UCSmu3A-p-d2-CYqpdSabyWg
DjYale,UCSo08k9E2cPa3GDoJRVeFQg
Corridor Crew,UCSpFnDQr88xCZ80N-X7t0nQ
Your Favourite Internet Show,UCSpcFbUqMO7ohJ5QMdnZ7ag
PixelCat,UCSuFrjmTQaHPXFsFXhZ6xFA
Mairusu,UCSuVvJFr2KV1NdKNWuTelPg
VaporTheGamer,UCSvSF7xbnZ34wvwutMKoEJw
Ulandos,UCSx2IVHclFkrtBvZkXecbQg
ShepherdsPie,UCSzYGBI_c6tHa5wnQ4KAWLg
hoi4 gaming,UCT-6NQJM9i64Eu-W-HV8eUw
RADAL,UCT1mF-u0Lcf7bYuUWTvDcpw
Top Twitch Moments,UCT2EjQVSb2jMfQ9rRdRruXQ
Etra chan saw it!,UCT8a4tPoz3wJuNxdEJEFzMA
Rockit Music,UCT8iW11Pk6HLELCH_mcaQNA
temp6t,UCT8zEoYJtcaPAU727D4d2bQ
SixMacs,UCT9g5IaUUaRD0ozY1jc0QlQ
National Chronicle,UCTAANjjC8rLAeOr3NWkUjVQ
ThePruld,UCTJInu-7PDDsWA26xcWW6KA
Grimmijaggers,UCTKOOKsZ4Nknc2au7mdUHJQ
Memeio,UCTMqfzLAOMqVUEyj9qW1vCw
OnyxSkye,UCTPPhNhrsBrC8PKwIZFNQew
Twinmators,UCTPfn8PI-2pdJdHNP7SPxAQ
Best of The Clever,UCTQEhM4MF5lGhz2DkklTosQ
Pokelawls,UCTRsXJ23TtIOXXUq_qS9p9w
Prideful Nerds,UCTSNj65KcEF_BhgDlbqSRfg
Sean VR,UCTXez3yD0FbdgCuYwBlbrnQ
Stanboo,UCTY2vHbeawMveAhF6OEJQ4w
SolarLight,UCTZ2ANUw7OHz2LGci_6H34A
Ken Lavigne,UCTaQWeJzFvYyX5NeYbXk1tA
TheRPGMinx,UCTcc3KiX3RYXhi96vI_jJPA
NhiccoXCreeper,UCTf1Qnkm3_R96FUtk77TgHA
Dream,UCTkXRDQl0luXxVQrRQvWS6w
Harald Eia,UCTopWOgGQ6g2I2H5NP-GT1A
NicsterV,UCTr7Cuz7BPx7RRVT9ndsaQQ
UpIsNotJump2,UCTsAy9QEIpcMA4oPsMqHE7w
BenyBoy03 ,UCTwF3tIMdOT_H94t1tBkiPg
Rich B,UCU09IlBObPDajFRc9rHilqQ
Potential History,UCU22SYUm7Z1COjASmmQG1aA
SootHouse,UCU4dU07ZfRopBQroeYdpWIA
It's free sauce,UCUAZOAAO7KVSGyaBARERh9g
SebScreen,UCUDuL49zKlfz77OwCNSmDjg
Distractible Podcast,UCUEUEcxMUWAw1w2BPgwe2qQ
Man Talk,UCUG4yC0lbHvfxxarHVDdokw
TheJabberturtle,UCUJVu12o4TlNGsLjgHnH4BA
Matt Rittman,UCUK1Fz1o94JA1wI6I7yLT2Q
ShortToon,UCULM7gWHnK03eB1UfWS4JUw
MENTLE PSYCHO,UCUQw-ZpQGef4Pc3UNt2GsDA
Hamaji Neo,UCUR566sL_gMIlByPaA0MeSw
Just Some Memes,UCUT2rfxaGQ9baGULTSt-1-g
Disguised Toast,UCUT8RoNBTJvwW1iErP6-b-A
Omni,UCUWhqBJfvkZogLBxFttN4_g
EmperorTigerstar,UCUXqYwTCR6R3Wr-FkLTD4AQ
Benzo,UCUY8S71JpSuzUhgDa1z4-Nw
Battington,UCUYWD-LKkslceEK0hDBnlzA
bwaap,UCUZlKYk41xcTr8clz6S8DPA
Kitchen Nightmares,UCUZzyuAlhHNP3oiuMjn7RfQ
Deberenzijncool YT,UCUansU1pviTKq3l8SNqOBmg
LoneWolfHBS,UCUc_E0EITNf0dYWSJJSwuhA
The Great War,UCUcyEsEjhPEDf69RRVhRh4A
Kamex,UCUem8ytyhczNMEsuHTv2M5A
Craig Thompson,UCUfF2SXdGNXmi1XcZoqj8oQ
Otzdarva,UCUhGCdMIFqcRlHb_dthD5Xw
Scrubby,UCUhUtZhgZ9x6FCnNXhGCHTg
Uberman765,UCUj2ThAAyHFeqCeKgsGRzAA
OblivionFall | AD,UCUjOFaWLaq2NUKaQR81JPwg
RubberRoss,UCUpi4-7EkY1JPWl6e7MGUtQ
The Grim Kleaper,UCUqLwBXfSeA4auWIX1ZLZJw
LemmingAid,UCUrW0hElwudrAgfDDqxzcUQ
Kayz,UCUtBOgE7Mq2Cf3fRX08uytg
Glowstick Entertainment,UCUtLsKBsHJSC4xJRdI-i5Eg
Britain's Got Talent,UCUtZaxDF3hD5VK4xRYFBePQ
Mujin,UCUzqsHTec5ZkJU5S4Tmhweg
veequeue,UCV-9qcJ4KcjXZBB7a2ys1UQ
YLST - YouLearnedSomethingToday,UCV0fE1af8FNsCyWR5im6w2g
OneyNG,UCV5wuGZmg_FGQp25uzKKDaw
Azerek,UCV6Ae6w58QLJPIINqiFXbDA
MRswipez1,UCV6luCxsKUK2Ld-Zav-pGeg
Syrmor,UCV8Qe8z3RDLiAV7E0WP7-Fg
DJVI,UCV8yIaKoqa-r9SnXPMQ1Spg
Mr. Fruit,UCV96ER3MAI1S81HH6l9wwbQ
Gnarly Carly,UCV9BL1Lxz0zsjK49uobozJA
Ser Winter,UCV9SyA2TtSlclcA3qUXTdqQ
Danny Motta,UCVFqk8JxVGg2_99AmqFdS4g
Tobuscus,UCVJK2AT3ea5RTXNRjX_kz8A
Zentreya,UCVLsPBwDtv7n7FZLiOsvhSQ
Little Carly Minecraft,UCVOQ2CMiTXvYutKzz6Q6wHA
VC,UCVQ9D3gBB8VeRZYxx9sOs5A
Brew,UCVQGtUcRjHTQLTTu-5s9_4Q
Pongsifu,UCVRe06byVGD79t_egOzA5sg
Kotaku,UCVS9tA3PI8Gard_LrTx0YsQ
DerekFDB,UCVTNyohzRvBI0kVGIcQDJHQ
Anthomnia,UCVU6tIQ0oeue08KmRJdMIAA
Animarchy History,UCVVcFgllT0oMbEj5OtgzrTw
Whitelight,UCVWhVAZwCdQsPZL-mDLcxPQ
FoundFlix,UCVWifhNM3tx877Z7h3ovtRA
Manga Angel Neko Oka,UCVYe5S5_9VEQsrnLcuS1u9w
PewDiePie Clips,UCVZHoe4IIQs7cctw4RI5qXg
EruptionFang,UCVZ_DHv6SDQHYfGo21Ln9xg
Backseat Streams,UCVaz2Wz1mNQ0Eun8eq0DGFw
Zyzx_,UCVbkLzfy4Xza5mBkMfS_WMw
SSoHPKC,UCVdtW2E4vwvf8yh4FY5us9A
SGT's Strategy Games,UCVe6UlhtIXJe5yMPtC3b2-w
Virgil Music,UCVg34pOTcV0pwV_Bz9wbTQQ
RickleVR,UCVhLeTI1D2bNuI0fw6qXRRA
RangerDave,UCVigL0Gl6SYp0TifenNYY6A
MADdNESS,UCVkr2V_Y-sIzBH01AbPcufw
ARAKO TV,UCVkzm9Hy6TMV5WvoHsLkkbA
Krinx TV,UCVnrocIyhRjygow1xd7HBYQ
Harry Potter Theory,UCVqoigIqNacy9xMnEDZzN_Q
Medic Main Dave,UCVsBBovy6Z8w_7gtJBSvBww
KSI,UCVtFOytbRpEvzLjvqGG5gxQ
Lady Mekio - Ironmouse and vtuber clips,UCW-IN_KIC-MqpgifGoy-h1A
TheDevildogGamer,UCW07alAefFXWdo7RgEDtBcQ
JeeeeesusGaming,UCW0rZ4UyCD4iknz7t8ogIpw
Simtatic,UCW5LsdJ8PDcbRTl9FATBiyQ
HappyTailz,UCWB6PEEzk_x8TWF-P-t0GQw
Elvic Cartoons,UCWDV63envlo4Bu6oRr_FjkA
Amblerose Moon,UCWGqP2WN_g89gobLpMH2mSg
COLETHEMAN,UCWHbjxsagMAzetWQ4TcoBOw
GreatMoonAroma ÎåÄÏõîÌñ•,UCWL_9MaaMy8ObTDPmVHemjA
Andre Walker,UCWVmT5ThFUOrmp8ipffSePQ
Viction,UCWWKyYvy-FdTTANGX_Hujig
LittleKellyPlayz,UCWbHJTyhqEHoyfgZWwI6v1A
Luckzie,UCWbnQ158bg7pE2W5P6GPs9w
Rowby,UCWdeihe0uwfkp_ZyDYnVLWw
Rob Raven,UCWfOro2MGcMw_TpL9RMpK9A
CaptainBarbbo,UCWhL-TtjJE3nt9EePB8bAcQ
Sensitive Soci3ty,UCWkr1kaJbGMKYYJI9Q5Rt0A
Tod's Workshop,UCWnlQMQ-ACfhpD68yWRsnJw
CarFeed247,UCWpM1utIj51P7x4TkQ2APZw
Zerkovich,UCWqIHkxwNkVTWal2mQbZn0Q
MikroFicial,UCWrCdWebszbQLCLjKP5iloA
Rizulix,UCWrjEwCdDhXSA45V97RjBSw
ÔΩàÔΩèÔΩíÔΩíÔΩèÔΩíÔΩìÔΩàÔΩâÔΩê,UCWs1mDk005YKdRd_95eVctA
Think Before You Sleep,UCWu-IOxbeSD-MRM2Q87ZF0A
IO Games,UCWvUomShAH0dRqq15NjakZQ
CodeNamePizza,UCWyPmQ5E-Bh1-RPZ-zsLnLQ
TheRussianBadger,UCWzLmNWhgeh3h1j-M-Isy0g
BabbleTop,UCX--mGSg0UwDjl7MDL8H5Jg
Nordern,UCX2I5pSP-b-iD8sPGiCO1dA
Wolfpack345,UCX2rH9OfjaRlRdbONXlRtKQ
Top5s,UCX51Dixddr5HuwLVBH9ykeQ
MrBeast,UCX6OQ3DkcsbYNE6H8uQQuVA
Cubulous,UCX6bbY8FRLgA08bhRIolG_Q
Magma Ren,UCX8T_P6FF-on_6RPCgswNdg
