Paint Guy,UC--mEkO0VLwhX7nTkwfuWJw
MuniMuni,UC-8Igjl7iJaR_4LclX0MZcg
Staryiix ‚òÜ,UC-Ger3A3koA-OIavurh2xFw
JairoMTheVideoMakingGuy Grounded Channel,UC-XwOjVbO6UECjaXw7Kjc-Q
Lorlane Victoria,UC-ZSZwHtkLMLcUsdgoA32MA
‚ò≠ ’è÷Ö—µ√≠“Ω‘µ ’°√≠’≤’™ ‚ò≠,UC-o_I0I7L6UPpUKo2tflAOQ
Fresh Gaming,UC063y8nmrNxwfR-WXvdCAzw
Mentally Mitch,UC0B5JOwjTnu2un8eYOIcKJQ
Garand Thumb,UC0RBTQIYLEQbcahZWkmzeTQ
Cloumello,UC0U_rA5qag777w2ocful2qg
Terenmu,UC0Wr7toAjUxreFidjXT3SHw
ü™ê‚Äîsaturn.dusk!,UC0fqGGjwv3BUvf12RK2wgug
Two Star,UC0szxwii-u4CZkJIt2iu4_A
UknwnNmr,UC0tuZFpNN-OCeAe2Jhiaz-g
confused mf,UC10Rg6SPeW67jUgnc8ub6Hg
‚Ä¢ n o v a ‚Ä¢,UC16fnTYvwyWtKx3kme9wRbQ
ymfah,UC17vsYVoIwch5UzPar1LDmQ
ThatGuyFromCollege,UC1FEXU_DWnVnJEx-qroTJpg
Visual_mode,UC1FVueCEU5ORLkWyRpEN0dQ
TheProfessional,UC1NzF95Dk5tXCNdDFmyq9aQ
Rainbowpuppiez1417,UC1cmYdMX9Bh8ORUyXeGFJzA
Dead Meat,UC2IYWWifoIht9T47z1Z5lJw
Stimpee,UC2MjZanWOfyfsrHOyitmXbQ
Natsu,UC2XGecJMCdE9w3xPSqLwJBw
‚Ä¢SHINY'S GACHA WORLD‚Ä¢,UC2YYU-up7_yG4a_QzIbX9EA
pearlmybeloved ‚òÖ,UC2ZNfgjA8Ske79dhirBJOjQ
NiftySmith,UC2nMei1X95Ns4UFnigxrexw
Revyy.,UC2ro689XLNZwaF8OMv3mO2Q
‚Ä¢ Yuki-kun ‚Ä¢,UC3Audt1UeQtYLgjk0zlIW9w
Rogurt,UC3ROLz2rGWv24cx4tQVAq8w
‚ããAluna_Sena‚ãå,UC3Wi0MS5PeUqUU0pspRXWIA
Softƒ´e,UC3Z9ShthCkGwhXsaouKqLYg
Movieclips,UC3gNmTGu-TTbFPpfSs5kNkg
BaronVonGames,UC3qSqrIqiwgAY4LE1YHRv0Q
üìº·µó·µÉ·µñ·µâüìº,UC3r9BFuD7q91W_K672VrItg
Defectus Expert,UC3rbooAaeZn-tsx1gWUqqeA
The Film Theorists,UC3sznuotAs2ohg_U__Jzj_Q
Spill & Matcha,UC3vKwWrjqFnKziltv_lJJIw
MONKEBOI,UC3yF3SP0Vb6HGP8ZV_FZcyQ
WaBo Musgravity,UC41KtkUkWmV151WUQhgPXUQ
Kid Wizard,UC43DFKqW4zcYhBpXx-QrZTQ
Pixelated Apollo,UC45a_j76kNDwJvbc2ufOkJg
SleepyLeo,UC46tWxQ2OA2yVUyMW4IJetQ
Royal Games,UC4B7Ftt03Oq_4_dToxVPftg
iTsME(janna),UC4GqSe4uz2LWXfONzBOHfCA
yasHans_,UC4JxPi4mg4NWWAvet_cH2Cw
„Äê- ùêÖùêöùêßùê≠ùêö -„Äëüçìüçì,UC4OTdvIgSa68wMCrVwpf9CQ
Yahboi ABE,UC4Qkcfind4raqPCgoGajGgQ
The 85 South Comedy Show,UC4m46pCBkMEyy8gk26WKqbA
‚Ä¢Country_Gal‚Ä¢,UC4oF1a5j0RL2agKP1wf6zlw
Francis !,UC4tqy2gdkwgOJwnGlz-nXjw
Stargrounds,UC505bGqiYQTsbT37rK8BoRQ
Simple History,UC510QYlOlKNyhy_zdQxnGYw
A Wolf in VR,UC5FFkEokZ3eIHLx5agiBN7Q
‚òÖ avel√£ !,UC5HGtQ-70dSQdEHfCg5opTw
ItsKoye,UC5Q-j3ehbJeEYh3FRvCp9Wg
SimplyUnst4ble,UC5T4teztcwdSHdyeMLI3JQQ
ARIZIO,UC5ZaUPYsyxMyNP7roz4OkyA
FusionZGamer,UC5enhS5tdXhHNbj8s_kdBUw
TommyInnit,UC5p_l5ZeB_wGjO_yDXwiqvw
Spicy Comics,UC6-XdRZSSmg9FL4c7Re42AA
Selene,UC6277W7Pgv-OsGCmp4qNxTA
Tonic,UC63kE5Pyj0S4pEmXGt9cjKA
Oxy,UC64bZ71e1F3pSSduIcXOhNg
xmiikax,UC6D5lnCLT9a_KpidjhbsHOg
TechZone,UC6H07z6zAwbHRl4Lbl0GSsw
Dakota,UC6Hg7cFl6Url_w290e-LXWg
Lily,UC6OG-C5bmb1xIA4hp-zwRsA
TheRubber,UC6OwWfpp8qHf1rfnOXKfxBw
sakusa'smole_ysn,UC6VEoa3dG11kToS9ZcySfiA
The Steve Wilkos Show,UC6ejJWcliseBSebapZvOlFQ
‚òÜùï∑ùñöùñàùñêùñû ùïæùñôùñÜùñó‚òÜ,UC6gA3N2FACyhax8EkKuyBRA
heccubacrowley,UC6jcpUo2N9M7nqMxG0G7YvQ
Nxmii,UC6p3xNcz07Y6TD-rw-48i1g
Crunchyroll,UC6pGDc4bFGD1_36IKv3FnYg
The Great Imperator,UC6wIvsGPXGOhMjJ6eC3qCUQ
TGG,UC72PuhDwKtZ5MikpGNhPAtA
Top 10 Gaming,UC76k2VHm-yg-491xRbW-kkA
Mitten Squad,UC7FldPQ7aT7Slikg7tZc30g
Aura Vault,UC7KTFv0ggUos1bo8oykGGaQ
xXMAGICQUEENXx,UC7MKX0tjR8vPHdMXqvkvOTw
Yamaguchi Vanilla Shake,UC7a2b0gDAUIinV7vXXxjVIg
Shirrako,UC7eAfUjR9gdIjoaoQaS0W-A
SandRhoman History,UC7pr_dQxm2Ns2KlzRSx5FZA
WhackyCast,UC7s9jK1WUq-kQzRbArO0wBw
œÉ‚ÑìŒπŒΩ—î—èŒπ—ï–º—É–≤œÖ‚Ñì‚Ñì—É ! üìã,UC7smzIvmlP-64bqpQbgiVdg
FaZe Jev,UC7trU46U_9XPDtMnDbiDPUQ
CANAL {ERRO},UC82timzANgcD1s_4BpZ4twQ
SCP Explained - Story & Animation,UC8JfkMtNAp44vmzdtnL4wow
SMG4,UC8LcA3grYZg0GNpxlXh8owg
The Idk Bi Kiddo,UC8McjcdgY5r2SaajUp-RsSQ
Lanza,UC8T7HJQyQx_BSQFexWtW-dg
‚Ä¢Ichika san‚Ä¢,UC8UkN3v-eDclUxc9gtqXq0Q
Lucid ,UC8VSuUvjyDvxzeQcgwX5_0w
Roze Labrina,UC8cAGDLgmEF2pBGmrS22JbA
‚Äì ùôÑùôØùôñùô£ùôñ„Çª„É≥„Çª„Ç§ÔºÅ,UC8o9dvU_DLISuQ2kDbCGL3Q
Sora AI,UC8vBelOKF4BpWUcvwCU82QQ
HollowBeing,UC95Yqy6c3hZN3who-_WABrQ
JoshDub,UC9DWJ33CMvIseLlyx6hyRnA
RubyWasHere,UC9E5ve_nHWEgxBAupjVQ-QA
‚àÜ‚Ä¢Give me a sigh‚Ä¢‚àÜ,UC9E8Qr2QdjuO3Sb4sdtFmtw
Ultimate Gacha Wolf PH,UC9F5_fWffejgUZixVyfwo1Q
‚Ä¢Vixen Woods,UC9Kkq61CcHg4_6Xkx6eMTkQ
¬ø-Foil-?,UC9OojA70ojyAe9O7Pjc4cMw
kamys,UC9R0EdbQsf7AnIgBSuNRXSg
Crowned Yourself A King,UC9WY85coxqmJYe8MeJ-Gfag
TommyVODS,UC9gVCa6ap-KDayMRPg5wjIg
Inside Edition,UC9k-yiEpRHMNVOnOi_aQK8w
Steg Darkhorse,UC9oPIPotR645MCPGm82h78A
‡øè Keiro Tsukino  !!   ü•Ç,UC9sYc_7awUXeoENO_nNlhjA
Pleasant Green,UCAPrhJwVweWZA8GEPoClSdw
Anti-Kleaper,UCAV8wKgROckLODCVnteIrVg
 ç…®»ø…¶…®ƒÖ«ø…≤…®,UCAV_7Zvxve9uiyJW8i1RBgg
Lyrical_Zx,UCAVcxyApFEejshVy_HnmtTg
Munitions,UCAW1KaFB0WO_18JZHSDmHjQ
House Gamers,UCAY3ASUIPF65NztrosXAhHw
ùôãùô™ùô¢ùô•ùô†ùôûùô£_ùô¢ùôñùô£,UCAYPnRzwotGRJUdKKkH14gQ
Kaineste,UCAYhrQTjXLPm9XtcxcNouLw
oh lol u,UCAaZKXthKuzFQHR54FJnV4Q
Lunary,UCAbHgUz8MgBD0S2am5SNYqg
SupaAlf,UCAcTAVbuPXBnK8O5Dx-pVGA
XGAMER 744,UCAiC6Qj8WnOqRln3b5ul_cw
Yamato‚Äî‚Äî,UCAvkm_kH6WZgpmDQlcRrqqw
Lazy_Cherry üçí ,UCB32tqbQRimlyrx6iVqAYzg
zizi izzi,UCB3wPnEdsSL4RxLb98ov1tA
Anabel Hurta Araujo,UCBHaHkd_BwucR_hVaEy-YqA
The Trench Family,UCBPWTukZBKKCUKh_oll9icA
Emperor ZZ,UCBcs49hBgLq1gA_Zf_vVL3A
NANOKUMO NANOKUMO,UCBekGxOfVjVPMKea9_czDIA
General Lux,UCBhwDzAg585C0vqlko4Dphg
Sydney !!,UCBp1q67I4uCyf5zS1O1bCyw
BikiniBodhi,UCBtvdchuXXrYoovpc5fPlSQ
kochoop,UCBw9i7Lv-f3yfNjbrQlLGew
Maccus Normann,UCC4srTKFTn6Hhdy-bBVcPbA
NPC WAR,UCC8wW1Zi3aC3VOyiIyl3hHw
TerraStone,UCCJ05ttZkWIarFqLsiZQI_A
‚Ä¢{Starlara} ‚Ä¢,UCCJMnyxny5JlZ1s-sk7rz6A
HeroSmashers,UCCN0QF1suEsqrJTL_7iDdTA
tubs ‚òÜ„Éü,UCCQBcUxMim08LI935ayF7lg
The Boss COON,UCCY_miG8_1-libMPVxJ8_Ow
GGMen,UCCbcHY-fOJjfxuFwU_9ZjfQ
[]Kasmen[],UCCbiujv4iKkZtTivLHtPhDg
Fevvy,UCCbuiPsyjUfFGoCvV9R_r5w
Sarah Amaranthe,UCCk3yVNQFKi0C2nJPIf5aGA
H2ODelirious,UCClNRixXlagwAd--5MwJKCw
The Krypt,UCCr_Xttc22hnOC26DGq9EGg
Helmet,UCD4NuiKFd-v75eHGhPLMDcA
ùîæ·¥Ä ü ü·¥á·¥õ…™·¥õ·¥Ä‚Ä¢·¥ú·¥°·¥ú~,UCD9022I16p97LPhoU9sECvQ
WhatCulture Horror,UCDC0cYnLdXtMoTdQTfgjozw
motheduprui,UCDDhekdXSFulw3jJbXY4BZw
BFViking,UCDHDb96WlhrgcoKK4KfpGpg
Zebra Gaming TV,UCDJYpIfYieFOpNYaJyv4gLQ
‚òÜalan_jackson‚òÜ,UCDQo5eMe32zgC-r8T6FIoag
–î–∏–ª–æ—Ä–∏ –∏ –Ø–Ω–∞,UCDRfCjxHT5vW5K3-7rqC6pg
„É°„Éº„Éà„É´,UCDTPdNbJbOsowQZQGt4Jcfg
È´òÊ©ãÊòé,UCDUyxffYNctjzteF1udF5Aw
Cj Dachamp,UCDZH6sjXpWd1k9kJyXJZn9g
Aniplex USA,UCDb0peSmF5rLX7BvuTcJfCw
YiüçÉ,UCDw60sbyIfoYblSL_GH0k9Q
ADarkRaccoon,UCECiBCGT_O5F7j4RcA8z2bA
M I O üå∫,UCEGscyEczkztdiuoQJWPqFA
Synthist,UCELrGlqvSXB3NctFWJ0TBdQ
CHURURU MoeStudio,UCEOLAvtFgGa71CYvTR4qL3g
Spatziline (Aneliz),UCEOoBm7OaRqCTMA7J9ZMo0A
MiaTheAnime GIRL,UCEVxHHGeGKjdvrp4r6_bHeg
BestAtNothing,UCEW4XZHEfIRIybIUIgCHrLg
Strat Plays,UCE_tZVHe5vw6P2wyb5iLtxw
Z A C K_H A N MA,UCEcfAx2SVoCunOIP8zABmmg
Kristers Viƒºums,UCF-Jt4iRRqMJlWRT8uAsnwQ
SODAZ,UCFP8gNKH1Ae5dnz8Ybt_kQg
Fun Outside the Box,UCFPWjqcD55fK5yNrZ3b6Hfw
ICE KING ,UCFULAo9d57CraKgic2KkIMg
The Living Tombstone,UCFYMDSW-BzeYZKFSxROw3Rg
Explore Lucid Dreaming,UCF_gxHcSIPIyCV31oa1wWpA
‡º∫ ùìì·é•‡∏†ùì∏ ùêÇùìê–≥‚Ñï„Ñö ‡ºª,UCF_tJHPVjvzEfAPEpgb-21w
¬∞Mary¬∞,UCFasnZMh4B46nG16H6Oxq0A
DoumaLOV?,UCFgTZD-Gv_2pp9BNL699IVw
Lavender <3,UCFjz-MkNb59dVcKFC6yxNKw
XBOX360LSBEST,UCFnM01_P1wAcUQL7-Qfoigg
üíóSupernovaüí´,UCFqN53xS3EgrjJT8nvVh8oA
Ramen_Noodles,UCFv1dTYdXX0ibFDOYyYcR0A
[‚òæ]ùêáùï™ùï§ùï•ùïñùï£ùïöùïí‚òÜÔΩ°‚Ä¢·µí„ÉªÔæü],UCFw5TfxwGTapf2pHAUMNCww
Nova King,UCFwwipoI6J2K4qdJX2q-wUw
SlushWRLD,UCGGAf0M_nHrEl19x8rwJpNg
RvidD's State of Decay Science,UCGNAcm4R8wBMPkwCNrbHjUA
Vadact,UCGNediU275zU2VzPF3_rT4A
‚òÖ„ÉÑ Glitch-trap- VR „ÉÑ‚òÖ,UCGOsR6-GS0Wd5OoKUKtjLMg
tsukki's headphones,UCGRJ-sIn_nL0sPUaIAKf2Yg
‚Ä¢junÏ§ÄÏø§-!,UCGU8PJdwd_jr0As1fx3erig
TNC96,UCGV2aNK6baMd948HNNRVLow
DizzyStudio,UCGYWpIeikw489AXiU0AB_AA
~Eriana Foster~,UCG_wiQRdANZnmm7tV0yZ72w
‚òÜ Prussia A.Z,UCGaGIcWNHMB0onyhgirx-6Q
~ZenitsuKamado,UCGdHAKCRHO0eBU5N2KE2fMQ
Truthgamings,UCGgkBp1diWaybkSl6k_i2qg
ùîπùï¶ùïìùïìùïùùïñ ùîπùïñùï£ùï£ùï™,UCGjZIvPaov5vD_9xd34qkVg
Yumikuri Simp,UCGltBpTQeFTfAJt0q8Tni5w
Ayo some random dude on yt :),UCHOQMFZJiMnPXfCgv4l-rxg
Game Evolutions,UCHTyJ3httJ0pGXj4Vd9Mwbg
Tabetha 1010,UCHUCyiTsPAPv_uVnrYf6bPw
silly yapper,UCHZ1tTaR8u7U8LJaryenNvg
Popcornk,UCHgH1RIREtrQkI2xwY_R6dw
‚Ä¢ Not Carly ‚Ä¢,UCHxx8iFYNhrvmkxAq_RmsdA
Games Done Quick,UCI3DTtB-a3fJPjKtQ5kYHfA
swiftor,UCIGcNlKQTDKyL7aZoqbR4bw
Nerd Explains,UCIOE_IzglfnHyaOYbvpJxjA
ZAMination,UCI_hjK53AIDlpB-Rpr1WnwQ
lionheartx10,UCIeaxRCoSLFLHvrCInghqcw
Natt≈çTalk,UCIojtXP31fKhD6Khz6wSMGQ
Let's Talk Mythology ,UCItAMBPf8-rYE6e01-a4WBg
ñ£òùë™ùíÜùíçùíÜùíîùíï_ùíöùíïñ£ò,UCJ4m4GrjKV3K0Rwu56RBayw
Snap Strategy,UCJK4WRLF64hpJrRIjIkQsdw
TwistedGrim,UCJNpM63pyQtKW07zBJ9eRBA
The_Monarch_Bean,UCJTgvxvs61X7SBNdi2FZKcg
Ross MacOmish,UCJXsnvbouiUEkkaxU4Pr4jA
Jubilee,UCJjSDX-jUChzOEyok9XYRJQ
WideDoggy,UCJws7T4Y4PNUq6aEi-27AwQ
‚Ä¢Little Bobq‚Ä¢,UCK-_FjzMeCNgBkdd1MIOEXg
‚Äî ùêÄùê¢ùêÄùê•ùêöùê≤ùêßùêö !! ‚òÖ,UCK2mrJeuffMv9ewrS9x2XFA
Mr. Kozza,UCK3DNjsT1n9lDMnIXkdA9bg
‚≠ï: ·ëï·ñá·ëå·ó¥·í™·íçOK·ó¥·ñáüÉè‚É§,UCKCGO1kxZ1woSPeR2MQymSw
„ÄåHƒÅnak√∏„Ç∑„Äç,UCKLjrGAyqXTYU3xW04J_GRw
Silly Billy,UCKev3mTvVBXRSF-N_H-TAnw
The Military Show,UCKfak8fBm_Lhy4eX9UKxEpA
blacklight.,UCKgJRZosaGEaDOrq6_nap9w
Tarkusarkusar,UCKjcoKQu5bjitKfidA3HpjA
VanossGaming,UCKqH_9mk1waLgBiL2vT5b9g
ManlyBadassHero,UCKv8Rrrdc9oxLJmdHItafLA
Prince Vegeta,UCKz5ehRhhI93NPkvH7bNPzg
ùêÄ ùêÇ ùêÑ ‚òªÔ∏é,UCL-HCpyunL2daWtEOI-3P5A
Learning Minor Oral Surgery,UCL-t9dzrptsukNIGaiiljsA
WatchData,UCL2hOcfXAxD44bGz0JIf-dA
History Dose,UCLCckD5PjOk2M3iS_nPcjNQ
JairoMendozaAnimations2008 Gaming,UCLDfLFxyk_BmF4WzNb7NeDg
Starbeam,UCLFd05hT4i87cu-IjSIwLUA
Ïã§Ìå®Ïûê_silpaeja,UCLRVWR80UHSkBhpgH6jJAiw
JJ vs EVIL,UCLR_-cs30zIQ2LyUfnXtKMg
coopisgod13,UCLSX_joTWw8NCwpGIC7pl-Q
BeatsDown,UCLYfLtZGy_cae3KjmOksxbw
UK! ,UCLj9ewF3zIMxU8wvzUztfzA
FireDJ_11,UCLjZu9nkVJp_Yv87wbNY_UA
Slick Goku,UCLp0O2NXaQVaHNPwx7c_o6A
sweet_.petals‚òÜ,UCLwyurYQ59ATnCf6ygPxXCA
_Suzy_‚≠êÔ∏è,UCM6wnqR_utAhoZkYWnFfs4g
WhatCulture,UCM7Srv4mxJejt2NLmumkRRQ
BingeXpress,UCMBBTxv8Z9sMMHi_zyyne9Q
plummy,UCMGQBA6-sdV2LJIvnOs7O9g
LMN,UCMHdZ241C5-RPx7WRj8zfeQ
‚≠êÔ∏èRANDOM PERSON‚≠êÔ∏è,UCMWQ3pznwMtYjVPD4RxiU1w
„ÄéKyouumi„Äè,UCM_Hku1Go6xrWUaOL9UZ22A
Suga's Softie,UCMmlT8alhcaaxmPvYBvY0PQ
ERB,UCMu5gPmKp5av0QCAajKTMhw
NerdOut!,UCMvETSFFkMOADyrGBj3gbWA
‚òÜLil‚Ä¢Star‚Ä¢Flowerüåº,UCN2DJRuIc994WstFZxTr6KA
Gerard Activa,UCN2X09K8o0zhk44EVhkmeXw
Chills,UCN64HIrZNqFQYZ2BuyY-4zg
Haunted_Aleks,UCN6goiXMkRmEYY7xp6iL9nA
Vman,UCNATe0weY5RQk_ZKGi7kYHw
OverSimplified,UCNIuvl7V8zACPpTmmNIqP2A
Freshy Kanal,UCNLjRiychUaaCU0uJTYDUYA
Yu chen 521,UCNbHFm4IPCNhau91MN-4VXA
Tra Rags,UCNekbFtp9zsI-lE_OCHpq_w
Stardryfter,UCNizYoU0ZX31nG8QTYU19Qw
Lumirane ,UCNn0cUnUFmBTXsVNqOkK_eg
Pravus,UCNoLwxiLiQIKX2Lk0WuTgkw
·Øì P 3 4 C H ‚òÖ,UCNv0ME6x3ucGMB4PZFJF73w
Super,UCNvVDGaj-_KVMLKXK2u2fjw
Mal Multiverse Productions,UCO3RkcX8yyn62IHPJWwdp-w
–ê –± –≤ ,UCO7W9fDYexIvbuv7z01nNbg
·¥Äs·¥õ·¥á Ä ü·¥Ä è ‡ºí,UCOc8mucNvLPMpo-HN1mSLxg
Olivia Animation,UCOlzxSTi5mXqvyZGvNoRyEw
Xan!ty,UCOug9jXCl5DQQXunLO2THEQ
Orfiner,UCOvENp087KwTZTT4WRYxnlg
Zym ;],UCOwB526s8y1m-wHlgwCNMig
Alanse,UCOzR0EAMocc-FNElzHTFuLA
Steven He,UCP0_k4INXrwPS6HhIyYqsTg
Infinite Nightmare,UCP4uUNoIkS-g7_aj6mcxZfA
Your New Zealand Family,UCPSLqQkRGZ9TS12idypw5IA
¬∞Reni Gacha CH¬∞,UCPSwAdZj0qxTai9CZcRLmRw
Tim Hansen,UCPU624qm7JS4dmIgYWEMB3Q
„Äå bvbyacid „Äç,UCPWF4Bi5Gey30l82Y3PuBkQ
ROARING CLIPS,UCPcG3Rt9oYAuFN_LFS4knSA
Sushush,UCPiqfKS3mqK80v1O12YgPng
‚Ä¢ Maila ‚Ä¢,UCPkuN1OiZTbzQTqKQdHw4ag
√óCloudy Txlip√ó,UCPolv8acNuPfNo0lZDjIyiw
Mr. Creator ,UCPtUJFQzUEbIXxCLscoMwgg
TBAG [Epic Gaming],UCQ7Nk2ib1eqQCZx24DaB1zg
Suibhne,UCQD-0MjUbDBwm2UTVYr0Dag
‚Ä¢Anime_Lover‚Ä¢,UCQHv9H7ypyVdQnKehuALvcw
Vezypoo,UCQJjwTCvCFMDEuEHZV-6sxw
Santinnel,UCQOVOx1Av0N2EDRItT6qxCA
¬∞‚Ä¢M4RTI HANIM‚Ä¢¬∞,UCQQD0lqqgeLaPBKnllf9Dxw
Monsieur Z,UCQR_kmeb0lBEk1Zj_9LWDHA
EazySpeezy,UCQSEAbOs6vsJfy7WN7iYaGQ
Sofien,UCQSYUCiHPCnLtHlpjvvhzXA
"Soluchi {Michael Jackson Lookalike, Dancer, VFX}",UCQb__wEpi5q8_xhkuk2jm5g
Fishyüê†,UCQmfyh958QQHfQ4V3hK4BXA
Annika ü§ç,UCQu8XJG7J43A1-pQoYnALow
wolfy white,UCQvK7TXSv5dUThL-vyoeO5A
Mai Methakorn,UCQw4KrnrihMYTktuzhISxhQ
st4r.gvtssm !!,UCR5W7UCBH_CwhmUrOVF6Q0A
kevin,UCRE6areeUvySNNZltSqzGVQ
The Spiffing Brit,UCRHXUZ0BxbkU2MYZgsuFgkQ
Zombie Drury,UCRPIKQV2AMxI89ip94zWFjQ
kaoru -0-,UCRRkjE7kwJtmhwXzXR0yUxA
[]GrapeBoi[]üçá,UCRXFEWoWvBbOP81AKYPLbuQ
just_orange_,UCRxDzki7SxFADgdhz3um6gQ
verbalase,UCRyS4kYdsaGcuFczzCjFXag
‚Ä¢ùó•ùòÖùòÄùó≤.‚Äî !,UCS1ae2VPr6ScRckQji19mSQ
LG,UCS6QJCEc3PVtAGMAtZyt-iA
POPtartCULTURE,UCSBRcCr85ir66LScpaPLGQA
BricK üß± Shooter,UCSFFOGtbGCJGtDEwuBZm5zg
MrGSTAR321,UCSHRljOniqVGMlcTKn2IN0g
üé∂Crystallized _Fandomüé∂,UCSN00apXO4mpbu6o7eEBejw
The Warp Zone,UCSOkex4abVl14cZ4tLyUYzw
ü¶áCa1ü¶á,UCSPI5srWE18_vf24-_JqtOw
Bombastic,UCSPZGQNwMhWbLfaHL6VVLwQ
KEDI,UCSPc7Fwq9--JS_MDWJRCPEw
Cartoon,UCSTEZbAcIwOkRkAJNKtzSDg
Toughest Glitches ,UCSUxmvUn5sr6xWVvmhjAXbg
TetraNinja,UCSVv3TMby4KxNOVT1lYy9oA
‚Ä¢IDONA_GC,UCSWLfJwPqOuoW-4XgQw-qDQ
CountryTactical,UCSbYyEDZ44cMiiBjqU71mJw
Chiino,UCScWJoEmvbs-mUw_FWD6OhQ
Best Trends,UCSdM6hW8PdqVve3H898ATow
Valeria Morningstar,UCSguuF1tiq4nuXE4rNcCFuQ
Corridor Crew,UCSpFnDQr88xCZ80N-X7t0nQ
Task & Purpose,UCSq3p5NKEtyp5Rjd4ctiEbg
ùêä ùêé ùêä ùêé ùêÄ,UCSvzKmwuS6e_y8y-pj0IU5A
ùêíùê¢ùêüùêûùê•ùê¢ùêç_ùê¨ÀèÂΩ°,UCT4xS9t-V5lxlS3WWBZE5Gw
Synetik,UCTAdSBdYMHvq9oqzUunEFlQ
Military History,UCTE3jizxfBRZyzaUGPGX8-g
Str8 Dubs,UCTGB72WrLwZ3YEJNeX3VZBw
Diablo,UCTLq2IDuX43c77EOyZ2WnLw
Admiral Bofa,UCTRb4Ru9U5Zg_ibE8NyGpiw
‚Ä¢Ace_Animates‚Ä¢,UCTT0h88qtaRLmhVmEwUK6vA
S≈Çaby gracz,UCTTHreJc605NEvrWJ_exHOw
Bim94,UCTa5VY_EvQEp0ebqGGufuHw
Dream,UCTkXRDQl0luXxVQrRQvWS6w
MTV 2020,UCTlYYwMSeth94PTRYGL0Lhw
SugarberryArt,UCTn7GenrpqNgt41mbf1lZjw
WarriorShowdown,UCTq0sImem0CbYhwZXyySmqA
‚Äî Elizabeth ,UCU3hZXOGSKdYlCaMqbLAoXQ
Behind the Loupes,UCU3llyrs8qIdPct9G6n6_kA
Sunny | Once‚Åπ,UCU4zblW0zjqmgZtq02Jb4gw
aBe,UCUH80_LWlZhBL_e7Kobn03g
Matt Rittman,UCUK1Fz1o94JA1wI6I7yLT2Q
SAMIKOXX,UCULuyX4a-SoUI_wQcTdJAPA
Riko Pico ,UCURMDN0QzTa4zG6ntYBXajA
NotMyName,UCUVozqHXSI-UdEL5LPoJxCQ
Battington,UCUYWD-LKkslceEK0hDBnlzA
Zinaaa,UCUc0ek0gxL_uzOe5y3nlajA
üåü COFFEE,UCUeQcARo2bsJb5CY7EqSC6w
‚≠íM Äs's…™·¥ç·¥ò‚≠í,UCUjv50-8j9etYdorQgvEnVg
Baz,UCUkB4q0X95FogFaZIZk6jHA
Kitastic,UCUov_axbzsynLFezyvmJpVA
The Grim Kleaper,UCUqLwBXfSeA4auWIX1ZLZJw
ùïΩùñöùñêùñÜ!„Éã„É£,UCUrf5x5quk0VM4_j965xEkg
Luvv444nyaaÍ®Ñ,UCUvr8C8ON8Y1yQOwkH9zT0g
brilliantgamestudios,UCV0vQTkEQrF1NLQnRWwR6_A
XboxPlayz,UCV2_EO8y3W00IlSWZ1LbphQ
{¬∫- Mei Honey Chan -¬∫},UCV3_GebJivFOGFo5rOPiPnw
Godzilla hell 2015,UCV5pnOaIK3GRRMeDdSSwaww
The Thought Emporium,UCV5vCi3jPJdURZwAOO_FNfQ
Ck Nugget 03,UCV6-LyfV0mnfwW7aK8bU4VA
Zera Nick,UCV8C3nORBpWAj0adHNvxTpQ
Magic Studioz,UCVDibkjAbhel4ilMYL3-hxQ
bigdave706,UCVEphot4qAzKvUDYrNguhzA
emptymoon,UCVFNNFvqTkSc8XOunBen27A
¬∞ ôx ô ô ü·¥á…¢·¥ú·¥ç·¥ç¬∞,UCVKMH2_cYbDIcSYvwQtRSIg
JustGaming,UCVYqAYtX5yoJgoz40LZZqSQ
Imperials Explained,UCVYxTt_xn19WQOsCqnpD3DA
Xinyin </3,UCVZ2iyK4jM61m9owk6VOBGQ
ùô∂ùöòùöóùöéùô∞ùôµùô∫ ‚òÅÔ∏è¬∞,UCVjh4lWWx33G0_Riv60Xi_g
Unseen,UCVtHlqfvXn-6m6A2IWUB8MQ
llStevell,UCVwWKhVZMU9D3Yca6Ge_Yzg
{~Cheetix_Glitch~} ,UCVzELCZj4dxR_uJyM4pdOBA
Delfi ‚òÖ,UCW0lmhq_mZMbaYDWSkQs04w
Hannah,UCW2f0_LOjFPs9h6XfDeX9VA
Shai ‚ô°Ô∏é ‡§∂‡§æ‡§à !,UCW6MtRia2113S1lq-HJb0Cg
emo,UCW7PCauvv1pLkynr2TFDeIA
Hazbin Hotel FR,UCWCs_o1PJSMa77u7HSrzXww
Hiyori_chan,UCWEYzGTIlCdU65W07zxUp1A
„Äé Ghosty „Äè,UCWKPg_hmbjfZKU07q0znkrw
Stephy Edits,UCWNNTtKRdt5ggrwDh8QSfDQ
üí®‚Ä¢P√∏√Øpyk≈´_ÈùÑ ÈâÑ‚Ä¢üí®,UCWPUmwbzs0_Kwxir-sWutXQ
‚Ä¢ItzAntony‚Ä¢DemonWolf‚Ä¢,UCWPwjFYfkqOXDEnb8PRql3Q
‚ÄºÔ∏èÍßÅ‚òÖW√∏lfie‚òÖÍßÇ‚ÄºÔ∏è,UCWTMaWTQNTDfG2Va9LxokgQ
Strat Gaming Guides,UCWXXAjBRaEpQdxKvDMexJBg
üíõMiko_KOüíõ,UCWb8ZkjSdXLybpt8CkPlNsQ
FairyTailFanfics,UCWemcL2IXqHhIXyr9fzjN_Q
Shadow Diaz,UCWh5eS3XyJ0Ud-pLcslsE9Q
oikawa‚Äôs protector,UCWou0eoBjMmzDiGpcaf-C1A
Zerkovich,UCWqIHkxwNkVTWal2mQbZn0Q
IShowSpeed,UCWsDFcIhY2DBi3GB5uykGXA
SURYA G.M,UCWtlW-hqV5IBPFKjcDZmOaQ
Mightyraccoon!,UCX77yEHFSRIjLl9X_MPbTsA
ÍßÅùóñùóõùóîùó°'ùóª ùíñùíòùíñÍßÇ,UCXAneqUUBoUSWT1ZoqxOzBg
Stromae,UCXF0YCBWewAj3RytJUAivGA
Fox News,UCXIJgqnII2ZOINSWNOGFThA
Jamel_AKA_Jamal,UCX_uC0GfYw6UqiiR-6vxZBw
Halo12,UCXde4DOhQn4RcY9ayrGOQ4g
indiana souf,UCXoRb5fEVQGnGErwh1MpbmA
Johnny's War Stories,UCXym3C8AwJOfB7-ImGW512A
katie_lin,UCY-4iS2_tfFj-PzAtUyCuPQ
‚òÖ ‚ÄìHarper !,UCY-tw23KkBC-qreXr59vEKQ
Polo Productions,UCY0REasw0Kixz_1D2v4CHSg
Mark Rober,UCY1kMZp36IQSyNx_9h4mpCg
Dayuweii,UCY4siy3jq8kAwOeEA9fyN2g
Darkseptor,UCY8mtA9dN59TKR-XTRNhCUA
ozzy !!,UCYDqvSPx9X2_uWe1QbPUBFQ
Dr. Phil,UCYLR1ghzYNyvfjw78raCuxA
avir ‚òÜ !!,UCYea73xH0ja5K9WRHIdIcfA
KITAGON,UCYkLDL4XhwjyIV04vNuNeNg
Havok,UCYlFvPzhRJLCNp-CYFySPdw
„Äå‚ô°Hikari‚ô°„Äç,UCYmp605jBzA2ukhxrqQ604w
Top5Gaming,UCYn6CZe5UGIyPe9WJb0pTrg
¬∞Indie¬∞,UCYpf6rI8Ir0YGQMSFguXKEA
Theus 7777,UCZ-Y-zGNbmmyG7xF42o_BIg
Pilps,UCZ7FGa18ZRHoJ487ZyJtIFg
‚òÜÔΩ°Lady M√©xico ‚Å†ÔΩ°‚Å†‚òÜ,UCZ7c0IrreWIUn4TkbYMUzoQ
SurrealBeliefs,UCZ8Snmb6OD-GhiyNjsDUMqw
Meet Siaeden Studio,UCZA8fbbYBl9TevsdGDneO1Q
SoniisSoniüëëüéó,UCZD-LqNGVNTmDA1r4u8Dpqw
Ghost of Youtube,UCZDjXq7k3hHKkU_GdDbyPzg
BBC Timestamp,UCZEPItn2Nb62Zso5eohHAAA
BC Freedom High School ,UCZGYnodjfj2tZ2BVXbpeg_g
‚Ä¢Yuri-„Ç´„Ç§‚Ä¢,UCZHWPn8bb9RZjvebjFgR_ig
Am I the Jerk?,UCZKLuU6t7CaB_RD-bD4qdWw
USAGHI,UCZLogs6B6RwQlf3Bq9HGBag
ùë≤ùíÇùíäùíõ üçµ,UCZMyv3SwKLhP6ZdWxOhT3og
‚òÖ ùëµùíöùíô ùë©ùíñùíïùíïùíÜùíì,UCZWqsGJmNlNl58IpVRKYU5A
Aethvian üí´,UCZgf3K9l6OSseDGmVn1XnIA
S‚Ä¢C‚Ä¢G,UCZuXX5UyJrL5Twdzdd6CXHw
EpicNate,UCZz1vlP2XaeKnEP3L5hmcVA
Scorpo,UC_2Pifpk981bmvM69nhM6qg
sebastian rodriguez,UC_83HlkeFUpgsmx2-outynw
Summer Sun,UC_BzSPQZvcVgc1l6JTcLdaw
Halcylion,UC_EDOzsM8uHU0DxxfCLlCwQ
KING VADER,UC_F3i4sHKon8CwRxvU-SNhA
Tipsy,UC_MOAkttM4NNrypaNBzVK_Q
Welyn Highlights,UC_SBwRk08XZKuYF3hPJrq8g
+ eerimation,UC_U9qbSmGkElnZYfu978O4Q
InfinityXFilms,UC_XeQJy4utgerQw7n8z4EpQ
*-ùìö·•ëùúõ·•ë…®…® ùúß”ô‚Ñì-*,UC_guqoFjgs8hxoInqmkKOdg
XCOM,UC_h2l2T4FrJzfdMF6RbOrcQ
‚Ä¢Bad Girl‚Ä¢,UC_m4Gc1kUJbQUo9bnpM99KA
‚Ä¢[BrightLand]‚Ä¢,UC_mG36J85-KFIJWWAqTBL7g
Oryx,UC_oyTDgYLP_OFrpKWuB4U6Q
Bueberry,UC_qvzdIREYTzOIP5d4-E9YQ
NarutoPlutowrld,UCa3LaESnSElVajaTF1eVUQQ
The Jerry Springer Show,UCa8lOb_-AP7ZlaAE5IGzk4g
Kolorsrttt,UCaHAH4AjECn3s1Vz1ucbolQ
üçÄ‚ÄîùêÜùêöùêúùê°ùêö ùêÅùê´ùêöùê¶ ùêíùêûùêØùêûùêß‚ÄîüçÄ,UCaLEEzakNPsPvVsVpIYpp9A
ResinWoodArt - jedrek29t,UCaQRmy4Beww-riYiV44qjhg
JAWZ2232,UCaVZP-uMMSadnt1e_s4rwtw
WatchMojo.com,UCaWd5_7JhbQBe4dknZhsHJg
Mercywashere,UCaagzYN3A1NiB4GfLw3rNCA
~D A R I U S~,UCaax2CpFbd5t9cT7Xz5fyRw
Decoding Data,UCacX_njw0jfPED4Weensu2Q
Skeeter Jean,UCadMpX28EMXTCYYBg1DUJIg
WobnairIg,UCafmrU7HFQ_JCpk-Esun_jg
¬∞Sugar‚Ä¢Sleepz¬∞,UCahCBqDmexpeCq7PpqOw1ow
akani‚òÜ,UCank9V_I3R7ewa0XnCRX99w
Mountain General,UCarkX7HIiz0YAJN4z9tvpvg
Kiraaa‚òÜ,UCauQA55razBU0InEC8opaeQ
Squared Media,UCawEP-InoKYKutsgq_vqIXA
Steven Here,UCb2BQnNvyncaf8yk0AmjDNw
VIL (Vtubers I Love),UCb2KfzoWlwCMYVqAmMH3p1Q
StealthGamerBR ‚Ñ¢,UCb2PTdRGKwLjOJQtSW2YF_A
stege,UCb8uxy6gajIgT0_qNeCVeAw
Lonely_Melon,UCbEmbXeCniPUcyt2630qBGg
‚Ä¢Vunni‚Ä¢,UCbF-5M1qfIfO5CduluS0GYw
‚Ä¢‚àÜRen√©‚àÜ‚Ä¢,UCbGjl9nbinR7_osmWKXQylw
Mr. Frankcan,UCbHkhmvwPYPApcjV1JMVM0w
‚òÜ himiko ‚òÜ,UCbJBsmu0DRDPfnnhy4o9OvQ
iTzRease,UCbLKwtxsosz2xRrwM0vOqHg
êîå  ·©ô‚ÄÉ‚ÄÉ ·É´·•Ü·•£·•£—ñ·•±‚ÄÉ‚ÄÉìè∂,UCbPxWwi9WiO1T5MOd6qc5zA
·¥π ≥Simp,UCbUPymEn9knsbzRnjlNyveg
xMoqax,UCb_LtO14bS3ADYZtcneE-Qw
chione deer crow‚òÖ,UCcDTwurVeVtbbcLBSQe453w
Rosa Mar√≠a ,UCcHX3U8CMeuDcS8bjX8jeBg
„ÉÑ DEKU ISEKAI „ÉÑ,UCcKLqbl96trOuOQ6GyYaB9g
Twinkle Toon Animation,UCcMpwWYm99MrDffEXSI99Kw
lousi leopold,UCcdt30E-Gb2PmFEdU9FTbCw
ùë©ùë¨ùëµùë´ùë®ùëπùëª TN 26 ‚úØ,UCceGD6wo325PuuVeY9apB-Q
AlkalineExpert,UCcmcHTDwL_PQdPzvf_d-CXA
Maxkleer,UCcmqUen-Mz7DWSGOx2bbBwA
Maury Show,UCcoB7_8vWOW88GIFe_SXv6A
ÍßÅ‚òÜF√¥x‚òòÔ∏éÍßÇ,UCcsoCCdOPHO5TTFc_pkOwVg
ùöàùöòùöîùü¥ü´Ä,UCctitbTtIY7Wr2Lc88kPe-w
ChristopherOdd,UCdAy0KqpdA2Lp2_Qp0yNk2g
Jamiehugss,UCdXizQxtgEdD_p7a1sP1Vlw
Zeisix,UCdXw5foAPN4dpaogM1ssBFQ
ÁôΩÁ†ÇÁ≥ñ ‚ùÑ,UCdYo2FuPGVwlViqZUIVZjQg
Ash and Harvey,UCdbZiW33-bKixpwpC0OX8tQ
Niko Omilana,UCdcUmdOxMrhRjKMw-BX19AA
Japanese Food Craftsman,UCdfhVbZsOMwRn4A0LO5k0ww
MooieRozeüå∑,UCdhKOyl_qBvJgQIG99XLfkQ
‡πë‚ô°√∏dd emik√∏‚ô°‡πë,UCdk7288uja8Oxe-Mx-WvW-Q
iScary,UCe1vdpT6dT7lb30G_thOqWg
Sare Gl√Ætƒçh,UCe3MLNXZ-kpgVryf2QKyd_Q
Nezuko-Chan ~‚ô°,UCe9SCFvAsepA861aIatO2Wg
TotallyPointlessTV,UCeB2SugEDUZBlS_5PgniDRg
Tippy,UCeF9TVFwCNC_75YlnS80Z8g
womwommi,UCeKlDwL9EwBWS7UXnAHGlEg
‚Ä¢mooxie‚Ä¢,UCeOXwsndjrb39gez-XNxkeQ
‡∏Ö( Ã≥‚Ä¢ ‚ó° ‚Ä¢ Ã≥)‡∏Öùö¢ùöòùöõùöû,UCeQE3IfSnwWWwAzihMJWafQ
The Armchair Historian,UCeUJFQ0D9qs6aVNyUt9fkeQ
ShoMerkie,UCeVEd2QXYyL1bQOlie_DuTw
ShinosuriGC,UCeXle_0CXSMiGg9L_u_6GJQ
Shadow Fandom,UCeaig56yhLKPfbXYO1C7QGg
Xylosilence,UCf-BPyyNhX6kuJdU-8-bIVA
‚Äî kqizlyn !,UCf01xPuHMlBSOp-kmftGV5g
veegeeplz,UCf7N8n9i5yo09NzKSHSBEug
ToastedShoes,UCf7P7LZsVOvv8KWs2p1YINw
Koifish,UCfQhdC0i9MZ9Gah3DTafedQ
NotWillow,UCfS6eHdvVcsSz24AwVE2Dzw
How To Beat,UCfcQPMZg4tNk6tKUTHbAr0g
The Infographics Show,UCfdNM3NAhaBOXCafH7krzrA
UVersusPro,UCfl2oad92BwBMsZV7ztVtkA
Hazbin Fanworks - Comic Dubs,UCfpJTphk-IGm-XKMSkWnO4w
Ricardo Walker,UCftwalSqtTz3GY-B4GvxudQ
Trex The Legend,UCg0C5439kOYIP3AcIL-C-rA
Welyn,UCg4XK-l40KZD7fLi12pJ1YA
TommyOutit,UCgAyQyy6x3L-tmM1GICelGA
Kianuma TY,UCgF-diRSVFBCxGqbmHCZSag
Pixlr,UCgKZRSipLUH8I6gtVFPH7LQ
Strx30_o,UCgN5e3ntl_or16ioCByTNuw
kreomn,UCgTSIjUQffOnckDI8ul8ThQ
Mr.Chicken Bannerlord,UCg_Bi5Gn1IPw6C_1An-pPfA
Mullet-Man Comics,UCgaUhKGduoJAJSAJbWlbQwA
zoro-mandem,UCgctcsHH--4RnyQPgVu60OQ
ùò¨ùò¢ùòªùò∂ùò∂,UCgukIKZpB9cFkamEVijPfbA
‚Ä¢Just Black‚Ä¢,UCgy7zc0Z1GRnBaUEMBQuV_g
FeedBackGaming,UCh8GAqXvXDgQPJxvwTWoXug
Top 5 Scary Videos ,UChE2XVkaaQBR-ly3LaDjheA
YaBoyRoshi,UChJ73nb9I4Xq1bzc0a-j-pQ
VintageHost,UChZ7h3zmct-aqWbqHDZcoCQ
CaptainSauce,UChZD0fgllE2i-wUlgQV_9pA
AlzaboHD,UChjvn1FAS-NM-ZHquro2GZA
PastelGlare,UChlQn5-kEwOAlfP33259myQ
[üéê] Mio_Lamet!!ü™∑,UChq_0FqyELbrm8TjwBRHdUQ
M‚òÜnty?!,UChsekTzFy8QYD-VLcKNX_2A
Little Sophie Bear,UCiFmaULFPJ3TFk7oQGfdbXA
‚ãÜùïØùñîùñëùñàùñä‚ãÜ,UCiKWdd3YuclcfRtQnGU-W6w
Daily Dose Of Memes,UCiTgTEoeEwSw_Rdm7pyt_iA
CoryxKenshin,UCiYcA0gJzg855iSKMrX3oHg
L√≠neü™∑,UCic1NGprnWtY8XX6DNjMjmQ
Gimnaeng,UCidPqWVv4xjsQZggwtsQ8jg
ÍßÅ ùê∂ ùëü ùëí ùëí ùëù ÍßÇ,UCigUoOGelSS2wyAd-TRGnjQ
edepot,UCigeCuZfXl7pJKpB46AO0cg
‚Ä¢‚ô°ùêç.ùì™‚ô°‚Ä¢,UCiiRXPt01NNFtN49N3ceUxQ
Free Documentary,UCijcd0GR0fkxCAZwkiuWqtQ
Yenii,UCivWKMWvWVDrJyh9Oxk7FZg
Zieley,UCizsfcITE0GkHlS5Rp5oXjA
ÏèôÎèÖÏÉåÎãò,UCj1rPkp3eNwZmbpdATy7NQg
Friend,UCj2kXY11oGCn4z3Pj185XuQ
Lord V,UCjMb92YdDv7qDYCi7SFj1wA
Suncelia,UCjQ1O_ZtzVjB2JHWnZ8nqQA
Burnsy,UCjTAErvss298jw4weWr8hMQ
‚Ä¢‚Ä¢Galaxy‚Ä¢‚Ä¢,UCjV4Fz3dY8_ICurKwadySCQ
Snapiyy,UCjXMoTV6nMR0kaUFRvbs5bw
Hacksmith Industries,UCjgpFI5dU-D1-kh9H1muoxQ
‚òÖ ùöÉùô≤ùô∂ ‚òÖ,UCjmrlmghWdgEf3jJR5s_tlw
‚òÜùìûllie_artz‚òÜ,UCjpBg8grbgL_8QhKNU47qiQ
ME Kay,UCjulFWPNA5w0mCZWuU45ZRA
XxMellow_HeartxX,UCk5NQeE3QN0tdhUJDDrPM9A
SpookYouLaterz,UCkMwqBkoNVvJHjlUuflsYUQ
fellon 1003,UCkN2vuB7kty2VxkrVeHxjVg
Git Gud Fox,UCkQrHgw58zZtE0r_z5lKNeA
„ÄäùëπùíÜùíÖ_ùë≠ùíçùíÇùíà„Äã,UCkR3KgSHd7YWhKCyW6BwoyA
Charlie,UCkUdeK_mLNBhg-OYfyKN2eQ
What,UCkXN4HdKYWWv0LSfw7H9-Gg
Tio Lu,UCk_pl8hwixp-s9vTseLRzQw
MERPTV,UCkbf6XcPiKbK9motaSxbi7Q
„Ç∑Ô∏éK·ó©O·ñá·ëå„Ç∑Ô∏é,UCkbqJwBw9sU5mSbqXBuqz3Q
The Amagi,UCkbrlVKUj1hjQ9Bat0CvJLQ
Yoltzin_OwO_Ch.,UCkiIRhr2w4ld-Amhv9SnFfw
Mr.Gibbs,UCkki1Oxs3XucD2NEUoAcXiA
Spudling Productions,UCknERD_LR2bgPfghc6XQ2OA
Kaiser,UCku-D8Wh6aaFdj4xMvjaE3w
Yor,UCkuVcyPSWxbQrl5FT_MtZTg
Indie Fuel,UClBQzyYu99mSIcVUMkjAOiw
History Bombs,UClG42DdZorNSFhwz2lCsKKw
Dead Squirrel,UClJ38gvUfmqrAT-hGsIt6Lw
Senza,UClb7K6g_jV7nb7v96pKXnNA
ink zalva,UClbi62EQRznbLeI-U5YUF7A
SnapSnap,UClc28XCeeUZAXDit0kIhvuw
Scottworld,UClcjiTA5i62gHFg1GYOW5nQ
AlternateHistoryHub,UClfEht64_NrzHf8Y0slKEjw
ùêãùêûùê¶ùê¢ùêû__ùê™ùê™,UClwByOqFfKiMEGDNW_cMqpw
WhatTheArt_Channel,UCm31Na9lpWHhmmbFASkVz0A
DA Group Education,UCm4JkWbu0FlL4EWeGklMHPA
tomatoanus,UCm6GSA5OROHcIBNkXkH53zQ
Miixie_Piixie,UCmA1dg0Ozs_VWZBbBzNfa7A
‚Ä¢FreakyFortune‚Ä¢,UCmBpIOEwvaKLl94Y57YrjsA
no one important lol,UCmHp1kUHesY21lPUhVuziiw
iSorrowproductions,UCmKdqsvmV6e7Pwy7N2PMnnA
Interesting Ideas,UCmLoFWVdBPV8ZFM4LQ_aCOQ
Captain Eggcellent,UCmYuHwdOnUCH2wGkFnEZ7OA
Maxiq,UCmgOCibflFwaslTaKLP9Fzg
¬∞milly_tt,UCmjGS9ngn7GYzfWVKi3qPrA
Luna üíû,UCmjzFrr2eOngHwxTV6nFLTA
ArtSpear Entertainment,UCmv8PJ2JcIsHQ-2ivtziszQ
Sonny Evans,UCn4JrFLNPAXRd9Tpk7DcsLA
BizarreBub,UCn7Ef9w8dTXyk9kNgti9aWw
ifoundjoy,UCnLTa5qmpT_JZOK1ZMCDPAw
ùì£ùîÇùìµùìÆùì∑ùì∏ùìµ ü•Ä,UCnQ_ULUyimSlbP9Ldxc853w
SML,UCnSWkrRWNQWNhDusoWr_HXQ
Mortal Kombat Reconciliation,UCnamZ4wX3EATMltdtgC0Rvw
Emmanuel N Phillip Hudson,UCnsaL4sPcWRpWm_o1WuFUng
‚Ä¢{ANIME_GACHA}‚Ä¢,UCnyc90M4B5R-0FnYMgMxzUg
TheOdd1sOut,UCo8bcnLyZH8tBIH9V1mLgqQ
Silo Entertainment,UCo8q1BVz59Yepk1QPGKLElA
‚òÖ tabyrin,UCoCPZ3VDYpgglZBfQW98OhA
Woody & Kleiny,UCoGForHQAmk0_9rI9CABeYw
Arsy__Ii,UCoKHRedCFTy2FKw1B9BfhxA
POiiSED,UCoUddkWzlmw1cExDMphmFkg
Caveman Hikes,UCoWe6FYpqoA-zr7Yav0YP8A
‚Ä¢KikuRu‚Ä¢,UCoXmixKTm2evZamghTZ8mJA
Mekel,UCogK8QXzia_Cbejl5uk9LkQ
MilkyyMelodies,UCouD8uM_hrbWtVdDIWf4LFg
The Best Medicine,UCouZD-FyEI3zmKV_xeCdbGQ
‚ñ°Imagine‚ñ°,UCoyuBKheXiyDJdpWNNXvNZQ
Sergeant Foxy ,UCp-7eKPcWRM3nEmim54k93A
KingHadesTV,UCp1CRu6pzEBj5Jy5UrnZANA
‡ºí Nadia Gacha-w√∏lf ‡ºí,UCp8jTHwdOruYwgO_BsRJJxA
Malicious,UCpOUq_dzSW45ytfp6RpmKnw
Lifetime,UCpYF_3dMxbTukeCG2GsgPbA
crymelt,UCpaCprFX3Lm10g4-7uvj02A
≈Ç√ª≈ü√Æku,UCpegr_Dt7Pfug-n4YJAgxrg
Diamond Green TV,UCpfVkJQsEivvs7Jhkzwe2zw
What If,UCphTF9wHwhCt-BzIq-s4V-g
neteyam_ sully,UCpjjVZQRJe-oAMLzIK4I2gg
Kanel Joseph,UCpn_ODet9knMmEj5DB0_KnQ
theRadBrad,UCpqXJOEqGS-TCnazcHCo0rA
‚Ä¢Dark Chan„ÉÑ‚Ä¢,UCps61F6936iFZ9Z5f-yEXjg
Temiko ruby,UCpzQTsiv9R82XxyFwZwAHcg
WillySaintWilly,UCq0s3I80Crz3bHDsZl3xj2Q
OmarGoshTV,UCq52Fv9Jn7js4neFjaju3Fg
Acca Berry,UCqAXlorm-5mf4u748izczgA
zvallid,UCqOF2TYC31xcLV6fIv8SWEg
 ARG,UCqQ_58r0-EgO62Tz6-5S84w
SwinceBall,UCqSl9EYLGN8okNaavs7kmVQ
TLC,UCqf2gzmKtH3PaAbt-qgFFsw
·É¶Shiamaru-Kun¬∞YT¬∞·É¶,UCqhPXPWL97eZNz7u08K344Q
Brutality,UCqiImqRKDemSEcSuvDrdKRg
Bread-N-Butter,UCqxRlqeuCpQf9VlUV8-0hvg
JstLylian,UCqxUn4jLVd-RK95WS8hQw-Q
ZORRO,UCr2JI3DskpnxVN8qheetVGw
Eryokas,UCr34u5mSQMxEkW_EtBkjpVQ
–ü–µ–ª—å–º–µ—à–µ–∫ —Å –∫–∞—Ä—Ç–æ—à–∫–æ–π,UCr39CmaxUkxWz2Pb7frTz2w
N60Sean,UCr3r4kU4ncrNLYst7QOpoqg
·èó B B ·é© ‚òÆ,UCr70kGkRyvbJm0xVRTGarhQ
Torriku Sotaru,UCr9JGkmYwlYixxb2xpX1nXg
Symbiote,UCr9wM6lnwFAMyqgCxvn12Sw
–ú–∏—è –ß–µ—Ä–Ω–æ—Ö–≤–æ—Å—Ç,UCrAVVicqP1w60K5_YONO0Rg
Joetastic,UCrGi71OU7oerzPurEOaVnTw
AlamanderArts,UCrKALqbmByqCdhVTapbsVkA
…±◊¢‡™Ω‡©Æ‡´Ø’ê◊¢_ùìØùìªùìÆùì∑ùì¨ùì±,UCrO4olRyTpZJUdFvl56OnmA
Chris Ramsay,UCrPUg54jUy1T_wII9jgdRbg
VOAdam,UCrQUz4jFv5_sZLffjURROxg
Toruka & Toru ,UCrRSpBn_vj7HGNb6_nihgPQ
zNightmxre,UCrTwVf5BhTRqhIKo6WpLv-A
BustaSmoke?,UCrWuPlsq9sIHS0NGWumz8Kg
{‚Ä¢¬∞Haruka the Strawberry¬∞‚Ä¢},UCrXcM2uD_fBbcDGuY6nEYFg
NicoIsCold,UCraH6ehjjUB8TuIJZakgi_w
„Äú„ÄéÔΩ°‚Ä¢ùïÉ.ùïÉùïöùïòùïôùï•‚Ä¢ÔΩ°„Äè„Äú,UCrd6ygJzv9_VrAb34Ij5iMA
CrankyTemplar,UCrhsRbUnUWTUDrquMBhmS6w
Sasoyan..‚òÜ‚Ä¢,UCriCzzxSzYhRq8C3iVaHD2g
Wild 'N Out,UCrkzfc2yf-7q6pd7EtzgNaQ
ùíäùíÇùíéùíèùíêùíÉùíêùíÖùíö,UCrmMUmv9V1Ebn345PIi_BCg
ResLife at Miami University,UCroyOOB_Uv0oEFflahFf6hw
Primitive Skills,UCs8DNFOxYen3kuj87aWKG9g
Wark,UCsG5SJEN1NnM2KkBZmiS6tQ
Dreaded Lion,UCsQjGBm7feCHP22L0MqM7Tw
VITANEON,UCsWczunGcltmRxPJwDq8Bag
The Voice Kids,UCsaKxIA9snv1Wrh_sw1DFvg
lunarays ,UCsdXt8ERoo2kpXVtkpGF5Og
Virtual Reality Oasis,UCsmk8NDVMct75j_Bfb9Ah7w
Corridor Digital,UCsn6cjffsvyOZCZxvGoJxGg
Sr Pelo,UCt-GOpCw4dOBlIyqL9A1ztA
Kenma's Games,UCt1KfOUEKL1xWcC1FmKWv1Q
Hell's Kitchen,UCt1fxPc6KaOeMxdhtUcEEEA
¬ª Country ‚îÄ,UCt2-TX2sfzEof3WHnen_xPw
Ed Greenall Games,UCtDYJcZS4yTb852ubf1-jnw
Christopher,UCtKGRHbdArq4aKLweKrSOyQ
Dwayne N Jazz,UCtRDjvmnxgv6nNL6h696UYg
Mazapan,UCtfwcqHhzWbQqGA_LXli4TQ
Kaoru 3.0,UCtlhkNslVTYiP-Lz62mibCQ
Let's Game It Out,UCto7D1L-MiRoOziCXK9uT5Q
Thomas Madiburr,UCtqTRVtb0tOHTXbexXwUglg
LycanHeart,UCttRepuMsV2fFqIRY58Rr6A
YouTubers Sing,UCtvbvzHVrc3SUqQerG1cFGA
WoofWoofWolffe,UCu2OwSMtmGNzbN4EE5oBuuA
 ùêÉafne,UCu3sBfMowaZY01t7iA5ocNA
Real Stories,UCu4XcDBdnZkV6-5z2f16M0g
Star Celciloz,UCu4xoLDBTqM3-8KD-BndvFw
Nerbit,UCuDlTx7uSN_BkDHhLTaJ-UQ
‚òÜŒõBIGŒõY‚òÜ,UCuJYBPBZmsB8H8GIr7xk1tQ
DaleyTactics,UCuMGXb5DiAU2qlxjKaMmU9Q
ActionAdventureTwins,UCuM_RUD-2-3dyIsBQHNorTA
Zane joseph,UCuQrun5_o-A_dgb0ixpSAkA
Mitsi Studio,UCuXCgyOCMXic7j0_wghXnRA
‚òÖ - ùòºùô°ùôØùôûùôôùôñùô£_ùôÑùòø„Äê‚ò™Ô∏é„Äë,UCuZablyHnz3iR1ychaI_c3w
verse,UCubFvz-zmFuyrJ7GKOOkGOg
‚Ä¢Jenni‚Ä¢,UCufmr7GFc_EGnVUkoMPVtJg
Wow Such Gaming,UCugqjlk-tkE_uZnG0tDbQyg
Mini mikellino,UCupdixAe7WaBFS3wfKkj-YQ
Sunshine Space,UCusHzMfTZpeTpDPvkNt_HCA
‚Ä¢butterfly‚Ä¢,UCv6ExOUQxOzqsnSEaQqsyKQ
Merryweather Comics,UCvCtIO1it51jSkZGibS9R3w
Gamers React,UCvInsdoSCTRGQNuXe7kMjhQ
linqnor,UCvJiOn6JjvOpdJt4Ywk1AhA
zD R A G,UCvTEs_KPfVlNtV_NSNOhewg
Trina Deuhart,UCvUCST8Of2QzqMJ71fhYNig
RayZin,UCvVYeiUGfFIfeAscwXHPTYw
ùïç!,UCvVke7SfNCm9_ylUxqm-yQw
SomethingAboutChickens,UCvWYDS4aNMNMKiSIuovPQIg
Nobody,UCvZg-A9O1cHTiojlO8-KZJw
JiDion,UCvj3hNvwrEgTRkeut7_cBAQ
LITHEHFUWNDBF,UCvkIxAC-qMhp7MZmijthqtQ
WolfArmy2005 | Faith & Freedom ,UCvnVbkJXs82zBLC4yxOXtXQ
SincereSinister,UCvsXLzZmvjNdUSI9Ha7LoIw
Ottawa Welshman,UCw-WXZgk5iQLpEtn8qqKBhg
Bread Boys,UCw03U5DZGLqvv5elJvXvR0Q
ùëÜ‚Ñéùëúùëüùë°ùëéùë†ùë†,UCw8LWayhF64CdpgZSxaJEgA
lay ,UCwJluXA8uFTB5HUlpRemAMg
‚òÖùë¥ùíÇùíöùíÇùíåùíäùíìùíÇ_ùë∑ùë©_ùëÆùíÜùíêùíìùíàùíö‚òÖ,UCwLk_6kBfnjTzHzgOxUlSgQ
male299,UCwMlMoTdyG32roBKLHAkqPw
Invicta,UCwO-UgquohXwoe7f0e6lMnw
ùêànd·•Ü_ùêáœÖ·ÉùŒ±·•íz45,UCwOaC14ivBM3jQkwtYCzWXg
‡∞åÔ∏é s·¥á·¥† è…¥ . üé≠,UCwRpuhXJKFqgVSOPS4JX4xQ
Yuan ‚äπ‡∏∫,UCwUm0cRqEoVY3acv-eNzUjA
The Daily Show,UCwWhs_6x42TyRM4Wstoq8HA
‚Ä¢.¬∞IceDragon¬∞.‚Ä¢,UCwbF4clVqU4z6Ie8VN_DEPQ
Poofesure,UCwboyKXJkCiHajQorzh-agQ
Mehish  ö‚ô°…û,UCwe72tgY3lZRbAl3NPhXIcw
TheGuyWhoEditVideos,UCwgNdZ4XVWvk8Ut3SmesCqQ
Jiazhun,UCwn_VigGMFWm18kz2QwfGhg
Flora Slendy,UCwnosy1YZW8aI8zqRWxJtZg
How to,UCwoOqyyMj0Xb1RIP-ubN31A
Hana,UCwukjLMceu-pKYfrmZJUkcg
Shadow Gamer,UCwxddmc9dZcwW5m_21dCQiw
¬∞‚Ä¢ Akari Fandom ‚Ä¢¬∞ ,UCx0Ln-sn5V_ORu7AQasGIag
SilentScar,UCx2VJlyTlaVZxsRed5pgtYw
8-BitRyan,UCx8vbgWs666cAS7wsKos5sA
urlkenny,UCxAOIFCrwPtEB-Vm6pElwYA
Rocky Rakoon,UCxAvWiU0ovMU9LI5nAX9pag
Erik Grankvist,UCxByVUuLdxxiqQVmbOnDEzw
„Äé Ladyy~Klee „Äè,UCxDu9m0WAxT5szFeWOl-pqg
twiggle,UCxFSkOVvj2RAevD6IbXUEDQ
TU TE CALMES oui,UCxM-7Rz3oh9L0IhoeuQCdPw
HiHe„Å≤„Éò,UCxfSe6Bjh2qPIO-q3VgyeFA
kaƒ±a.,UCxjstsctGlxKUFZz_Gtef4g
Markai Cat,UCxk2JVOpDu4NKh2WTEVFyVg
Storian,UCxp1WRhWt5-o90KusH09lhA
Brux,UCxuAWlvSGhAM6aUY7-T5rJQ
ThatGuyPredz,UCy7XUQ8tju4rB-9ZNAiEOsw
ùôïùôñùôòùô†(‚Å†¬†‚Å†Íàç‚Å†·¥ó‚Å†Íàç‚Å†),UCyBAzdhAADoRmcEkpr0TOIQ
Jairo Mendoza Animations,UCyFNl3uVys0jlzcE4UG5YFw
Cat's Ventures,UCyFWCliReeid7Xrqiq4TNrA
Mikhail Poltavskiy,UCyMcLMMeIpR6rqNi44S7n1g
Jynxzi Live,UCyNzZ1wgkOWkzYE0zbs7zhA
World's Strictest Parents,UCyQjInAV-qGk53jNtrKdsTQ
üêì Lixx ü¶Å,UCyT67VNgCKbXAOFp-ab8quA
Rain G.,UCyTxYK0FjR4bgU1IeupqLCQ
‚Ä¢uni ina‚Ä¢,UCyVwrI82NQAbE0VvYyo5IMw
MoreAliA,UCyeVfsThIHM_mEZq7YXIQSQ
Slandja,UCyhlgRhEq1rs_a82C8L4fOQ
Niu,UCymUhpLiJmFXkhPrhIJsZ_A
Melly Vuong,UCymd1Ga98tQX1Fajc4eMSdw
yuakeo,UCyoUBKxl0uEEC7Ppe3CgglA
Sofii Tinget,UCyr3RkUIH5k_J2SLLGCHqgA
Papa Berto,UCyrDV7odNfwwXvAXr8b0lCA
Rosie,UCytw1AkNQBp_mXmaqblYY6Q
Maxi Miller,UCz07vqtQTvW6VFDkZr9fFmQ
‚ô°sryx‚ô°,UCzDAA4ymPUVT4rzwd2M6okg
GrayStillPlays,UCzEy7pi3B7TIS9cn_sdKK9A
Camila Cuevas,UCzFUs-fmDxTSIoaWYeFFyOA
kishinpain,UCzG9rE-_zcI0yN5Vvt39M_w
„ÇΩ„É©,UCzI2p1IRZaxMvjW3hiD_g9A
Hakuji Akaza Soyama,UCzIun5mvpIX2NnCOSznBZVQ
ZackScottGames,UCzNhowpzT4AwyIW7Unk_B5Q
JT Music,UCzTdZz7z2sPRGCImodwOw0g
Uzumaki Snowy„ÉÑ,UCzTtKgIgHERAKVjUeLTD5oA
Tabsian,UCzVhq0h1YzSSqGwIH9-4LTg
RackaRacka,UCz_cDc_2arKIb6SlJoqFT0w
MonaG,UCzazg0yMMV6mIrPKfis4glA
Vivziepop,UCzfyYtgvkx5mLy8nlLlayYg
AU,UCzswOutrYD2lJLQF0yoTMDg
SML,UCzwFZOhCfCZTgLruMz_RWCw
