Dhruv Rathee,UC-CSyyi47VX1lD9zyeABW3w
Probase Ghorkonna,UC-zmoVMud7D7iYQ9KfIG3rg
CarryisLive,UC0IWRLai-BAwci_e9MylNGw
RAJA JAFRI Advance Hairstyle,UC16GIa_tJhuAL9fLt66H_XA
Sumansi Sahgal,UC1SjI6gr88-kiIwZuWIj-nw
MachiavellianStrategist,UC1c01Sz-D_aNEUEbUBxwUJQ
Alex Olsen,UC1psh-se8muKzdOuaKAJ54w
SVF,UC2GXNqco-k7fwg2SMM6SAzQ
Harshit Plays ,UC2xwGIxLvtRU_6JzOFqDpGg
E Activities,UC3Eu6bxbZNMdWb8ZZKpcqYg
UNCENSORED with Mario Adrion,UC4Y5sUw9qeaED6t4odskTow
Sakshi Gupta Makeup Studio & Academy,UC4ob0b9Q9VZND4aZj6QQtJg
LionHeart Mapping,UC5Zh9PQ5IXLQbXMBun9j8Bg
@Sokher Blog With Manasi,UC5vTdIRqriAYWSI1Yw02uNg
Nitish Rajput,UC6WzPg6yxF9dQx2_O6R4lww
Reena beauty hub,UC77T-VnoXxYpnt98TtZ6nOw
villfood,UC7kik35dej0CfocfkncN7dw
Master Deepak Hair Expert,UCAWMiKazBiRqJ1tfPU0y_Qg
Being Susmita's Vlog,UCAdSXV_R7G6roVOVFKOFqHQ
AB Music,UCAlihnxkwUQn3YtWbnctN2g
SuperXavier,UCBhKsmSx-fXcJpQtGFwoqDg
New MT Photography,UCCLY4X3h6NI9_Qp-3Yqfgeg
Youth in Politics,UCCpCwbZcf4bJ8nYcTgucFUA
ET Now Swadesh,UCD3CdwT8lTCe5ZGHbUBxmWA
Coldplay,UCDPM_n1atn2ijUwHd0NNRQw
Roberta's Gym,UCDUlDJcPPOOQK-3UrxEyhAQ
Aliain,UCDZF0Rwyu8MlkK7Wmh-G1vw
BingeEdits,UCDuNWpxMO8eJtJdOWFxOdkA
Trakin Tech,UCEPL07qzVsOcHd3sMUws65g
GCmations,UCEb8GTPXAJpA25fsRuvMttQ
Husavi Productions,UCFSXnp2qazJBNU-FqOaIKCA
Maanya Arora,UCFXSlNyKmSMqOi22c4zLKrQ
Live Insaan,UCFwKgzKe-EdTz83r6wzhmOw
Phronesis Investor Academy,UCG3nbUbEJOmOdK-TAezf4Zg
stakuyi,UCG70W3nzRJ2ILbL8orxkBJQ
NIFM Institute,UCGEZbFD3rupWYIcfm-bshmA
Possible History,UCGQNwLGt7oFYC7XpUNqqSQg
Scroll With Ajit,UCGYbbRsgO5sx8yxoX6Hifzg
Dark Friday Nights,UCGy-cqXNtHftR2_Yrj1bymg
Mission Motivation,UCH4vfODce1Qd4nGvhCOvjRw
StanChris,UCIgoHteZUxzgS7D80r4gKyg
iBIJ anime,UCIh7LyqSGEmwJRCy9t4XRjg
FIFTY FIFTY Official,UCJEER74X9kBenMT_x9iK9Mw
TheEnforcerGuy,UCK5-1HS4-iBJgzHl1xNs6_g
raj.edits__,UCKJtgIWOFsolhcCUUctcKRg
SuperCarlinBrothers,UCKZo4N0lVPccBkSiuyVh4yg
BANGTANTV,UCLkAepWjdylmXSltofFvsYQ
Avinash HAIRCARE,UCN-OGBa7jwcDceuHtgJg3bA
Lady Gaga,UCNL1ZadSjHpjm4q9j2sVtOA
Arpita's World üåçüî•,UCOCTZvcEnGaM7t2bZEMt3cQ
Technical Guruji,UCOhHO2ICt0ti9KAh-QHvttQ
Sarvinarck Music,UCOq8stRrLaods-EFO_7Ir2A
Sabrina Carpenter,UCPKWE1H6xhxwPlqUlKgHb_w
Explanation with Countryballs,UCPKYwCDzZIRMUuTiJ5N50VQ
The Shinobi World,UCQButs7JPG0OEn1GuAKqWVQ
Gurman vlogs2.0,UCQEJYHcANmXYEOnXTDDadBw
ZXUN ASMR,UCQKs9r-PyIZWgnGQdJWzjHA
BKShivani,UCQdyCrZpGq4Bbu6V8LPUDWg
nooble stories,UCR5s_6eN5bsiTZ9YpxyD3eg
DancingBacons,UCRFj4Yj1nKhgrT-_8AUsaDg
Sparkling Zone,UCRMTnBYoOFUwHY61b6jGyeA
Relavel,UCTB_U51EDZUTsZO4n5eKPeA
Banashree makeover,UCTWolmVZinxJcPIK3UpKZWw
Shruti Makeover,UCTgqKYL8LfXeXo3OWMO_-cg
adi‚Äôs teaching - Learn English Easily in Bengali,UCTj5n_cAxfdAdSwcJfBPvQg
Would you like BL Sandwiches?„ÄêManga„Äë,UCU2aWvDzE0_UcTIe2ctptQA
Medha Bandopadhyay,UCUi8WFHUvhVZrgwTx4Yk-5Q
Total Comics,UCUwcXrnSC8iKRmPQgrscWcg
Travel With Koushik,UCWUN23k_fPGFVYwVO7p-uWQ
Mario Adrion,UCX03fo4otJKILwWms076PDw
Anthnwam,UCXu-tGuK5-OMGoT5YpgCItA
XceriTTirecX,UCYFy7KilM2hb1WYCZcQTDog
Anik Maji,UCYM6wzbvOCQB6-hR8oM4ILw
Rewriting History,UCYf-oo-ULlXA_Cpz1rGFvMA
Raise The World Project Now,UCYnDHOVTV03vqiztTBnRFgw
sunil Kumar creative hairstylist,UCYtkDmUOKLsGJ_VCZj2DjsA
Stoxime,UCZ_NNbKRuv3pBlnPVVXXA6A
Pooja Chaudhary,UCZojVcix7-6JWdLc7leWY9A
Ninja Gaming,UC__3NFmziRX8XQs1fxPT_RA
Mountain General,UCarkX7HIiz0YAJN4z9tvpvg
Jack Jerry,UCbVyHvS8z7cUJzKiPB_XiWA
Techie Street,UCbhszNeLnmEauOZa08dE_Nw
Tovarish Lew,UCcXx3rMpDfN1_BPUBUmTkYg
Calligraphy Write Shorts ,UCcqaFbjXPj8f7uoiIYs-C_A
Jigyasium,UCctOUwYkHltcrf90zAMIrqw
Kaisertum Cinema,UCdoMwimDodEj69D-m1ABqjw
FrenchWhiteBreadHOI4,UCe5l0uIKM9rzGRFsV7LlZLw
Pratham Shaw,UCeXd-HpaJcar2a99x43QNQw
Indian scientist,UCfg3jc9rICOuePgnpq-OhXQ
Noopur's makeup world,UCfwttXGGaBt6RLXLEGY9imQ
Readers Books Club,UCgI26KNITusiGOFL6MLz_8Q
BobBox999,UCh0kgTrVRHWoT00KJC8G_6w
The Bong Guy,UCh5bICCatQ70Fx4-jwAmWKQ
2K United Kingdom,UCiPoVVQSXSNzUYaCUGcl8pw
Aleena Rais Live,UCjLPS62jAAacLvpjsKT_7_w
GVG MOTIVATION,UCjbF4wTpjaTVUFKTdawL6SA
The Amagi,UCkbrlVKUj1hjQ9Bat0CvJLQ
Trakin Shorts,UCkm0j0CQdElEFtWw7agfOlA
Lady Cuddles Meow,UCmocHLE3HcrRzqdfGogk_IQ
hakan hi√ßyƒ±lmaz,UCoZRICU0q4ZarfTlEZgZqbw
SAIYAN,UCpDXtPfRJVStWTCPkB41IVQ
T-Series,UCq-Fj5jknLsUf-MWSy4_brA
zvallid,UCqOF2TYC31xcLV6fIv8SWEg
SwinceBall,UCqSl9EYLGN8okNaavs7kmVQ
StudyIQ IAS,UCrC8mOqJQpoB7NuIMKIS6rQ
Colonel Cam,UCroRq_2nLagprhJBMuNeE4w
Amusing Rii,UCrpsOBek4n-CQEckzt8AIvQ
The Sham Sharma Show,UCs0kMbzhUYV2lhIV7xoWhoA
Studybuddy,UCsUDinOK1s1V9LXKYgJj7vw
Rupali Pordar Anime ,UCsW_3m0R8AWYXhjZ_TuToJw
TED-Ed,UCsooa4yRKGN_zEE8iknghZA
Murilo Climaco,UCswIMvRYk1G6sQWwXyVZDZw
DarkDynamics,UCt0SMZB-AHg4_KKsccj4j5A
Dhruvi Nanda,UCt8o4BHHeFx1PRU8egj4cvQ
Pushy,UCu_opCOiISpJqX2wtJglQkQ
 Anik's vlogs,UCuecy6XcxKlPnxwYQNqOkYw
Mark Darwin,UCvslwtnK99PwgEInK-ua6Qg
Creative and Education Family,UCvvlQsYAG85Pa1gg2R3VTwg
AashikaYT,UCwdId8UV7RSqNu_0InT1oyA
Vidyarthiindia,UCxWDLVXlBPz39B56YahOVlw
Noopur's lifestyle ,UCylyHts_TXnr9w6kHiawloQ
Khooni Monday,UCz67TNWBqU38S8VRvjDO2wg
