Tyrecordslol,UC-A2WBfHTnWkhNvehNo-MaA
StateBalls EspaÃ±ol,UC-Snb8a5JoTQAOsKzrQ1ESg
VIZIO,UC-jR_WgdaUrr7M974mXQlRg
Alegria hila itzco,UC-wTwpmGteG2y5ypZ94PRHw
albert_cancook,UC0NkSnlCOhoODbykzZwpiDw
PANDA BOI,UC0Wju2yvRlfwqraLlz5152Q
Amaury Guichon,UC0fvGpDXi7sV2hbgD-O47yw
benBEN,UC1KLxfKcQMv27797H_Pxmww
Peet Montzingo,UC1WbRuMMzbzUfBG65x1FmXQ
Harry,UC1riDd_mg9QfW2P59iKeVqg
Fantastic Fungi,UC2HEFTfAFMLw0UVvWlskiJQ
LG Global,UC2SIWgqcys7Gcb6JxsFTm1Q
Guma Cook,UC2YEFur8hvU8XDkw74yVOxA
××‘×™×¨×Ÿ ××œ××–,UC2ZdTREnSgDmG4ZSM_uLlvg
KnowledgeHusk,UC2_KC8lshtCyiLApy27raYw
××¨×™×§ ××™×™× ×©×˜×™×™×Ÿ I ×¤×•× ×•×§×•×œ,UC30wWqOnGerlF6ZQgovvQLQ
VuxVux,UC3HY3mmn2hBenusN53K6jZA
Orange Juice Gaming,UC3S6nIDGJ5OtpC-mbvFA8Ew
The Mannii Show,UC3iwxKMRg5l2aDG_8XK2nSQ
PAS Magic,UC3xjWr5aCjxbjg1JYxmeyRQ
ItzBran,UC4DmiLg94JMXUZyc3uG5kMQ
Jolly Josh Sussman,UC4Ifp8gudSQzJLmh4zdZY_Q
×“× ×™××œ ××˜×¨×•×¡×§×™×Ÿ,UC4K0GxtzDCDgZq6TLgiyc4g
Laz Gamer,UC4ON9ZbzrFFUB8ZMO3swsTg
TTC MUSIC,UC4TbeA9r4XhkkhEIPQDAcZg
Adir Elad,UC4dAqiyOmCthfKVBjG_JXUA
Bitt3rSteel,UC4tWW-toq9KKo-HL3S8D23A
Jeremy Lynch,UC5Y1pPVNm-odhiubuRO1D6A
Shooteo,UC673AU-wNWnLmncfGWBMrKw
Andrey Grechka,UC6ABNFIGTdN41wC-PccaIKA
RedFIRE,UC6LVhrhUBHHpaMrs_g0m7hw
Histography,UC6LyRXD915GDOFM_5unRfxg
ISSEI / ã„ã£ã›ã„,UC6QZ_ss3i_8qLV_RczPZBkw
Jenny Hoyos,UC6YjT1TJaANveVGQ4vl1CIg
DVG EMPIRE,UC6jGsY5fOzGcJzQ2r-zE8bg
Datguuuy,UC73f7QNpvPRHuaCKvOOb_zw
TeGriAi,UC7AFykKphjbZpfBYY5PFdsg
××œ×›×¡ Run-Away,UC7cieKOdkQHjmcS12bHoSVA
BluCollection,UC7nGdI1YVbdj0lBqEeg8KxQ
TNZ Gaming,UC7tDyVMVf8iZrRkDnFe5ovw
Dave Blox,UC7wBAlGyHm3opFgEtUYLYlA
The Tonight Show Starring Jimmy Fallon,UC8-Th83bH_thdKZDJCrn88g
Ryan Williams,UC8DjAI26daPKmdO11zfpREw
Welix - Roblox Movies,UC8KgIhtzGu_wC5zb5gkervw
Sam Klovski,UC8LViJEjf9ruKyQ5lXluLcQ
SMG4,UC8LcA3grYZg0GNpxlXh8owg
ğ–ºğ—ğ—‹ğ—ˆğ—‹ğ–º,UC8OfuisNE1RrxJHr3U43NJA
Professor Pouncey,UC8U-FPdIXJZ5a4oh5F7BwvQ
FiFy Tells You,UC8UBd9HhAH9EBOJK35Vb_Kg
Studio Cakningkak,UC8f1qtN0InzLzYx987DzJZQ
Sam Royal,UC9B1K2bhQGu50WP2NXAs_EA
Roopstale,UC9c4IHwkMlq765cOz24fG8Q
BrightMinds Lab,UC9yFe-t1dHhVCDSee0NsHcg
TechKeysar,UCA1gFvHBn6jwhrh2qfT02wg
OdontologÃ­a LÃ¡ser,UCACIgSbF97REitKWP8K0lXA
FullMag,UCAUTncHmFWaaNo91xg4As3g
Savage Comedy 5.0,UCAWLMXCWVy3wgiZXAeU9M6g
Arcadius Kul,UCAbinsttOjP3NpPCn2G4Row
OKA351,UCAdgj8rNT5Ch33CmDDXqTNQ
Marci,UCAmSneVQJTB7QqowAaStEnQ
Dylen Dror,UCApIKLGdr_IrGihhyHVkvJQ
××™×›××œ ×“× ×™×œ×•×‘ - Michael Danilov ,UCAugs7usXh4npFmaLA1-g1Q
Chekov,UCAy1be3XRW90mJsyfak09Xg
The News with Kamera Jr.,UCAynUBIkB7gX10An54eEt4A
DruuuWu,UCB0RoMR2-RPFtvE9rJonPiQ
Banby Roblox,UCBAXg9GuovUSiwKIfYlhcqw
AU,UCCMeCQ4wtdwQuoH7TNThL1A
Mitch Marsell,UCCe25V7HF9nU0x2muqT_fRA
Morfee,UCCpgDuSBpmwc5hoPqhQF-_Q
Moran1001 Gaming,UCCr_cwKQm6jvMrxObVfIPKg
Berry Sakharof,UCD4WQq6Vmkqosp8ajByJkMw
Nat Geo Animals,UCDPk9MG2RexnOMGTD-YnSnA
TopStrix,UCDZus6Y0MC1_5q3Hfq6VcFQ
Jiemba Sands,UCDb8-E9XyZnyAA7QB_SD8Sg
Map Lad,UCDqQA5QPBQBvLy6TSaG-0Sg
AAC Dream,UCE0rCs4o2LvINT1b0zXsOoQ
Sama Shoufani,UCEKtZb3MlIBjXTEanYbOIdg
Alexavier Studios,UCERwSaKscRHDyg9QRTTzN2A
Super LangLang,UCEep3qY19FRU_nG3oBcNABA
Cycnic,UCEsLByjuhVYNE8O-EX6MYmA
Sofie Dossi,UCF0_hwTeQ73IhJuEtsUbEtA
notapiggy,UCFDKLuWESh0C9mFZZygbi_w
BooZeR,UCFIpKA0xyc6zCy9ZrfIlqtw
Luli TV - Songs and Videos for babies,UCFMQSv51DHvUQSQYwBfZqZQ
Ultra Space Balls,UCFd9onk5hGgYJZLvyLeLNuA
××©×™×¨×™ ××¨×¥ ×™×©×¨××œ ×”×™×©× ×” ×•×”×˜×•×‘×”,UCFm1qNbSzfzvA9oAuFgFVYA
Tommy Winkler,UCGZy8uySf4UUlVt4qrV2V5g
David Animations,UCGckqHT1k_jRoh51F0dHxJg
Ray William Johnson,UCGt7X90Au6BV8rf49BiM6Dg
Cosmic Beyond,UCGtHEmFUHqiVCxKApLh8Dzg
xEnesR,UCHb6TlHa5XCMV7fUjtD47lQ
Nathan Kessel,UCHr43HOeO7WHmwQ_sij6ezQ
Lionfield,UCHwpDpLoyJgtFXoAaaSut4Q
Hasasagim - ×”×¡×¡×´×’×™×,UCI5g0qAt6C-QMErtYQ24ZRw
Helicon Music - ×”×œ×™×§×•×Ÿ,UCIFsqdmdUPJuj9yhVdvTMIA
More Emput,UCIeHYjvQEgdWHMFOYoFdotA
MahdiArdi,UCJ0g_QhdfQ14LJ9sd_xoOEg
JunkFoodTasterDotCom,UCJ0q80Cg2mIUPqTigNe8ftg
The B3,UCJ2GvhrAJ2GQVPZ0auza4vw
Seawi XD,UCJvAwV3WAl2BNEFGCe7nkMA
Sugar Zaza,UCKEXuPXzhKefo5Fi5jcDheA
Bellatinn,UCKSd93my2KwQ5PEU7q-DXZw
TeamBlast,UCKZKii-4_0xjlKchxaKU0bA
Nino's Home,UCKetFmtqdh-kn915crdf72A
MasterOhad,UCLR0sdH9cn9dETLBiEAWgYA
TheCohen,UCLd_HE2306q-Y9ZB805GyBA
Dora Family,UCLev6-mPTPpPCgz8HIBf03A
BREKO TV,UCM2gFBvQopRrhEiHoMGGE0Q
ShortKeysar,UCM3MDkakiJbJ1bKQGm84Ulw
SphericalMelon,UCMJFyAUd7l5ApSoumAup6QQ
GreninjaBoy23,UCMm0l-KnT4o49_ZUry_pIsw
Regis Mahoy,UCNEOxpLrQPx8cN7G3PFqzyg
OverSimplified,UCNIuvl7V8zACPpTmmNIqP2A
BEST DOODLES,UCNxLf5EM45CWX04FpTOwyJw
Wood Mood,UCO5gl04EhuLl4d6HZMQdg0A
GibThom,UCOW-ECin_lZlrvZ56pufzVQ
Rico Animations,UCOicc9kd58k_XR3D7bTx8oA
×××™×¨ ××‘×™×¨×,UCPLVZ6G68wGtYFOuSjILL8g
Drew Durnil,UCPcABVoFfCK5gDfX0PY1KGg
Topper Guild,UCPuEAY09CtdTzFNWuqVZgDw
Wolley Plays,UCQJOurayUMfQE1ZsqWWJFZA
Sonyakisa8 TT,UCS56r87Y7q1SrAB-42brE-w
Swixi Standoff 2,UCSIVGkMtV09uObdPWyGGMqw
í¼ëŸ°ì•ˆê²½_BLAS,UCSQkftbg2z4kz4NNBVs6CIQ
Alex Bauer,UCSXfNMk35A2UUN24MyKOnsg
im_siowei,UCSgue5Dm418CCUCZ-aeUtEA
×™×”×•× ×ª×Ÿ ××˜×“×’×™,UCT-tV3dNCxYmkd9ME_BQTwA
KaiGuy,UCTz-gfx3ZXsWVL3I6I0t8HA
Azure,UCU9lPQcStIGa6PbUpj1ksjw
AproVI,UCUJKjKVB7_au0xM6Qqf2VkQ
TD BRICKS,UCUU3GdGuQshZFRGnxAPBf_w
SMG4 SHORTS,UCUbslKd64OsMpBKhGJTNegg
TampaTec,UCUfgq9Gn8S041qQFl0C-CEQ
Comedy Central,UCUsN5ZwHx2kILm84-jPDeXw
Fluffy Jet Productions,UCVE91qOw9Ke8EsK95lMuF2Q
Fact Nova HQ,UCVNqi7JQ-dTpukuqmAIAmPw
Nanacool8,UCVUCIzH4XYIWS5xOIxKF0Vg
×—××•×¦×™,UCVfonAUFMG2NxqoQs2ziY-A
CountryZ,UCVjWIUtdNizm-0eFyzhAj0g
Jokes Genius,UCVvG0bJyhDN6HCFSWY7TmCg
P The Player,UCW2uVT2o8EhwFBoxrAnoy-Q
Lead,UCWQ8smDc659LMjB5HeoSRZw
×™× ××™,UCWneVNsVMUfp7bGBQ8Pcc3w
CoolguyBlox,UCWttjxWuQBC1yqfOP0iOAjA
MrBeast,UCX6OQ3DkcsbYNE6H8uQQuVA
Benson,UCY2NQm0OE-5-inTTO8VOuQg
Payman,UCY6aUGpMOfeaCuaMsW7ia6w
Angry Birds,UCYC2wjLop-S6Ld4raeoUVNA
Match.speeder,UCYIRmiLIeVTZWmezJYPiUzw
ZOOMII,UCYVb1Bx25pOw0Y-_4obt3QA
sapphie_the_pomsky,UCZI5oNte19JwSEwYJeK37TQ
WigoFellas,UCZJXPmoPwJ0VM7aY2vWKwdA
DSM YT,UCZZNBb1ITR59h9gzKG7mzpA
PitBullFera,UCZgHVTKMmUBoMQRPiEbToYw
ĞœĞµĞ´Ğ²ÑƒÑ… (Ğ°ĞºĞ¾Ğ¿ÑĞ½ Ğ½Ğ°Ñ€ĞµĞº),UCZhqR8vidFQmvREOHefIYpg
DiddiHD,UC_38KkE0w2pwMc74n1DNzag
OGG animation,UC_BSB6TR6pAqEDCgpH2Z2iQ
Hodayushka ğŸ’—,UC_CThUotFXf5Nrz3OUvepCw
Itay Itzhaki,UC_QCJ56XLkepDyFpK47GnYA
TheDenis,UC_lXpPlivQi6bKyewGdilMw
SpaceBalls,UC_pjSU6cYSWipJkyKRRmoUw
Onion Stories,UC_qM1cdfoJBou0W2Q-rs2jg
Boss_Gamer,UCa-mLeVK4DsBrWFzIl77wtg
Jimmy Kimmel Live,UCa6vGFO9ty8v5KZJXQxdhaw
somacguffin,UCaaZFxjlHI3T_I-uFbldIGA
RockFice,UCb3xIyV8Ex68IKXiqGkK7_g
ã‚±ãƒ³ãƒ†ã‚£ãƒ¼å¥äºº_kenty_cook,UCb58mfa8JEkT7Oak1EG0SLw
Bayashi TV,UCbCJmNKAL85O1VFeD6Wj60g
Alan Becker,UCbKWv2x9t6u8yZoB3KcPtnw
Bell Bottom,UCbU32K1zqZhI5a8Q5juuaVA
ë…¸ì´ë”,UCbkMD1-53i3gqfBHfKMhSzQ
Dynamic - Brawl Stars,UCblSO0ab_BMBe53BgiVXlig
Ludi et Historia,UCc44DwqpTHpQJrCgjWVsjkA
Go lego toys,UCc98GOBybNd-Yf2jWg1x0rQ
Gumymation,UCcB2DREfHu-yIH7vymiGeUg
Bot1-Brawlstars,UCcGphVeLladRQ8afLKLr0qA
NBC,UCccjdJEay2hpb5scz61zY6Q
AIFooty,UCcgJwyfsUaaQ4urqRSRukIw
Omri Malinsky,UCcp_vFLwoboaR_Bv3EJvriQ
Binge - Brawl Stars,UCdK9awLy4uh-gSJ9fyS4olg
Brawl Beast,UCdKPQvsHRS7RgVWaQ20Bs3A
Chinpals,UCdP0jOWXsP2qIRnD-Rgby3Q
Noam Firuz,UCdTRr26_KZcZ4sDwtja5hEw
BrawlKeysar,UCdaBCnHGBj4Gk4XFoCoQAkA
AaronCrafting,UCdd1NOem5qX-QmKrRT-OB_w
Festivy,UCdzZY0n4lhswoP4zxppeqBQ
OoferGuide,UCe3mG_FncuIt8UnF-3ntfGA
ĞŸÑ€Ğ¾ÑÑ‚Ğ¾ ĞŸÑƒÑ‚Ğ¸Ğ½,UCeUGVe4-DQi1BEqdCGMJPnQ
Mark Eliyahu,UCemmTxzhwfY7D3_86dw6g1w
MineCZ,UCewGZGE1lzcWCb_uohQ1BQg
Rainbow Treehouse,UCez6_KPGd1bmixWTDBgHm3Q
itz sakib 95,UCf6M2AQayXJOr3RSvtYWL1g
animalstroy3,UCfaKTXu7DKmjsQXiGjThk9w
juiceavate,UCfcY_q2HTeSM640HDrgK-3A
Matthew Sieverin,UCfdmAsuxBFKc43Oe3PJG_ig
Tiger Rock Games,UCg58VABETp3QeEWSM-B4Sbg
Spanner,UCgfAwvz4DXPBiEob79idvxg
CarnageGame,UChAJawKCXoukSyLwUpnSxdA
Nutshell Animations,UChFs0d8syPIK6x8q4C6BrJw
RonenGG,UChSIyB6AOHUECsjIMYMCYmQ
Weegeepie,UChratm8_g--6XGqSAz7KF8g
Welix ENG,UChzjVfxoJkIvfCKwPjgau1Q
yaparatv,UCiJA7uxwKFvlo4v8gmA_Rbw
Cats Are Crazy,UCjE-sRSWiw1i361ZdS_eBGg
×©×¨×•×Ÿ ×¨×•×˜×¨ - Sharon Roter,UCjOtc3SubzaBcjtNA0NGrLA
StateBalls Shorts,UCjS8Zj-rAGVqVgJ1f-IweSw
Goblin Geek,UCjZc8hKrKu9or2ZgovKuk6A
channel8,UCjbi7g4F5gFbm69avhawRKw
Brawl Stars Esports,UCjvzNXGGlnC4jcCnhglf8-Q
Nestle Crunch,UCkNzQQ0ZKuLQEQHin99hiig
Hawkeyes Brawl Stars,UCkTgZVeKZ9-1ZUS_bkwxyJQ
TommyKay,UCl-9FxBYUjsIsC_FASvhymw
Get Movies,UClZkHt2kNIgyrTTPnSQV3SA
YouTube Movies,UClgRkhTL3_hImCAmdLfDE4g
Dylen Dror,UCmAlvz0iN8GBMtLKltFHzUg
Wholesome Animals,UCmX7Iw8rYnSEB3Q-vk3dKjQ
Kadosh,UCmce30RpqisxoEK2zsChDnQ
VoiVoi TV,UCmf9W2QvL7UsOTuh6u7KnNg
The AIxplorer,UCmfXNFeE7Nmb6_s80FqMieg
Hippytori,UCmg_kY0-FQO-BdC22GA8xDQ
Geography and Space,UCmjvfHgVn6h6j9gWqiVEAVg
 UNSHORTABLE,UCmu62cWD9tn67FQoIaJGFqw
hotdiggedydemon,UCmvXfmJEtURCEtHNbMXfDqg
FAVON,UCmzyDKRbAc2Ohg5ttVG9wow
Brawl Monkey,UCn2FHO6MSDrcSgZv_Y7teqQ
Ricky Berwick,UCnBhY8jMEZzSSuFPz6JSAxQ
Freezy,UCnW6_1UsDHADDPHLGjXX7jw
Ryan Trahan,UCnmGIkw-KdI0W5siakKPKog
Tuhin Xsï£¿,UCobRt97zzEIIeZts4R8sueQ
The Icons - ×”××™×™×§×•× ×™×,UCokKwJOtrHwdkLM3dYA5aug
Brawl Stars,UCooVYzDxdwTtGYAkcPmOgOw
DERDO.00,UCotIsWNo6GCb8vMnTauZAuw
Juan.,UCp29ssiS2zXOoiSkvBkVtOA
Ğ£Ğ´Ğ°Ğ»ĞµĞ½Ğ¾,UCpSee1dYLIkekIzSeBhO8BQ
National Geographic,UCpVm7bg6pXKo1Pr6k5kxG9A
Zach King,UCq8DICunczvLuJJq414110A
Avocado Playz,UCqA5tXN003u-18CKSICLDdg
Saturday Night Live,UCqFzWxSCi39LnW1JKFR3efg
StateBalls,UCqG3b7ktKbW_G6Zv0T6yiaQ
Everyday Stories,UCqLTlSFNBhoW_zXjOvPeMXA
Timestorm Films,UCqOecsBLULnuUtls0tISTCw
Brandon Sloane,UCqPoNkroarMkjzX-An2fhgg
SwinceBall,UCqSl9EYLGN8okNaavs7kmVQ
Dude Dans,UCqY5pKWHVq86lPb9cu-wv3Q
CrazyGame,UCrFBHFh7qwdhRsqbgEf_PJg
CuRs2D,UCrr0w_4xsji2l34HGM2nNDg
Real catmeme,UCs6XpnwzZLrWOm2aywFc8Yg
××¡×¢×“×ª ×”×“×¨×•××™×ª,UCsHnsPuzqBQvj-AjNzxQetA
teebz,UCsOQrkKPaORsoWQrOUo1vYw
RainbowQueen,UCsQcHhLqysgHCH5eix_csQg
DaFuq!?Boom!,UCsSsgPaZ2GSmO6il8Cb5iGA
Rocket rat,UCs_qwVDDvak4SWrlAka2pXA
Corel levy,UCsrVIC-fulyienoFqBYoiAA
X-Findings,UCt7hb7JB_HpLZDHE4oWp6CQ
Global wild tubers ğŸ‡ºğŸ‡¸,UCth3yeiJiq4dxP6JtgSMgSA
MaccariTA,UCtmeqrCWP5vYAmgUctXY4qg
Shri Atmaram,UCtnGU50NbaShmha7pKAPzCg
quackery,UCu0W4qVWFwNWUvknQGxapnw
Inde Game,UCuI8IbX02BxOou3ixN8BxXg
Woa Doodland,UCuNq1FHLzmmUrYYDIq_DZMg
Benji And Lindsay,UCuhgcmJfVo5J7h5qz2EI6SA
Plop ENG,UCv3qYzFfiIiZ6u82U3i0msw
Wasil Daoud,UCvRrUMKwxnJyr5lM62xOvRQ
SHN Games,UCvhSEqKAnGGlFuNyJ6Eq8_g
Tribe Gaming,UCvwd8ip8psK850ocD-Re3Fg
Zack D. Films,UCvz84_Q0BbvZThy75mbd-Dg
Tobey Reacts,UCwJ-r_SbfqbwwVMA4vYq0qQ
Adhemz,UCwKHygfd3opN04saX8qGRjQ
Ben Azelart,UCwVg9btOceLQuNCdoQk9CXg
AsmrLinastar,UCx4XhF4f6bNjeD4PrzRkQnQ
Tech Connect,UCxQhwuAIoiu534fMo2_20sw
Kathleen ,UCxRw9KEOQznoVDwSRR_QQbQ
Spark Studios,UCxbIzbjHGWr8708cpCRvyEw
The Shon Show,UCxpuZxia8JQUmgilEQhCRyg
mercuri_88,UCxuBvuxd7lU7fx-8aactdVA
Mellon,UCy5JGLGxFidDsMYzMGzzI8w
ag_soccer team,UCyOUOh_JVpkYPM1JztXoleQ
BeepTeeBops,UCyQ307e51I8NmjndkDz5gZw
LoungeV Films - Relaxing Music and Nature Sounds,UCyupwg56cb-DKlz8fg09Vbw
SpokenAuthority,UCz7bn8DES7k4cNhfE3ti7JQ
Michael Explains,UCz9vJShJtOggy3IEswQeRVg
ViralHitEveryday,UCzBhxd08adwLRd7T5K9U31Q
